Наименование,Цена,Ед,Вариант,Артикул,Бренд
Таганрогский Кирпич М-150,24.2,₽/шт,,,
Кугоейский Кирпич М-125,24.46,₽/шт,,,
Таганрогский Кирпич М-125,20.87,₽/шт,,,
Кугоейский Кирпич М-150,25.01,₽/шт,,,
Чалтырский Кирпич М-125,20.87,₽/шт,,,
Чалтырский Кирпич М-100,19.77,₽/шт,,,
Гуковский Кирпич М-100,19.77,₽/шт,,,
Гуковский Кирпич М-125,20.87,₽/шт,,,
Старощербиновский Кирпич М125 (полнотелый),24.2,₽/шт,,,
Шахтинский Кирпич М-150 (3 сквозных отверстия),28.72,₽/шт,,,
Кубанский Кирпич М-200 (6 сквозных отверстий),25.3,₽/шт,,,
Кубанский Кирпич М-150 (6 сквозных отверстий),24.2,₽/шт,,,
Шахтинский Кирпич М-150 (3 сквозных отверстия),27.05,₽/шт,,,
Шахтинский Кирпич М-100 (полнотелый),29.55,₽/шт,,,
Шахтинский Кирпич М-150 (полнотелый) ,32.22,₽/шт,,,
Шахтинский Кирпич М-150 (полнотелый),32.22,₽/шт,,,
Лицевой Солома Сланец,71.26,₽/шт,Солома.,,Белогородская керамика
Лицевой Солома Краст,71.28,₽/шт,Солома,,Белогородская керамика
Лицевой Солома Руст,71.28,₽/шт,Солома.,,Белогородская керамика
Лицевой Солома Гладкий,71.28,₽/шт,Солома.,,Белогородская керамика
Лицевой Коричневый Сланец,75.27,₽/шт,Коричневый.,,Белогородская керамика
Лицевой Коричневый Краст,75.27,₽/шт,Коричневый.,,Белогородская керамика
Лицевой Коричневый Руст,75.27,₽/шт,Коричневый.,,Белогородская керамика
Лицевой Коричневый Гладкий,75.27,₽/шт,Коричневый.,,Белогородская керамика
Лицевой Красный Сланец,30.3,₽/шт,Красный,,Белогородская керамика
Лицевой Красный Краст,30.3,₽/шт,Красный,,Белогородская керамика
Лицевой Красный Руст,30.3,₽/шт,Красный,,Белогородская керамика
Кирпич Лицевой Красный Гладкий 1НФ,30.3,₽/шт,Красный,,Белогородская керамика
Белый Город Сланец,72.34,₽/шт,Белый,,Белогородская керамика
Белый Город Краст,72.34,₽/шт,Белый,,Белогородская керамика
Белый Город Руст,72.34,₽/шт,Белый,,Белогородская керамика
Белый Город Гладкий,72.34,₽/шт,Белый,,Белогородская керамика
Кирпич Лицевой STROMA FLASH ROYAL Кора дуба+инкрустация,67.02,₽/шт,Комбинированный,,
Кирпич Лицевой STROMA FLASH KARE Кора дуба+инкрустация,61.7,₽/шт,Комбинированный,,
Кирпич Лицевой STROMA FLASH FLAME Кора дуба,62.44,₽/шт,Комбинированный,,
Кирпич Лицевой STROMA FLASH FLAME Гладкий,62.44,₽/шт,Комбинированный,,
Кирпич Лицевой STROMA FLASH BORDO Кантри,76.6,₽/шт,Бордо,,
Кирпич Лицевой STROMA FLASH BORDO Кора дуба,76.6,₽/шт,Бордо,,
Кирпич Лицевой STROMA FLASH BORDO Руст,76.6,₽/шт,Бордо,,
Кирпич Лицевой STROMA FLASH BORDO Мадейра,76.6,₽/шт,Бордо,,
Кирпич Лицевой STROMA FLASH BORDO Гладкий,76.6,₽/шт,Бордо,,
Кирпич Лицевой Руффо Проникающие материалы,74.19,₽/шт,Светлый,,
Кирпич Лицевой Каркано Декоративная поверхность,74.19,₽/шт,Светлый,,
Кирпич Лицевой Солари Кора дуба + инкрустация,55.11,₽/шт,Солари,,
Кирпич Лицевой Тополь Кора дуба + инкрустация,58.51,₽/шт,Тополь.,,
Кирпич Лицевой Кедр Кора дуба + инкрустация,60.09,₽/шт,Кедр.,,
Кирпич Лицевой Лава Кора дуба + инкрустация,60.09,₽/шт,Лава,,
Кирпич Лицевой Береза Кора дуба + инкрустация,48.94,₽/шт,Берёза,,
Кирпич Лицевой Латте Бархат,63.83,₽/шт,Латте,,
Кирпич Лицевой Латте Рустик,63.83,₽/шт,Латте,,
Кирпич Лицевой Латте Кора дуба,63.83,₽/шт,Латте,,
Кирпич Лицевой Латте Гладкий,63.83,₽/шт,Латте,,
Кирпич Лицевой Красный Бархат,34.52,₽/шт,Красный,,
Кирпич Лицевой Красный Рустик,34.52,₽/шт,Красный,,
Кирпич Лицевой Красный Кора дуба,34.52,₽/шт,Красный,,
Кирпич Лицевой Красный Гладкий,34.52,₽/шт,Красный,,
Кирпич Лицевой Коричневый Бархат,52.52,₽/шт,Коричневый.,,
Кирпич Лицевой Коричневый Кора дуба,52.52,₽/шт,Коричневый.,,
Кирпич Лицевой Коричневый Гладкий,52.52,₽/шт,Коричневый.,,
Кирпич Лицевой Слоновая кость Бархат,46.81,₽/шт,Слоновая кость.,,
Кирпич Лицевой Слоновая кость Рустик,46.81,₽/шт,Слоновая кость.,,
Кирпич Лицевой Слоновая кость Кора дуба,46.81,₽/шт,Слоновая кость.,,
Кирпич Лицевой Слоновая кость Гладкий,46.81,₽/шт,Слоновая кость.,,
"Кирпич полнотелй ручной формовки Коллекция ""Патина""",77.77,₽/шт,Патина,,
"Кирпич полнотелй ручной формовки Коллекция ""Феррум""",71.77,₽/шт,Феррум,,
"Кирпич полнотелй ручной формовки Коллекция ""Бронза""",71.77,₽/шт,Бронзовый.,,
"Кирпич полнотелй ручной формовки Коллекция ""Медь""",69.65,₽/шт,Медный.,,
"Кирпич одинарный пустотелый Красный ""Руст"" ",28.58,₽/шт,,,
"Кирпич одинарный пустотелый Красный ""Руст""",31.91,₽/шт,Красный,,
"Кирпич одинарный пустотелый Красный ""Береста""",31.91,₽/шт,Красный,,
"Кирпич одинарный Лицевой Красный ""Гладкий"" с ФАСКОЙ",28.03,₽/шт,Красный,,
"Кирпич одинарный Темно-коричневый ""Гладкий""",57.27,₽/шт,Коричневый.,,
"Кирпич одинарный Светло-коричневый ""БЕРЕСТА"" М150",34.22,₽/шт,Светло-коричневый.,,Донской кирпич
"Кирпич одинарный М150 КОРИЧНЕВЫЙ ""Береста""",44.49,₽/шт,Коричневый.,,
"Кирпич одинарный М150 КОРИЧНЕВЫЙ ""Руст""",44.49,₽/шт,Коричневый.,,
Кирпич одинарный М150 КОРИЧНЕВЫЙ ГЛАДКИЙ,44.49,₽/шт,Коричневый.,,
"Кирпич одинарный лицевой ""ПЕРСИК"" М150",29.49,₽/шт,Персик.,,
"Кирпич одинарный лицевой с ФАСКОЙ ""СОЛОМА"" БЕРЕСТА",43.99,₽/шт,Солома.,,
"Кирпич одинарный лицевой с ФАСКОЙ ""СОЛОМА"" ГЛАДКИЙ М175",43.99,₽/шт,Солома.,,
Кирпич одинарный СВЕТЛЫЙ ЛИЦЕВОЙ с ФАСКОЙ Береста М175,46.11,₽/шт,Светлый,,
Кирпич одинарный СВЕТЛЫЙ ЛИЦЕВОЙ БЕРЕСТА с ФАСКОЙ М150,46.11,₽/шт,Бежевый.,,
Кирпич одинарный М150 ВИШНЯ,46.11,₽/шт,Вишня.,,
"«Флеш руст евро - Мюнхен» 0,7NF евро формат М250",67.02,₽/шт,Комбинированный,,
"«Флеш руст евро - Регенсбург» 0,7NF евро формат М250",67.02,₽/шт,Комбинированный,,
Полнотелый «Флеш руст - Регенсбург» 1NF М250,68.08,₽/шт,Комбинированный,,
«Флеш руст - Мюнхен» 1NF М250,68.08,₽/шт,Комбинированный,,
«Флеш руст - Регенсбург» 1NF М250,68.08,₽/шт,Комбинированный,,
"«Альт - Мюнхен» 1NF одинарный, М200-250",68.08,₽/шт,Темный,,
"«Шоколад гладкий» 1NF одинарный, М150-175",67.02,₽/шт,Шоколад.,,
"Кирпич TERRABRICKS «ECO Terra» 1NF одинарный, М150",32.32,₽/шт,Красный,,
"«Мюнхен Риф» 1NF одинарный, М150",45.45,₽/шт,Темный,,
"«Солома Гладкий» 1NF одинарный, М150",46.15,₽/шт,Солома.,,
"«Светло-бежевый Тростник» 1NF одинарный, М150",47.87,₽/шт,Светло-бежевый.,,
"«Светло-бежевый Гладкий» 1NF одинарный, М150",45.45,₽/шт,Светло-бежевый.,,
"«Норд Риф» 1NF одинарный, М150",71.71,₽/шт,Норд,,
"«Норд Гладкий» 1NF одинарный, М150",70.7,₽/шт,Норд,,
"«Красный Риф» 1NF одинарный, М150",46.15,₽/шт,Красный,,
"«Светло-бежевый Риф» 1NF одинарный, М150",47.87,₽/шт,Светло-бежевый.,,
"«Красный Гладкий» 1NF одинарный, М150",31.31,₽/шт,Красный,,
"«Британия Риф» 1NF одинарный, М150",49.49,₽/шт,Британия.,,
"«Британия Тростник» 1NF одинарный, М150",49.49,₽/шт,Британия.,,
"«Солома Риф» 1NF одинарный, М150",46.15,₽/шт,Солома.,,
"«Британия Гладкий» 1NF одинарный, М150",49.49,₽/шт,Британия.,,
"«Солома Кроста» 1NF одинарный, М150",46.15,₽/шт,Солома.,,
"«Британия Кроста» 1NF одинарный, М150",49.49,₽/шт,Британия.,,
"«Бежевый Тростник» 1NF одинарный, М150",46.15,₽/шт,Бежевый.,,
"«Бежевый Риф» 1NF одинарный, М150",46.15,₽/шт,Бежевый.,,
"«Светло-бежевый Кроста» 1NF одинарный, М150",46.46,₽/шт,Светло-бежевый.,,
"«Корица Кора дуба» 0,7NF евро формат",42.55,₽/шт,Корица,,
"«Платина Кора дуба» 0,7NF евро формат",42.95,₽/шт,Платина,,
"«Платина Гладкий» 0,7NF евро формат, М300",42.95,₽/шт,Платина,,
"«Платина Ретро» 0,7NF евро формат, М300",42.95,₽/шт,Платина,,
"«Корица Ретро» 0,7NF евро формат, М300",42.55,₽/шт,Корица,,
"«Корица Гладкий» 0,7NF евро формат, М300",42.55,₽/шт,Корица,,
"«Золото Старый город» 0,7NF евро формат",40.26,₽/шт,Золотистый,,
"«Корица Старый город» 0,7NF евро формат",43.62,₽/шт,Корица,,
"«Золото Кора дуба» 0,7NF евро формат",40.26,₽/шт,Золотистый,,
"«Золото Ретро» 0,7NF евро формат, М300",40.26,₽/шт,Золотистый,,
"«Графит Тростник» 0,7NF евро формат, М300",45.74,₽/шт,Графит.,,
"«Графит Кора дуба» 0,7NF евро формат",45.74,₽/шт,Графит.,,
"«Золото Гладкий» 0,7NF евро формат, М300",40.26,₽/шт,Золотистый,,
"«Платина Тростник» 0,7NF евро формат",42.95,₽/шт,Платина,,
"«Графит Старый город» 0,7NF евро формат",45.74,₽/шт,Графит.,,
"«Графит Гладкий» 0,7NF евро формат, М300",45.74,₽/шт,Графит.,,
«Платина Старый город» 1NF М250,48.55,₽/шт,Платина,,
"«Графит Ретро» 1NF одинарный, М200-250",57.02,₽/шт,Графит.,,
"«Корица Гладкий» 1NF одинарный, М200-250",56.06,₽/шт,Корица,,
"«Золото Тростник» 1NF одинарный, М200-250",51.61,₽/шт,Золотистый,,
«Корица Кора дуба» 1NF М250,56.06,₽/шт,Корица,,
«Золото Старый город» 1NF М250,51.61,₽/шт,Золотистый,,
"«Платина Гладкий» 1NF одинарный, М200-250",52.32,₽/шт,Платина,,
"«Корица Ретро» 1NF одинарный, М200-250",56.06,₽/шт,Корица,,
«Платина Кора дуба» 1NF М250,53.33,₽/шт,Платина,,
"«Золото Ретро» 1NF одинарный, М200-250",51.61,₽/шт,Золотистый,,
"«Графит Тростник» 1NF одинарный, М200-250",61.71,₽/шт,Графит.,,
«Корица Старый город» 1NF М250,55.05,₽/шт,Корица,,
"«Корица Тростник» 1NF одинарный, М200-250",55.05,₽/шт,Корица,,
«Золото Кора дуба» 1NF М250,51.61,₽/шт,Золотистый,,
«Графит Кора дуба» 1NF М250,61.71,₽/шт,Графит.,,Тербунский гончар
"«Платина Ретро» 1NF одинарный, М200-250",52.32,₽/шт,Платина Ретро,,
«Платина Тростник» 1NF М250,52.32,₽/шт,Тростник,,Тербунский гончар
«Белый жемчуг Гладкий» М300,70.7,₽/шт,Белый жемчуг.,,Тербунский гончар
«Графит Старый город» 1NF М250,61.71,₽/шт,Графит.,,Тербунский гончар
"«Графит Гладкий» 1NF одинарный, М200-250",60.7,₽/шт,Графит.,,Тербунский гончар
"«Золото Гладкий» 1NF одинарный, М200-250",51.61,₽/шт,Золотистый,,Тербунский гончар
Кирпич керамический одинарный М150 светло-коричневый,36.19,₽/шт,Светло-коричневый.,,Донской кирпич
Кирпич керамический полуторный коричневый,63.49,₽/шт,Коричневый.,,Донской кирпич
"Кирпич керамический полуторный лицевой ""Солома""",63.49,₽/шт,Солома.,,Донской кирпич
"Кирпич керамический одинарный М150 ""Вишня""",43.68,₽/шт,Вишня.,,Донской кирпич
Кирпич керамический лицевой одинарный Прованс-Руст (утолщенная стенка) м-150,73.53,₽/шт,Прованс-РУСТ.,,
Кирпич керамический лицевой одинарный Прованс-BUNT-Руст (утолщенная стенка) м-150,73.53,₽/шт,Цена завода,,
Кирпич керамический лицевой одинарный Прованс-Антик (утолщенная стенка) м-175,73.53,₽/шт,Цена завода,,Славянский кирпичный завод
Кирпич керамический лицевой одинарный Классик м-125,44.64,₽/шт,Цена завода,,
Кирпич керамический лицевой одинарный Мокко-BUNT-Руст (утолщенная стенка) м-150,59.09,₽/шт,Цена завода,,
Кирпич керамический лицевой одинарный Классик (утолщенная стенка) м-150,45.64,₽/шт,Цена завода,,
Кирпич керамический лицевой одинарный Классик-Руст (утолщенная стенка) м-150,45.64,₽/шт,Цена завода,,Славянский кирпичный завод
Кирпич керамический лицевой одинарный Классик-Антик (утолщенная стенка) м-150,44.64,₽/шт,Цена завода,,Славянский кирпичный завод
Кирпич лицевой 1нф соломенный М-150,51.21,₽/шт,Цена завода,,
Кирпич лицевой 1нф британия М-150,55.8,₽/шт,Цена завода,,
Газоблок ГСБ 625x75x250 D500,7967.89,₽/м.куб,1 м.куб (опт),,ГлавСтройБлок
Газоблок ГСБ 625x100x250 D500,7967.89,₽/м.куб,1 м.куб. (опт),,ГлавСтройБлок
Газоблок ГСБ 625x100x250 D500,7967.89,₽/м.куб,1 м.куб. (опт),,ГлавСтройБлок
Газоблок ГСБ 625x100x250 D500,7967.89,₽/м.куб,1 м.куб. (опт),,ГлавСтройБлок
Газоблок ГСБ 625x100x250 D500,7967.89,₽/м.куб,1 м.куб. (опт),,ГлавСтройБлок
Газоблок ГСБ 625x100x250 D500,7967.89,₽/м.куб,1 м.куб. (опт),,ГлавСтройБлок
Газоблок ГСБ 625x100x250 D500,7967.89,₽/м.куб,1 м.куб. (опт),,ГлавСтройБлок
Газоблок ГСБ 625x100x250 D500,7967.89,₽/м.куб,1 м.куб. (опт),,ГлавСтройБлок
Газоблок ГСБ 625x100x250 D500,7967.89,₽/м.куб,1 м.куб. (опт),,ГлавСтройБлок
Газоблок ГСБ 625x100x250 D500,7967.89,₽/м.куб,1 м.куб. (опт),,ГлавСтройБлок
Газоблок ГСБ 625x100x250 D500,7967.89,₽/м.куб,1 м.куб. (опт),,ГлавСтройБлок
Газоблок ГСБ 625x100x250 D500,7967.89,₽/м.куб,1 м.куб. (опт),,ГлавСтройБлок
Газоблок ГСБ 625x150x250 D500,7967.89,₽/м.куб,1 м.куб. (опт),,ГлавСтройБлок
Газоблок ГСБ 625x200x250 D500,7967.89,₽/м.куб,1 м.куб (опт),,ГлавСтройБлок
Газоблок ГСБ 625х250х250 D500,7967.89,₽/м.куб,1 м.куб (опт),,ГлавСтройБлок
Газоблок ГСБ 625х300х200 D500,7967.89,₽/м.куб,1 м.куб. (опт),,ГлавСтройБлок
Газоблок ГСБ 625x300x250 D500,7967.89,₽/м.куб,1 м.куб. (опт),,ГлавСтройБлок
Газоблок ГСБ 625х400x250 D500,7967.89,₽/м.куб,1 м.куб. (опт),,ГлавСтройБлок
U-Блок ГСБ 500х200х250 D500,330,₽/шт,1 шт,,ГлавСтройБлок
U-Блок ГСБ 500х250х250 D500,360,₽/шт,1 шт,,ГлавСтройБлок
U-Блок ГСБ 500х400х250 D500,450,₽/шт,1 шт,,ГлавСтройБлок
U-Блок ГСБ 500х300х250 D500,390,₽/шт,1 шт,,ГлавСтройБлок
U-Блок ГСБ 500х300х200 D500,369.66,₽/шт,1 шт,,ГлавСтройБлок
Газоблок ВКБлок 625x100x250 D500,136.14,₽/шт,1 шт,,ВКБ - Производитель блоков для строительства
Газоблок ВКБлок 625x100x300 D500,165.68,₽/шт,1 шт,,ВКБ - Производитель блоков для строительства
Газоблок ВКБлок 625x100x300 D500,7229.58,₽/м.куб,1 м3 (опт),,ВКБ - Производитель блоков для строительства
Газоблок ВКБлок 625x125x250 D500 ,172.58,₽/шт,1 шт,,ВКБ - Производитель блоков для строительства
Газоблок ВКБлок 625x125x250 D500 ,7229.58,₽/м.куб,1 м3 (опт),,ВКБ - Производитель блоков для строительства
Газоблок ВКБлок 625x150x250 D500 ,201.59,₽/шт,1 шт,,ВКБ - Производитель блоков для строительства
Газоблок ВКБлок 625x150x250 D500 ,7229.58,₽/м.куб,1 м3 (опт),,ВКБ - Производитель блоков для строительства
Газоблок ВКБлок 625x200x250 D500,272.96,₽/шт,1 шт,,ВКБ - Производитель блоков для строительства
Газоблок ВКБлок 625x200x250 D500,7229.58,₽/м.куб,1 м3 (опт),,ВКБ - Производитель блоков для строительства
Газоблок ВКБлок 625x250x250 D500,316.43,₽/шт,1 шт,,ВКБ - Производитель блоков для строительства
Газоблок ВКБлок 625x250x250 D500,7229.58,₽/м.куб,1 м3 (опт),,ВКБ - Производитель блоков для строительства
Газоблок ВКБлок 625x200x300 D500,331.34,₽/шт,1 шт,,ВКБ - Производитель блоков для строительства
Газоблок ВКБлок 625x200x300 D500,7229.58,₽/м.куб,1 м3 (опт),,ВКБ - Производитель блоков для строительства
Газоблок ВКБлок 625x250x300 D500 ,434.91,₽/шт,1 шт,,ВКБ - Производитель блоков для строительства
Газоблок ВКБлок 625x250x300 D500 ,7229.58,₽/м.куб,1 м3 (опт),,ВКБ - Производитель блоков для строительства
Газоблок ВКБлок 625x350x250 D500,483.22,₽/шт,1 шт,,ВКБ - Производитель блоков для строительства
Газоблок ВКБлок 625x350x250 D500,7229.58,₽/м.куб,1 м3 (опт),,ВКБ - Производитель блоков для строительства
Газоблок ВКБлок 625x375x250 D500,517.74,₽/шт,1 шт,,
Газоблок ВКБлок 625x375x250 D500,7229.58,₽/м.куб,1 м3 (опт),,
Газоблок ВКБлок 625x400x250 D500,552.25,₽/шт,1 шт,,ВКБ - Производитель блоков для строительства
Газоблок ВКБлок 625x400x250 D500,7229.58,₽/м.куб,1 м3 (опт),,ВКБ - Производитель блоков для строительства
"Газоблок ВКБлок 625x100x250 D500 В3,5",140.1,₽/шт,1 шт,,
"Газоблок ВКБлок 625x100x250 D500 В3,5",7335.63,₽/м.куб,1 м3 (опт),,
"Газоблок ВКБлок 625x100x300 D500 В3,5",168.11,₽/шт,1 шт,,
"Газоблок ВКБлок 625x100x300 D500 В3,5",7335.63,₽/м.куб,1 м3 (опт),,
"Газоблок ВКБлок 625x125x250 D500 В3,5",175.11,₽/шт,1 шт,,
"Газоблок ВКБлок 625x125x250 D500 В3,5",7335.63,₽/м.куб,1 м3 (опт),,
"Газоблок ВКБлок 625x150x250 D500 В3,5",210.14,₽/шт,1 шт,,
"Газоблок ВКБлок 625x150x250 D500 В3,5",7335.63,₽/м.куб,1 м3 (опт),,
"Газоблок ВКБлок 625x200x250 D500 В3,5",280.18,₽/шт,1 шт,,
"Газоблок ВКБлок 625x200x250 D500 В3,5",7335.63,₽/м.куб,1 м3 (опт),,
"Газоблок ВКБлок 625x250x250 D500 В3,5",350.24,₽/шт,1 шт,,
"Газоблок ВКБлок 625x250x250 D500 В3,5",7335.63,₽/м.куб,1 м3 (опт),,
"Газоблок ВКБлок 625x200x300 D500 В3,5",336.22,₽/шт,1 шт,,
"Газоблок ВКБлок 625x200x300 D500 В3,5",7335.63,₽/м.куб,1 м3 (опт),,
"Газоблок ВКБлок 625x250x300 D500 В3,5",413.79,₽/шт,1 шт,,
"Газоблок ВКБлок 625x250x300 D500 В3,5",7335.63,₽/м.куб,1 м3 (опт),,
"Газоблок ВКБлок 625x350x250 D500 В3,5",490.32,₽/шт,1 шт,,
"Газоблок ВКБлок 625x350x250 D500 В3,5",7335.63,₽/м.куб,1 м3 (опт),,
"Газоблок ВКБлок 625x375x250 D500 В3,5",525.35,₽/шт,1 шт,,
"Газоблок ВКБлок 625x375x250 D500 В3,5",7335.63,₽/м.куб,1 м3 (опт),,
"Газоблок ВКБлок 625x400x250 D500 В3,5",560.37,₽/шт,1 шт,,
"Газоблок ВКБлок 625x400x250 D500 В3,5",7335.63,₽/м.куб,1 м3 (опт),,
Газоблок ВКБлок 625x100x250 D600,144.16,₽/шт,1 шт,,
Газоблок ВКБлок 625x100x250 D600,7548.74,₽/м.куб,1 м3 (опт),,
Газоблок ВКБлок 625x100x300 D600,172.98,₽/шт,1 шт,,
Газоблок ВКБлок 625x100x300 D600,7548.74,₽/м.куб,1 м3 (опт),,
Газоблок ВКБлок 625x125x250 D600,180.19,₽/шт,1 шт,,
Газоблок ВКБлок 625x125x250 D600,7548.74,₽/м.куб,1 м3 (опт),,
Газоблок ВКБлок 625x150x250 D600,216.23,₽/шт,1 шт,,
Газоблок ВКБлок 625x150x250 D600,7548.74,₽/м.куб,1 м3 (опт),,
Газоблок ВКБлок 625x200x250 D600,288.3,₽/шт,1 шт,,
Газоблок ВКБлок 625x200x250 D600,7548.74,₽/м.куб,1 м3 (опт),,
Газоблок ВКБлок 625x250x250 D600,360.39,₽/шт,1 шт,,
Газоблок ВКБлок 625x250x250 D600,7548.74,₽/м.куб,1 м3 (опт),,
Газоблок ВКБлок 625x200x300 D600,345.97,₽/шт,1 шт,,
Газоблок ВКБлок 625x200x300 D600,7548.74,₽/м.куб,1 м3 (опт),,
Газоблок ВКБлок 625x250x300 D600,360.39,₽/шт,1 шт,,
Газоблок ВКБлок 625x250x300 D600,7548.74,₽/м.куб,1 м3 (опт),,
Газоблок ВКБлок 625x350x250 D600,504.54,₽/шт,1 шт,,
Газоблок ВКБлок 625x350x250 D600,7548.74,₽/м.куб,1 м3 (опт),,
Газоблок ВКБлок 625x375x250 D600,540.57,₽/шт,1 шт,,
Газоблок ВКБлок 625x375x250 D600,7548.74,₽/м.куб,1 м3 (опт),,
Газоблок ВКБлок 625x400x250 D600,576.62,₽/шт,1 шт,,
Газоблок ВКБлок 625x400x250 D600,7548.74,₽/м.куб,1 м3 (опт),,
Газоблок ВКБлок 625x100x250 D400,140.1,₽/шт,1 шт,,
Газоблок ВКБлок 625x100x250 D400,7335.63,₽/м.куб,1 м3 (опт),,
Газоблок ВКБлок 625x100x300 D400,168.11,₽/шт,1 шт,,
Газоблок ВКБлок 625x100x300 D400,7335.63,₽/м.куб,1 м3 (опт),,
Газоблок ВКБлок 625x125x250 D400,175.11,₽/шт,1 шт,,
Газоблок ВКБлок 625x125x250 D400,7335.63,₽/м.куб,1 м3 (опт),,
Газоблок ВКБлок 625x150x250 D400,210.14,₽/шт,1 шт,,
Газоблок ВКБлок 625x150x250 D400,7335.63,₽/шт,1 м3 (опт),,
Газоблок ВКБлок 625x200x250 D400,280.18,₽/шт,1 шт,,
Газоблок ВКБлок 625x200x250 D400,7335.63,₽/м.куб,1 м3 (опт),,
Газоблок ВКБлок 625x250x250 D400,350.24,₽/шт,1 шт,,
Газоблок ВКБлок 625x250x250 D400,7335.63,₽/м.куб,1 м3 (опт),,
Газоблок ВКБлок 625x200x300 D400,336.22,₽/шт,1 шт,,
Газоблок ВКБлок 625x200x300 D400,7335.63,₽/м.куб,1 м3 (опт),,
Газоблок ВКБлок 625x250x300 D400,350.24,₽/шт,1 шт,,
Газоблок ВКБлок 625x250x300 D400,7335.63,₽/м.куб,1 м3 (опт),,
Газоблок ВКБлок 625x350x250 D400,490.32,₽/шт,1 шт,,
Газоблок ВКБлок 625x350x250 D400,7335.63,₽/м.куб,1 м3 (опт),,
Газоблок ВКБлок 625x375x250 D400,525.35,₽/шт,1 шт,,
Газоблок ВКБлок 625x375x250 D400,7335.63,₽/м.куб,1 м3 (опт),,
Газоблок ВКБлок 625x400x250 D400,560.37,₽/шт,1 шт,,
Газоблок ВКБлок 625x400x250 D400,7335.63,₽/м.куб,1 м3 (опт),,
U-Образный ВКБлок 500x200x250,330,₽/шт,1 шт,,
U-Образный ВКБлок 500x200x250,270.68,₽/шт,1 шт (опт),,
U-Образный ВКБлок 500x250x250,360,₽/шт,1 шт,,
U-Образный ВКБлок 500x250x250,291.89,₽/шт,1 шт (опт),,
U-Образный ВКБлок 500x300x250,390,₽/шт,1 шт,,ВКБ - Производитель блоков для строительства
U-Образный ВКБлок 500x300x250,314.11,₽/шт,1 шт (опт),,ВКБ - Производитель блоков для строительства
U-Образный ВКБлок 500x375x250,440,₽/шт,1 шт,,ВКБ - Производитель блоков для строительства
U-Образный ВКБлок 500x375x250,361.58,₽/шт,1 шт (опт),,ВКБ - Производитель блоков для строительства
U-Образный ВКБлок 500x400x250,450,₽/шт,1 шт,,ВКБ - Производитель блоков для строительства
U-Образный ВКБлок 500x400x250,377.74,₽/шт,1 шт (опт),,ВКБ - Производитель блоков для строительства
"О-блок ГРАС 600х250х300 D400 B2,5",561.56,₽/шт,1 шт (опт),,
"О-блок ГРАС 600х250х375 D400 B2,5",561.56,₽/шт,1 шт (опт),,
"О-блок ГРАС 600х250х400 D400 B2,5",561.56,₽/шт,1 шт (опт),,
Газоблок Грас 600x300x150 D500,7743.67,₽/м.куб,1 м.куб (опт),,
Газоблок Грас 600x300x125 D500,7743.67,₽/м.куб,1 м.куб (опт),,
Газоблок Грас 600x300x100 D500,7743.67,₽/м.куб,1 м.куб (опт),,
Газоблок Грас 600x300x75 D500,7743.67,₽/м.куб,1 м.куб (опт),,
Газоблок Грас 600x300x50 D500,7743.67,₽/м.куб,1 м.куб (опт),,
Газоблок Грас 600x250x150 D500,7743.67,₽/м.куб,1 м.куб (опт),,
Газоблок Грас 600x250x125 D500,7743.67,₽/м.куб,1 м.куб (опт),,
Газоблок Грас 600x250x100 D500,7743.67,₽/м.куб,1 м.куб (опт),,
Газоблок Грас 600x250x75 D500,7743.67,₽/м.куб,1 м.куб (опт),,
Газоблок Грас 600x250x50 D500,7743.67,₽/м.куб,1 м.куб (опт),,
Газоблок Грас 600x200x150 D500,7743.67,₽/м.куб,1 м.куб (опт),,
Газоблок Грас 600x200x125 D500,7743.67,₽/м.куб,1 м.куб (опт),,
Газоблок Грас 600x200x100 D500,7743.67,₽/м.куб,1 м.куб (опт),,
Газоблок Грас 600x200x75 D500,7743.67,₽/м.куб,1 м.куб (опт),,
Газоблок Грас 600x200x50 D500,7743.67,₽/м.куб,1 м.куб (опт),,
Газоблок Грас 600x300x150 D400,7687.11,₽/м.куб,1 м.куб (опт),,
Газоблок Грас 600x300x125 D400,7687.11,₽/м.куб,1 м.куб (опт),,
Газоблок Грас 600x300x100 D400,7687.11,₽/м.куб,1 м.куб (опт),,
Газоблок Грас 600x300x75 D400,7687.11,₽/м.куб,1 м.куб (опт),,
Газоблок Грас 600x300x50 D400,7687.11,₽/м.куб,1 м.куб (опт),,
Газоблок Грас 600x250x150 D400,7687.11,₽/м.куб,1 м.куб (опт),,
Газоблок Грас 600x250x125 D400,7687.11,₽/м.куб,1 м.куб (опт),,
Газоблок Грас 600x250x100 D400,7687.11,₽/м.куб,1 м.куб (опт),,
Газоблок Грас 600x250x75 D400,7687.11,₽/м.куб,1 м.куб (опт),,
Газоблок Грас 600x250x50 D400,7687.11,₽/м.куб,1 м.куб (опт),,
Газоблок Грас 600x200x150 D400,7687.11,₽/м.куб,1 м.куб (опт),,
Газоблок Грас 600x200x125 D400,7687.11,₽/м.куб,1 м.куб (опт),,
Газоблок Грас 600x200x100 D400,7687.11,₽/м.куб,1 м.куб (опт),,
Газоблок Грас 600x200x75 D400,7687.11,₽/м.куб,1 м.куб (опт),,
Газоблок Грас 600x200x50 D400,7687.11,₽/м.куб,1 м.куб (опт),,
Газоблок Грас 600x200x300 D300,7518.44,₽/м.куб,1 м.куб (опт),,
Газоблок Грас 600x200x350 D300,7518.44,₽/м.куб,1 м.куб (опт),,
Газоблок Грас 600x200x375 D300,7518.44,₽/м.куб,1 м.куб (опт),,
Газоблок Грас 600x200x400 D300,7518.44,₽/м.куб,1 м.куб (опт),,
Газоблок Грас 600x200x450 D300,7518.44,₽/м.куб,1 м.куб (опт),,
Газоблок Грас 600x200x500 D300,7518.44,₽/м.куб,1 м.куб (опт),,
Газоблок Грас 600x250x500 D300,7518.44,₽/м.куб,1 м.куб (опт),,
Газоблок Грас 600x200x400 D350,7631.56,₽/м.куб,1 м.куб (опт),,
Газоблок Грас 600x200x450 D350,7631.56,₽/м.куб,1 м.куб (опт),,
Газоблок Грас 600x200x500 D350,7631.56,₽/м.куб,1 м.куб (опт),,
Газоблок Грас 600x250x450 D350,7631.56,₽/м.куб,1 м.куб (опт),,
Газоблок Грас 600x250x500 D350,7631.56,₽/м.куб,1 м.куб (опт),,
Газоблок Грас 600x250x250 D400,7687.11,₽/м.куб,1 м.куб (опт),,
Газоблок Грас 600x250x300 D400,7687.11,₽/м.куб,1 м.куб (опт),,
Газоблок Грас 600x250x350 D400,7687.11,₽/м.куб,1 м.куб (опт),,
Газоблок Грас 600x250x375 D400,7687.11,₽/м.куб,1 м.куб (опт),,
Газоблок Грас 600x250x400 D400,7687.11,₽/м.куб,1 м.куб (опт),,
Газоблок Грас 600x250x450 D400,7687.11,₽/м.куб,1 м.куб (опт),,
Газоблок Грас 600x250x500 D400,7687.11,₽/м.куб,1 м.куб (опт),,
Газоблок Грас 600x200x200 D500,7743.67,₽/м.куб,1 м.куб (опт),,
Газоблок Грас 600x200x250 D500,7743.67,₽/м.куб,1 м.куб (опт),,
Газоблок Грас 600x200x300 D500,7743.67,₽/м.куб,1 м.куб (опт),,
Газоблок Грас 600x200x350 D500,7743.67,₽/м.куб,1 м.куб (опт),,
Газоблок Грас 600x200x375 D500,7743.67,₽/м.куб,1 м.куб (опт),,
Газоблок Грас 600x200x400 D500,7743.67,₽/м.куб,1 м.куб (опт),,
Газоблок Грас 600x200x450 D500,7743.67,₽/м.куб,1 м.куб (опт),,
Газоблок Грас 600x200x500 D500 ,7743.67,₽/м.куб,1 м.куб (опт),,
Газоблок Грас 600x200x200 D300,0,₽/м.куб,1 м.куб (опт),,
Газоблок Грас 600x200x250 D300,0,₽/м.куб,1 м.куб (опт),,
Газоблок Грас 600x250x250 D300,0,₽/м.куб,1 м.куб (опт),,
Газоблок Грас 600x250x250 D500,7743.67,₽/м.куб,1 м.куб (опт),,
Газоблок Грас 600x250x300 D500,7743.67,₽/м.куб,1 м.куб (опт),,
Газоблок Грас 600x250x350 D500,7743.67,₽/м.куб,1 м.куб (опт),,
Газоблок Грас 600x250x300 D300,0,₽/м.куб,1 м.куб (опт),,
Газоблок Грас 600x250x375 D500,7743.67,₽/м.куб,1 м.куб (опт),,
Газоблок Грас 600x250x350 D300,0,₽/м.куб,1 м.куб (опт),,
Газоблок Грас 600x250x400 D500,7743.67,₽/м.куб,1 м.куб (опт),,
Газоблок Грас 600x250x375 D300,0,₽/м.куб,1 м.куб (опт),,
Газоблок Грас 600x250x450 D500,7743.67,₽/м.куб,1 м.куб (опт),,
Газоблок Грас 600x250x400 D300,0,₽/м.куб,1 м.куб (опт),,
Газоблок Грас 600x250x500 D500,7743.67,₽/м.куб,1 м.куб (опт),,
Газоблок Грас 600x250x450 D300,0,₽/м.куб,1 м.куб (опт),,
"Газоблок Грас 600x200x200 D600 В2,5",7743.67,₽/м.куб,1 м.куб (опт),,
Газоблок Грас 600x200x200 D350,0,₽/м.куб,1 м.куб (опт),,
"Газоблок Грас 600x200x250 D600 В2,5",7743.67,₽/м.куб,1 м.куб (опт),,
Газоблок Грас 600x200x300 D350,0,₽/м.куб,1 м.куб (опт),,
"Газоблок Грас 600x200x300 D600 В2,5",7743.67,₽/м.куб,1 м.куб (опт),,
Газоблок Грас 600x200x350 D350,0,₽/м.куб,1 м.куб (опт),,
"Газоблок Грас 600x200x350 D600 В2,5",7743.67,₽/м.куб,1 м.куб (опт),,
Газоблок Грас 600x200x375 D350,0,₽/м.куб,1 м.куб (опт),,
"Газоблок Грас 600x200x375 D600 В2,5",7743.67,₽/м.куб,1 м.куб (опт),,
Газоблок Грас 600x200x250 D350,0,₽/м.куб,1 м.куб (опт),,
"Газоблок Грас 600x200x400 D600 В2,5",7743.67,₽/м.куб,1 м.куб (опт),,
Газоблок Грас 600x250x250 D350,0,₽/м.куб,1 м.куб (опт),,
"Газоблок Грас 600x200x450 D600 В2,5",7743.67,₽/м.куб,1 м.куб (опт),,
Газоблок Грас 600x250x300 D350,0,₽/м.куб,1 м.куб (опт),,
"Газоблок Грас 600x200x500 D600 В2,5",7743.67,₽/м.куб,1 м.куб (опт),,
Газоблок Грас 600x250x350 D350,0,₽/м.куб,1 м.куб (опт),,
"Газоблок Грас 600x250x250 D600 В2,5",7743.67,₽/м.куб,1 м.куб (опт),,
Газоблок Грас 600x250x375 D350,0,₽/м.куб,1 м.куб (опт),,
"Газоблок Грас 600x250x300 D600 В2,5",7743.67,₽/м.куб,1 м.куб (опт),,
"Газоблок Грас 600x250x350 D600 В2,5",7743.67,₽/м.куб,1 м.куб (опт),,
Газоблок Грас 600x250x400 D350,0,₽/м.куб,1 м.куб (опт),,
"Газоблок Грас 600x250x375 D600 В2,5",7743.67,₽/м.куб,1 м.куб (опт),,
"Газоблок Грас 600x250x400 D600 В2,5",7743.67,₽/м.куб,1 м.куб (опт),,
Газоблок Грас 600x200x200 D400,0,₽/м.куб,1 м.куб (опт),,
"Газоблок Грас 600x250x450 D600 В2,5",7743.67,₽/м.куб,1 м.куб (опт),,
"Газоблок Грас 600x250x500 D600 В2,5",7743.67,₽/м.куб,1 м.куб (опт),,
"Газоблок Грас 600x200x200 D600 В3,5",7855.78,₽/м.куб,1 м.куб (опт),,
"Газоблок Грас 600x200x250 D600 В3,5",7855.78,₽/м.куб,1 м.куб (опт),,
"Газоблок Грас 600x200x300 D600 В3,5",7855.78,₽/м.куб,1 м.куб (опт),,
"Газоблок Грас 600x200x350 D600 В3,5",7855.78,₽/м.куб,1 м.куб (опт),,
"Газоблок Грас 600x200x375 D600 В3,5",7855.78,₽/м.куб,1 м.куб (опт),,
"Газоблок Грас 600x200x400 D600 В3,5",7855.78,₽/м.куб,1 м.куб (опт),,
"Газоблок Грас 600x200x450 D600 В3,5",7855.78,₽/м.куб,1 м.куб (опт),,
Газоблок Грас 600x200x250 D400,0,₽/м.куб,1 м.куб (опт),,
"Газоблок Грас 600x200x500 D600 В3,5",7855.78,₽/м.куб,1 м.куб (опт),,
"Газоблок Грас 600x250x250 D600 В3,5",7855.78,₽/м.куб,1 м.куб (опт),,
"Газоблок Грас 600x250x300 D600 В3,5",7855.78,₽/м.куб,1 м.куб (опт),,
"Газоблок Грас 600x250x350 D600 В3,5",7855.78,₽/м.куб,1 м.куб (опт),,
"Газоблок Грас 600x250x375 D600 В3,5",7855.78,₽/м.куб,1 м.куб (опт),,
"Газоблок Грас 600x250x400 D600 В3,5",7855.78,₽/м.куб,1 м.куб (опт),,
"Газоблок Грас 600x250x450 D600 В3,5",7855.78,₽/м.куб,1 м.куб (опт),,
"Газоблок Грас 600x250x500 D600 В3,5",7855.78,₽/м.куб,1 м.куб (опт),,
Газоблок Грас 600x200x300 D400,0,₽/м.куб,1 м.куб (опт),,
Газоблок Грас 600x200x350 D400,0,₽/м.куб,1 м.куб (опт),,
Газоблок Грас 600x200x375 D400,0,₽/м.куб,1 м.куб (опт),,
Газоблок Грас 600x200x400 D400,0,₽/м.куб,1 м.куб (опт),,
Газоблок Грас 600x200x450 D400,0,₽/м.куб,1 м.куб (опт),,
Газоблок Грас 600x200x500 D400,0,₽/м.куб,1 м.куб (опт),,
Отсевоблок (щебёночный) 90х190х390,79.2,₽/шт,,,
Отсевоблок (щебёночный) 120х190х390,91,₽/шт,,,
Керамзитоблок 250х190х390,116.95,₽/шт,,,
Керамзитоблок 190х190х390,98.05,₽/шт,,,
Керамический поризованный блок POROMAX-120,202.8,₽/шт,,,
Керамический поризованный блок POROMAX-380,388,₽/шт,,,
ДСП сорт 1 шл 1830x2750x16 мм,1887,₽/шт,,,
ДСП сорт 1 шл 1830x2440x16 мм,1683,₽/шт,,,
ДСП сорт 2 3500х1750х16 мм,1836,₽/шт,,,
Фанера ламинированная ФЛФ сорт 1/1 black 1220*2440 мм (18 мм),4200,₽/шт,,,
"Ламинированная Фанера березовая ФЛФ сорт 1/1  1220*2440 мм (6,5 мм)",2400,₽/шт,,,
Фанера ламинированная ФЛФ сорт 1 гл/сетка 1500*3000 (21 мм),7500,₽/шт,,,
Фанера ламинированная ФЛФ сорт 1 гл/сетка 1500x3000 (18 мм),7000,₽/шт,,,
Фанера ламинированная ФЛФ сорт 1 гл/сетка 1500x3000 (15 мм),6500,₽/шт,,,
Фанера ламинированная ФЛФ сорт 1 гл/сетка 1500x3000 (12 мм),6200,₽/шт,,,
Фанера ламинированная ФЛФ сорт 1 гл/сетка 1500x3000 (9 мм),6000,₽/шт,,,
Фанера ламинированная ФЛФ сорт 1 гл/сетка 1220x2440 (30 мм),9000,₽/шт,,,
Фанера ламинированная ФЛФ сорт 1 гл/сетка 1220x2440 (27 мм),8000,₽/шт,,,
Фанера ламинированная ФЛФ сорт 1 гл/сетка 1220x2440 (24 мм),7000,₽/шт,,,
Фанера ламинированная ФЛФ сорт 1 гл/сетка 1220x2440 (21 мм),5600,₽/шт,,,
Фанера ламинированная ФЛФ сорт 1 гл/сетка 1220x2440 (18 мм),4800,₽/шт,,,
Фанера ламинированная ФЛФ сорт 1 гл/сетка 1220x2440 (15 мм),4100,₽/шт,,,
Фанера ламинированная ФЛФ сорт 1 гл/сетка 1220x2440 (12 мм),3800,₽/шт,,,
Фанера ламинированная ФЛФ сорт 1 гл/сетка 1220x2440 (9 мм),3200,₽/шт,,,
"Фанера ламинированная ФЛФ сорт 1 гл/сетка 1220x2440 (6,5 мм)",2600,₽/шт,,,
Фанера ламинированная ФЛФ сорт 1/1 1220x2440 (30 мм),7600,₽/шт,,,
Фанера ламинированная ФЛФ сорт 1/1 1220x2440 (27 мм),6900,₽/шт,,,
Фанера ламинированная ФЛФ сорт 1/1 1220x2440 (24 мм),6200,₽/шт,,,
Ламинированная Фанера ФЛФ сорт 1/1 2LOGO 1220x2440 мм (21 мм),3600,₽/шт,,,
Ламинированная Фанера ФЛФ сорт 1/1 LOGO 1220x2440 мм (18 мм),3400,₽/шт,,,
Ламинированная Фанера ФЛФ сорт 1/1  1220x2440 мм (15 мм),3200,₽/шт,,,
Ламинированная Фанера ФЛФ сорт 1/1  1220x2440 мм (9 мм),2700,₽/шт,,,
"Ламинированная Фанера ФЛФ сорт 1/1 ""Дуб Вотан"" 1220x2440 мм (18 мм)",8000,₽/шт,,,
Ламинированная Фанера ФЛФ сорт 1/1 black 1220x2440 мм (18 мм),4200,₽/шт,,,
Фанера ФСФ сорт 3/3 1220x2440 мм (18 мм),2703,₽/шт,,,
Фанера ФСФ сорт 4/4 1500x3000 мм (15 мм),5712,₽/шт,,,
Фанера ФСФ сорт 2/2 1220x2440 мм (21 мм),4590,₽/шт,,,
Фанера ФСФ сорт 2/2 1220x2440 мм (15 мм),3366,₽/шт,,,
Фанера ФСФ сорт 2/2 1220x2440 мм (12 мм),2754,₽/шт,,,
Фанера ФСФ сорт 2/2 1220x2440 мм (9 мм),2244,₽/шт,,,
"Фанера ФСФ сорт 2/2 1220x2440 мм (6,5 мм)",1500,₽/шт,,,
Фанера ФСФ сорт 2/2 1220x2440 мм (4 мм),1530,₽/шт,,,
Фанера ФСФ сорт 2/4 1220x2440 мм (40 мм),10200,₽/шт,,,
Фанера ФСФ сорт 2/4 1220x2440 мм (27 мм),6630,₽/шт,,,
Фанера ФСФ сорт 2/4 1220x2440 мм (24 мм),5610,₽/шт,,,
Фанера ФСФ сорт 2/4 1220x2440 мм (21 мм),4080,₽/шт,,,
Фанера ФСФ сорт 2/4 1220x2440 мм (18 мм),3468,₽/шт,,,
Фанера ФСФ сорт 2/4 1220x2440 мм (12 мм),2652,₽/шт,,,
Фанера ФСФ сорт 2/4 1220x2440 мм (9 мм),2040,₽/шт,,,
"Фанера ФСФ сорт 2/4 1220x2440 мм (6,5 мм)",1632,₽/шт,,,
Фанера ФСФ сорт 2/4 1220x2440 мм (4 мм),1224,₽/шт,,,
Фанера ФСФ сорт 3/4 1220x2440 мм (21 мм),3366,₽/шт,,,
Фанера ФСФ сорт 3/4 1220x2440 мм (9 мм),1938,₽/шт,,,
Фанера ФСФ сорт 4/4 1220x2440 мм (27 мм),5406,₽/шт,,,
"Фанера ФСФ сорт 4/4 1220x2440 мм (6,5 мм)",1326,₽/шт,,,
Фанера ФК сорт 2/2 1525х1525 (4 мм),918,₽/шт,,,
Фанера ФК сорт 2/2 1525х1525 (3 мм),765,₽/шт,,,
Фанера ФК сорт 2/4 1525х1525 (21 мм),3162,₽/шт,,,
Фанера ФК сорт 2/4 1525х1525 (18 мм),2856,₽/шт,,,
Фанера ФК сорт 4/4 1525х1525 (3 мм),380,₽/шт,,,
Фанера ФК сорт 2/2 1525х1525 (6 мм),1501,₽/шт,,,Ярославская фанера
Фанера ФК сорт 2/2 1525х1525 (8 мм),1839,₽/шт,,,Ярославская фанера
Фанера ФК сорт 2/2 1525х1525 (9 мм),1982,₽/шт,,,Ярославская фанера
Фанера ФК сорт 2/2 1525х1525 (10 мм),2161,₽/шт,,,Ярославская фанера
Фанера ФК сорт 2/2 1525х1525 (12 мм),2485,₽/шт,,,Ярославская фанера
Фанера ФК сорт 2/2 1525х1525 (15 мм),3092,₽/шт,,,Ярославская фанера
Фанера ФК сорт 2/2 1525х1525 (21 мм),4088,₽/шт,,,Ярославская фанера
Фанера ФК сорт 2/2 1525х1525 (18 мм),3732,₽/шт,,,Ярославская фанера
Фанера ФК сорт 2/3 1525х1525 (9 мм),2419.4,₽/шт,,,Ярославская фанера
Фанера ФК сорт 2/3 1525х1525 (12 мм),2254,₽/шт,,,Ярославская фанера
Фанера ФК сорт 2/3 1525х1525 (15 мм),2778,₽/шт,,,Ярославская фанера
Фанера ФК сорт 2/4 1525х1525 (3 мм),346.43,₽/шт,,,Ярославская фанера
Фанера ФК сорт 2/4 1525х1525 (4 мм),477.53,₽/шт,,,Ярославская фанера
Фанера ФК сорт 2/4 1525х1525 (8 мм),848.4,₽/шт,Цены и наличие уточняйте,,Ярославская фанера
Фанера ФК сорт 2/4 1525х1525 (6 мм),662.96,₽/шт,Цены и наличие уточняйте,,Ярославская фанера
Фанера ФК сорт 2/4 1525х1525 (10 мм),986.57,₽/шт,Цены и наличие уточняйте,,Ярославская фанера
Фанера ФК сорт 2/4 1525х1525 (12 мм),1133.22,₽/шт,Цены и наличие уточняйте,,Ярославская фанера
Фанера ФК сорт 2/4 1525х1525 (15 мм),1418.04,₽/шт,,,Ярославская фанера
Фанера ФК сорт 3/3 1525х1525 (18 мм),2736,₽/шт,,,Ярославская фанера
Фанера ФК сорт 3/3 1525х1525 (15 мм),2613,₽/шт,,,Ярославская фанера
Фанера ФК сорт 3/4 1525х1525 (3 мм),653,₽/шт,,,Ярославская фанера
Фанера ФК сорт 3/4 1525х1525 (4 мм),811,₽/шт,,,Ярославская фанера
Фанера ФК сорт 3/4 1525х1525 (6 мм),1081,₽/шт,,,Ярославская фанера
Фанера ФК сорт 3/4 1525х1525 (8 мм),1381,₽/шт,,,Ярославская фанера
Фанера ФК сорт 3/4 1525х1525 (10 мм),1283.71,₽/шт,,,Ярославская фанера
Фанера ФК сорт 3/4 1525х1525 (12 мм),1460.46,₽/шт,,,Ярославская фанера
Фанера ФК сорт 3/4 1525х1525 (15 мм),2721.95,₽/шт,,,Ярославская фанера
Фанера ФК сорт 3/4 1525х1525 (18 мм),2905,₽/шт,,,Ярославская фанера
Фанера ФК сорт 3/4 1525х1525 (21 мм),3498,₽/шт,,,Ярославская фанера
Фанера ФК сорт 4/4 1525х1525 (4 мм),594,₽/шт,,,Ярославская фанера
Фанера ФК сорт 4/4 1525х1525 (6 мм),860,₽/шт,,,Ярославская фанера
Фанера ФК сорт 4/4 1525х1525 (8 мм),1076,₽/шт,,,Ярославская фанера
Фанера ФК сорт 4/4 1525х1525 (9 мм),1212,₽/шт,,,Ярославская фанера
Фанера ФК сорт 4/4 1525х1525 (10 мм),1277,₽/шт,,,Ярославская фанера
Фанера ФК сорт 4/4 1525х1525 (12 мм),1501,₽/шт,,,Ярославская фанера
Фанера ФК сорт 4/4 1525х1525 (15 мм),1864,₽/шт,,,Ярославская фанера
Фанера ФК сорт 4/4 1525х1525 (18 мм),2255,₽/шт,,,Ярославская фанера
Фанера ФК сорт 4/4 1525х1525 (21 мм),2780,₽/шт,,,Ярославская фанера
Фанера ФСФ сорт 2/3 2440х1220 (6 мм),2185,₽/шт,,,Ярославская фанера
Фанера ФСФ сорт 2/3 2440х1220 (9 мм),2636,₽/шт,,,Ярославская фанера
Фанера ФСФ сорт 2/3 2440х1220 (12 мм),3266,₽/шт,,,
Фанера ФСФ сорт 2/3 2440х1220 (15 мм),3879,₽/шт,,,Ярославская фанера
Фанера ФСФ сорт 2/3 2440х1220 (18 мм),4504,₽/шт,,,Ярославская фанера
Фанера ФСФ сорт 2/4 2440х1220 (12 мм),0,₽/шт,Цены и наличие уточняйте,,Ярославская фанера
Фанера ФСФ сорт 2/2 2440х1220 (18 мм),4655,₽/шт,,,
"Фанера ФСФ сорт 3/3 2440х1220 (6,5 мм)",1374,₽/шт,,,Ярославская фанера
Фанера ФСФ сорт 3/3 2440х1220 (9 мм),1970,₽/шт,,,Ярославская фанера
Фанера ФСФ сорт 3/3 2440х1220 (12 мм),2207,₽/шт,,,Ярославская фанера
Фанера ФСФ сорт 3/3 2440х1220 (15 мм),3925.87,₽/шт,,,Ярославская фанера
Фанера ФСФ сорт 3/3 2440х1220 (18 мм),4350,₽/шт,,,Ярославская фанера
Фанера ФСФ сорт 3/3 2440х1220 (21 мм),4812,₽/шт,,,Ярославская фанера
Фанера ФСФ сорт 3/4 2440х1220 (4 мм),0,₽/шт,Цены и наличие уточняйте,,Ярославская фанера
Фанера ФСФ сорт 3/4 2440х1220 (9 мм),1739.22,₽/шт,,,Ярославская фанера
Фанера ФСФ сорт 3/4 2440х1220 (12 мм),2938,₽/шт,,,Ярославская фанера
Фанера ФСФ сорт 3/4 2440х1220 (15 мм),3468,₽/шт,,,Ярославская фанера
Фанера ФСФ сорт 4/4 2440х1220 (6 мм),1420.06,₽/шт,,,Ярославская фанера
Фанера ФСФ сорт 4/4 2440х1220 (9 мм),1665.49,₽/шт,,,Ярославская фанера
Фанера ФСФ сорт 4/4 2440х1220 (12 мм),2672,₽/шт,,,Ярославская фанера
Фанера ФСФ сорт 4/4 2440х1220 (15 мм),3251,₽/шт,,,Ярославская фанера
Фанера ФСФ сорт 4/4 2440х1220 (18 мм),3712,₽/шт,,,Ярославская фанера
Фанера ФСФ сорт 4/4 2440х1220 (21 мм),4287,₽/шт,,,Ярославская фанера
Фанера ламинированная сорт F/F 2440х1220 (9 мм),3603,₽/шт,,,
Фанера ламинированная сорт F/F 2440х1220 (18 мм),5470,₽/шт,,,
Фанера ламинированная сорт F/F 2440х1220 (21 мм),5040,₽/шт,,,
ДВП сорт Т гр. А1 1220x2440x3.2 мм,320,₽/шт,,,
ДВП ТСН-40 1220x2620x5 мм,600,₽/шт,,,
ДВП ТСН-20 1220x2440x2.5 мм,310,₽/шт,,,
ДВП сорт Т гр. А1 1220x2440x2.5 мм,310,₽/шт,,,
ДВП ТСН-20 2440х1220х3 мм,320,₽/шт,1 лист,,
ДВП сорт 1 2745х1700х3.2,500,₽/шт,,,
Плита OSB-3 2440х1220х9 мм,730,₽/шт,,,
Плита OSB-3 2440х1220х12 мм,950,₽/шт,,,
Плита OSB-3 2440х1220х15 мм,1150,₽/шт,,,
Плита OSB-3 2440х1220х18 мм,1380,₽/шт,,,
Плита OSB-3 2440х1220х22 мм,1750,₽/шт,,,
Плита OSB-3 2500х1250х9 мм ,790,₽/шт,,,
Плита OSB-3 2500х1250Х15 мм,1250,₽/шт,Цены и наличие уточняйте,,
Плита OSB-3 2500х1250х18 мм,1500,₽/шт,,,
Плита OSB-3 2500х1250х22 мм,1880,₽/шт,,,
ЦСП сорт 1 1200x3200x20 мм,5610,₽/шт,,,
ЦСП сорт 1 1200x3200x12 мм,3366,₽/шт,,,
ЦСП сорт 1 1200x3200x10 мм,2756,₽/шт,,,
ЦСП 3600х1200х20 мм,4666.08,₽/шт,,,
ЦСП 3100х1200х24 мм,4994.45,₽/шт,,,
ЦСП 3200х1250х24 мм,5785.02,₽/шт,,,
ЦСП 3200х1250х16 мм,4042.98,₽/шт,,,
ЦСП 3200х1250х12 мм,3229.29,₽/шт,1 шт,,
ЦСП 2700х1250х10 мм,3098.68,₽/шт,,,
ЦСП 2700х1250х8 мм,2311.34,₽/шт,,,
ЦСП 3200х1250х10 мм,2849.3,₽/шт,,,
ЦСП 3200х1250х20 мм,4948.42,₽/шт,,,
ЦСП 2700х1250х12 мм,3266.34,₽/шт,,,
ЦСП 2700х1250х16 мм,3668.65,₽/шт,,,
Доска обрезная 45x150(6м),3150.01,₽/шт,,,
Доска обрезная 25x150 (6м),27301.75,₽/м.куб,м.куб,,
Доска обрезная 25x150 (6м),824,₽/шт,шт,,
Доска обрезная 50x100(6м),26133.75,₽/м.куб,м.куб,,
Доска обрезная 50x100(6м),715.08,₽/шт,шт,,
Доска обрезная 50x200(6м),26133.75,₽/м.куб,м.куб,,
Доска обрезная 50x200(6м),1772.55,₽/шт,шт,,
Доска обрезная 32x100(6м),26133.75,₽/м.куб,м.куб,,
Доска обрезная 32x100(6м),567.22,₽/шт,шт,,
Доска обрезная 40x100(6м),26133.75,₽/м.куб,м.куб,,
Доска обрезная 40x100(6м),709.02,₽/шт,шт,,
Доска обрезная 40x150(6м),26133.75,₽/м.куб,м.куб,,Белорусский лес
Доска обрезная 40x150(6м),1063.53,₽/шт,шт,,Белорусский лес
Доска обрезная 50x150(6м),26133.75,₽/м.куб,м.куб,,
Доска обрезная 50x150(6м),1152.16,₽/шт,шт,,
Доска обрезная 25x100(6м) ТУ,22649.25,₽/м.куб,м.куб,,
Доска обрезная 25x100(6м) ТУ,384.05,₽/шт,шт,,
Доска обрезная 40x100(6м) ТУ,22649.25,₽/м.куб,м.куб,,
Доска обрезная 40x100(6м) ТУ,614.48,₽/шт,шт,,
Доска обрезная 40x150 (6м) ТУ,22649.25,₽/м.куб,м.куб,,
Доска обрезная 40x150 (6м) ТУ,921.73,₽/шт,шт,,
Доска обрезная 50x100(6м) ТУ,22649.25,₽/м.куб,м.куб,,
Доска обрезная 50x100(6м) ТУ,768.11,₽/шт,шт,,
Доска полуобрезная 25x100(6м) 2 сорт,18584,₽/м.куб,м.куб,,
Доска полуобрезная 25x100(6м) 2 сорт,315.12,₽/шт,шт,,
Доска полуобрезная 25x150(6м) 2 сорт,18584,₽/м.куб,м.куб,,
Доска полуобрезная 25x150(6м) 2 сорт,472.68,₽/шт,шт,,
Доска сухая строганная 42x145(3м) Сосна,44440,₽/м.куб,м.куб,,
Доска сухая строганная 42x145(3м) Сосна,812.04,₽/шт,шт,,
Доска сухая строганная 20x145(3м) Сосна,54843,₽/м.куб,м.куб,,
Доска сухая строганная 20x145(3м) Сосна,476.72,₽/шт,шт,,
Доска сухая строганная 45x140(3м) Сосна,39895,₽/м.куб,м.куб,,
Доска сухая строганная 45x140(3м) Сосна,753.46,₽/шт,шт,,
Доска сухая строганная 45x90(3м) Сосна,530.25,₽/шт,шт,,
Доска сухая строганная 45x90(3м) Сосна,44535.95,₽/м.куб,м.куб,,
Доска КЕДР 50х200 4 (м),3772.35,₽/шт,,,
Доска сухая строганная 23x140(3м) Сосна,39895,₽/м.куб,м.куб,,
Доска сухая строганная 23x140(3м) Сосна,422.18,₽/шт,шт,,
Доска сухая строганная 23x90(3м) Сосна,39895,₽/м.куб,м.куб,,
Доска сухая строганная 23x90(3м) Сосна,271.79,₽/шт,шт,,
Доска сухая строганная 50х150(4м) Лиственница А-В,42420,₽/м.куб,м.куб,,
Доска сухая строганная 50х150(4м) Лиственница А-В,1272.6,₽/шт,шт,,
Доска сухая строганная 50х200(4м) Лиственница А-В,42420,₽/м.куб,м.куб,,
Доска сухая строганная 50х200(4м) Лиственница А-В,3393.6,₽/шт,шт,,
Доска сухая строганная 25х150(4м) Лиственница А-В,42420,₽/м.куб,м.куб,,
Доска сухая строганная 25х150(4м) Лиственница А-В,1060.5,₽/шт,шт,,
Доска сухая строганная 45х145(6м) Лиственница,2520,₽/шт,шт,,
Доска сухая строганная 45х145(4м) Лиственница,54540,₽/м.куб,м.куб,,
Доска сухая строганная 45х145(4м) Лиственница,1081.71,₽/шт,шт,,
Доска сухая строганная 17х85(4м) Лиственница А-В,43632,₽/м.куб,м.куб,,
Доска сухая строганная 17х85(3м) Лиственница А-В,43632,₽/м.куб,м.куб,,
Доска сухая строганная 25x50(3м) Лиственница,43632,₽/м.куб,м.куб,,
Доска сухая строганная 25x50(3м) Лиственница,962.63,₽/шт,шт,,
Доска сухая строганная 45x90(3м) Лиственница,43632,₽/м.куб,м.куб,,
Доска сухая строганная 45x90(3м) Лиственница,619.03,₽/шт,шт,,
Доска сухая строганная 23x140(3м) Лиственница,43632,₽/м.куб,м.куб,,
Доска сухая строганная 23x140(3м) Лиственница,491.77,₽/шт,шт,,
Доска сухая строганная 23x90(3м) Лиственница,43632,₽/м.куб,м.куб,,
Доска сухая строганная 23x90(3м) Лиственница,316.33,₽/шт,шт,,
Доска палубная лиственница 27Х145 (3М) сорт А,3019.9,₽/кв.м,,,
Доска палубная лиственница 27х120 (4м) сорт А,3019.9,₽/кв.м,,,
Доска половая лиственница 27Х115 (3м) сорт А-В,1706.9,₽/кв.м,,,
Имитация бруса лиственница 20х140 (4м) сорт А-В,1706.9,₽/кв.м,,,
Доска террассная лиственница 27Х145 (3м) сорт А,3019.9,₽/кв.м,,,
Доска террассная лиственница 27Х145 (4м) сорт А,3019.9,₽/кв.м,,,
Брус сухой строганный Сосна 16х40 (4м) А-В,133.32,₽/шт,,,
Рейка 25x50(6м),275,₽/шт,,,
Брус 25x50(3м),136.02,₽/шт,,,
Брус 100x200 (6м),26664,₽/м.куб,м.куб,,
Брус 100x200 (6м),3781.44,₽/шт,шт,,
Брус 100x100(6м),26100,₽/м.куб,м.куб,,
Брус 100x100(6м),1890.72,₽/шт,шт,,
Брус 50x50(3м),291.04,₽/шт,,,
Брус 150x200(6м),26664,₽/м.куб,м.куб,,
Брус 150x200(6м),5672.16,₽/шт,шт,,
Брус 250х200 (6м) Хвоя,11423.1,₽/шт,шт,,
Брус 250х200 (6м) Хвоя,37370,₽/шт,м.куб,,
Брус 200х200 (6м) Хвоя,9090.76,₽/шт,шт,,
Брус 200х200 (6м) Хвоя,37370,₽/шт,м.куб,,
Брус 150х200 (6м) Хвоя,6854.62,₽/шт,шт,,
Брус 150х200 (6м) Хвоя,37370,₽/шт,м.куб,,
Брус строительный 20x40 (3м),84.84,₽/шт,Под заказ,,
Брус строительный 50x50 (6м),582.15,₽/шт,,,
Поддон Евро,454.5,₽/шт,,,
Брус 50x50(3м) сухой строганный,592,₽/шт,,,
Брус сухой строганный Сосна 40х60 (4м) А-В,509.04,₽/шт,,,
Брус сухой строганный Сосна 40x40 (4м) А-В,339.36,₽/шт,,,
Брус сухой строганный Сосна 24х48 (4м) А-В,266.64,₽/шт,,,
Брус сухой строганный Сосна 35x35 (4м) А-В,260.58,₽/шт,,,
Рейка сухая строганная Сосна 30х40 (4м) А-В,254.52,₽/шт,,,
Брус сухой строганный Сосна 30х40 (4м) А-В,254.52,₽/шт,,,
Планкен скошенный 20х120 (4м) Лиственница А-В,1444.3,₽/кв.м,,,
Планкен прямой 20х120 (4м) Лиственница А-В,1444.3,₽/кв.м,,,
Планкен прямой 20х120 (3м) Лиственница А-В,1444.3,₽/кв.м,,,
"Вагонка ""Евро"" Сосна 12.5х96 (2,1м) сорт А-В",1550,₽/упаковка,,,
"Вагонка ""Штиль"" Сосна 14х120 (3м) сорт А-В",5500,₽/упаковка,,,
"Вагонка ""Штиль"" лиственница 16х110 (4м) сорт А-В",1444.3,₽/кв.м,,,
"Вагонка ""Штиль"" Сосна 14х120 (6м) сорт А-В",1560,₽/кв.м,,,
"Вагонка ""Штиль"" лиственница 16х90 (4м) сорт А-В",1444.3,₽/кв.м,,,
Уголок 25x25x3 мм,115,₽/пог. м,пог.м,,НЛМК
Уголок 32x32x3 мм,148,₽/пог. м,пог.м,,НЛМК
Уголок 35x35x3 мм,169,₽/пог. м,пог.м,,НЛМК
Уголок 40x40x3 мм,172,₽/пог. м,пог.м,,НЛМК
Уголок 40x40x4 мм,215,₽/пог. м,пог.м,,НЛМК
Уголок 45x45x4 мм,242,₽/пог. м,пог.м,,НЛМК
Уголок 50x50x4 мм,243,₽/пог. м,пог.м,,НЛМК
Уголок 50x50x5 мм,288,₽/пог. м,пог.м,,НЛМК
Уголок 63x63x4 мм,315,₽/пог. м,пог.м,,НЛМК
Уголок 63x63x5 мм,362,₽/пог. м,пог.м,,НЛМК
Уголок 75x75x5 мм,445,₽/пог. м,пог.м,,НЛМК
Уголок 70x70x6 мм,455,₽/пог. м,пог.м,,НЛМК
Уголок 75x75x6 мм,520,₽/пог. м,пог.м,,НЛМК
Уголок 90x90x6 мм,640,₽/пог. м,пог.м,,НЛМК
Уголок 100X100X7 мм,840,₽/пог. м,пог.м,,НЛМК
Уголок 100X100X8 мм,945,₽/пог. м,пог.м,,НЛМК
Уголок 125X125X8 мм,1,₽/пог. м,пог.м,,НЛМК
Арматура 6 мм,21.46,₽/пог. м,,,
Арматура 8 мм,35.94,₽/пог. м,,,
Арматура 10 мм,51.34,₽/пог. м,,,
Арматура 12 мм,73.66,₽/пог. м,пог.м,,
Арматура 14 мм,97.51,₽/пог. м,,,
Арматура 16 мм,121.56,₽/пог. м,,,
Арматура 18 мм,157.46,₽/пог. м,,,
Арматура 20 мм,191.24,₽/пог. м,,,
Арматура 22 мм,224.9,₽/пог. м,,,
Арматура 25 мм,299.94,₽/пог. м,,,
"Труба профильная 10 x 10 x 1,0 мм",37.97,₽/пог. м,пог.м,,НЛМК
"Труба профильная 10 x 10 x 1,2 мм",43.87,₽/пог. м,пог.м,,НЛМК
"Труба профильная 15 x 15 x 1,2 мм",63.07,₽/пог. м,пог.м,,НЛМК
"Труба профильная 15 x 15 x 1,5 мм",65.36,₽/пог. м,пог.м,,НЛМК
"Труба профильная 20 x 20 x 1,5 мм",84.51,₽/пог. м,пог.м,,НЛМК
"Труба профильная 20 x 20 x 2,0 мм",99.8,₽/пог. м,пог.м,,НЛМК
"Труба профильная 25 x 25 x 1,5 мм",107.47,₽/пог. м,пог.м,,НЛМК
"Труба профильная 25 x 25 x  2,0 мм",129.36,₽/пог. м,пог.м,,НЛМК
Труба профильная 30 x 20 x 1.5 мм,94.01,₽/пог. м,пог.м,,НЛМК
"Труба профильная 30 x 20 x 2,0 мм",129.36,₽/пог. м,пог.м,,НЛМК
"Труба профильная 30 x 30 x 2,0 мм",152.53,₽/пог. м,пог.м,,НЛМК
"Труба профильная 40 x 20 x 1,5 мм",131.57,₽/пог. м,пог.м,,НЛМК
"Труба профильная 40 x 20 x 2,0 мм",152.53,₽/пог. м,пог.м,,НЛМК
"Труба профильная 40 x 20 x 3,0 мм",210.61,₽/пог. м,пог.м,,НЛМК
"Труба профильная 40 x 25 x 1,5 мм",140.01,₽/пог. м,пог.м,,НЛМК
"Труба профильная 40 x 25 x 2,0 мм",166.88,₽/пог. м,пог.м,,НЛМК
"Труба профильная 40 x 25 x 3,0 мм",231.54,₽/пог. м,пог.м,,НЛМК
"Труба профильная 40 x 40 x 1,5 мм",214.51,₽/пог. м,пог.м,,НЛМК
"Труба профильная 40 x 40 x 2,0 мм",209.05,₽/пог. м,пог.м,,НЛМК
"Труба профильная 40 x 40 x 3,0 мм",269.96,₽/пог. м,пог.м,,НЛМК
"Труба профильная 40 x 40 x 4,0 мм",346.28,₽/пог. м,пог.м,,НЛМК
"Труба профильная 50 x 25 x 2,0 мм",194.7,₽/пог. м,пог.м,,НЛМК
"Труба профильная 50 x 25 x 3,0 мм",272.44,₽/пог. м,пог.м,,НЛМК
"Труба профильная 50 x 30 x 2,0 мм",224.91,₽/пог. м,пог.м,,НЛМК
"Труба профильная 50 x 50 x 2,0 мм",265.56,₽/пог. м,пог.м,,НЛМК
"Труба профильная 50 x 50 x 3,0 мм",346.28,₽/пог. м,пог.м,,НЛМК
"Труба профильная 50 x 50 x 4,0 мм",461.6,₽/пог. м,пог.м,,НЛМК
"Труба профильная 60 x 30 x 2,0 мм",237.75,₽/пог. м,пог.м,,НЛМК
"Труба профильная 60 x 30 x 3,0 мм",333.36,₽/пог. м,пог.м,,НЛМК
"Труба профильная 60 x 40 x 3,0 мм",345.47,₽/пог. м,пог.м,,НЛМК
"Труба профильная 60 x 40 x 4,0 мм",461.6,₽/пог. м,пог.м,,НЛМК
"Труба профильная 60 x 60 x 2,0 мм",322.09,₽/пог. м,пог.м,,НЛМК
"Труба профильная 60 x 60 x 3,0 мм",421.78,₽/пог. м,пог.м,,НЛМК
"Труба профильная 60 x 60 x 4,0 мм",566.18,₽/пог. м,пог.м,,НЛМК
"Труба профильная 80 x 40 x 2,0 мм",322.09,₽/пог. м,пог.м,,НЛМК
"Труба профильная 80 x 40 x 3,0 мм",421.78,₽/пог. м,пог.м,,НЛМК
"Труба профильная 80 x 40 x 4,0 мм",566.18,₽/пог. м,пог.м,,НЛМК
"Труба профильная 80 x 60 x 2,0 мм",378.61,₽/пог. м,пог.м,,НЛМК
"Труба профильная 80 x 60 x 3,0 мм",497.33,₽/пог. м,пог.м,,НЛМК
"Труба профильная 80 x 60 x 4,0 мм",648.34,₽/пог. м,пог.м,,НЛМК
"Труба профильная 80 x 80 x 2,0 мм",434.21,₽/пог. м,пог.м,,НЛМК
"Труба профильная 80 x 80 x 3,0 мм",572.84,₽/пог. м,пог.м,,НЛМК
"Труба профильная 80 x 80 x 4,0 мм",762.08,₽/пог. м,пог.м,,НЛМК
"Труба профильная 80 x 80 x 5,0 мм",939.33,₽/пог. м,пог.м,,НЛМК
"Труба профильная 100 x 50 x 3,0 мм",535.08,₽/пог. м,пог.м,,НЛМК
"Труба профильная 100 x 50 x 4,0 мм",722.28,₽/пог. м,пог.м,,НЛМК
"Труба профильная 100 x 60 x 4,0 мм",874.52,₽/пог. м,пог.м,,НЛМК
"Труба профильная 100 x 100 x 3,0 мм",724.68,₽/пог. м,пог.м,,НЛМК
"Труба профильная 100 x 100 x 4,0 мм",952.04,₽/пог. м,пог.м,,НЛМК
"Труба профильная 100 x 100 x 5,0 мм",1386.12,₽/пог. м,пог.м,,НЛМК
"Труба профильная 100 x 100 x 6,0 мм",1637.1,₽/пог. м,пог.м,,НЛМК
"Труба профильная 120 x 60 x 3,0 мм",769.13,₽/пог. м,пог.м,,НЛМК
"Труба профильная 120 x 60 x 4,0 мм",1007.74,₽/пог. м,пог.м,,НЛМК
"Труба профильная 120 x 80 x 3,0 мм",865.15,₽/пог. м,пог.м,,НЛМК
"Труба профильная 120 x 80 x 4,0 мм",1125.63,₽/пог. м,пог.м,,НЛМК
"Труба профильная 120 x 120 x 4,0 мм",1210.54,₽/пог. м,пог.м,,НЛМК
"Труба профильная 120 x 120 x 5,0 мм",1496.51,₽/пог. м,пог.м,,НЛМК
"Труба профильная 140 x 140 x 4,0 мм",1526.05,₽/пог. м,пог.м,,НЛМК
"Труба профильная 140 x 140 x 5,0 мм",1901.18,₽/пог. м,пог.м,,НЛМК
"Труба профильная 150 x 150 x 4,0 мм",1648.06,₽/пог. м,пог.м,,НЛМК
"Труба профильная 160 x 120 x 4,0 мм",1810.34,₽/пог. м,пог.м,,НЛМК
"Труба профильная 160 x 120 x 5,0 мм",2269.81,₽/пог. м,пог.м,,НЛМК
"Труба профильная 160 x 160 x 4,0 мм",1784.64,₽/пог. м,пог.м,,НЛМК
"Труба профильная 180 x 100 x 10,0 мм",4442.81,₽/пог. м,пог.м,,НЛМК
"Труба профильная 180 x 180 x 5,0 мм",3059.37,₽/пог. м,пог.м,,НЛМК
"Труба профильная 200 x 200 x 5,0 мм",3164.61,₽/пог. м,пог.м,,НЛМК
"Труба профильная 200 x 200 x 6,0 мм",3822.6,₽/пог. м,пог.м,,НЛМК
"Труба профильная 240 x 100 x 8,0 мм",5342.62,₽/пог. м,пог.м,,НЛМК
"Лист Г/К 2000х1000 (2,0 мм)",3124.94,₽/шт,шт,,НЛМК
"Лист Г/К 2500х1250 (2,0 мм)",5062.12,₽/шт,шт,,НЛМК
"Лист Г/К 2500х1250 (3,0 мм)",6985.16,₽/шт,шт,,НЛМК
"Лист Г/К 6000х1500 (4,0 мм)",19760.65,₽/шт,шт,,НЛМК
"Лист Г/К 2500х1250 (3,0 мм.) риф",6985.16,₽/шт,шт,,НЛМК
"Лист Г/К 6000х1500 (6,0 мм)",39521.3,₽/шт,шт,,НЛМК
"Лист Г/К 6000х1500 (5,0 мм)",33087.6,₽/шт,шт,,НЛМК
"Лист Г/К 6000х1500 (10,0 мм)",69917.25,₽/шт,шт,,НЛМК
"Лист Г/К 6000х1500 (8,0 мм)",55933.8,₽/шт,шт,,НЛМК
"Лист Г/К 6000х1500 (14,0 мм)",109189.08,₽/шт,шт,,НЛМК
Круг 5.5 мм,18.18,₽/пог. м,пог.м,,НЛМК
Круг 6.5 мм,28.28,₽/пог. м,пог.м,,НЛМК
Круг 8 мм,48.48,₽/пог. м,пог.м,,НЛМК
Круг 10 мм,58.58,₽/пог. м,пог.м,,НЛМК
Круг 12 мм,91.91,₽/пог. м,пог.м,,НЛМК
Круг 14 мм,122.21,₽/пог. м,пог.м,,НЛМК
Круг 16 мм,173.72,₽/пог. м,пог.м,,НЛМК
Круг 18 мм,197.96,₽/пог. м,пог.м,,НЛМК
Круг 20 мм,240.38,₽/пог. м,пог.м,,НЛМК
Круг 22 мм,291.89,₽/пог. м,пог.м,,НЛМК
Круг 25 мм,377.74,₽/пог. м,пог.м,,НЛМК
Круг 30 мм,655.49,₽/пог. м,пог.м,,НЛМК
Круг 32 мм,745.38,₽/пог. м,пог.м,,НЛМК
Круг 36 мм,945.36,₽/пог. м,пог.м,,НЛМК
Круг 40 мм,1179.68,₽/пог. м,пог.м,,НЛМК
Круг 45 мм,1554.39,₽/пог. м,пог.м,,НЛМК
Круг 50 мм,1833.15,₽/пог. м,пог.м,,НЛМК
"Швеллер 6,5",693.87,₽/пог. м,пог.м,,НЛМК
Швеллер 8,767.6,₽/пог. м,пог.м,,НЛМК
Швеллер 10,922.13,₽/пог. м,пог.м,,НЛМК
Швеллер 12,1103.93,₽/пог. м,пог.м,,НЛМК
Швеллер 14,1433.19,₽/пог. м,пог.м,,НЛМК
Швеллер 16,1577.62,₽/пог. м,пог.м,,НЛМК
Швеллер 18,1828.1,₽/пог. м,пог.м,,НЛМК
Швеллер 20,2898.7,₽/пог. м,пог.м,,НЛМК
Швеллер 22,3573.38,₽/шт,пог.м,,НЛМК
Швеллер 24,3891.53,₽/пог. м,пог.м,,НЛМК
Швеллер 27,4458.14,₽/пог. м,пог.м,,НЛМК
"Лист Х/К 2500х1250 (1,2 мм)",3019.9,₽/шт,шт,,НЛМК
"Лист Х/К 2000х1000 (1,5 мм)",2405.82,₽/шт,шт,,НЛМК
"Лист Х/К 2500х1250 (1,5 мм)",3823.86,₽/шт,шт,,НЛМК
"Лист Х/К 2500х1250 (2,0 мм)",6039.8,₽/шт,шт,,НЛМК
"Лист Х/К 2000х1000 (2,0 мм.)",4106.66,₽/шт,шт,,НЛМК
Квадрат 12x12 мм,113.12,₽/пог. м,пог.м,,НЛМК
Квадрат 10x10 мм,83.83,₽/пог. м,пог.м,,НЛМК
Квадрат 8x8 мм,84.84,₽/пог. м,пог.м,,НЛМК
Квадрат 14x14 мм,162.61,₽/пог. м,пог.м,,НЛМК
Квадрат 20x20 мм,357.54,₽/пог. м,пог.м,,НЛМК
Квадрат 16x16 мм,196.95,₽/пог. м,пог.м,,НЛМК
Полоса 20 x 4 мм,95.95,₽/пог. м,пог.м,,НЛМК
Полоса 25 x 4 мм,83.83,₽/пог. м,пог.м,,НЛМК
Полоса 50 x 5 мм,210.08,₽/пог. м,пог.м,,НЛМК
Полоса 40 x 4 мм,133.32,₽/пог. м,пог.м,,НЛМК
Полоса 50 x 4 мм,172.71,₽/пог. м,пог.м,,НЛМК
Полоса 60 x 6 мм,319.16,₽/пог. м,пог.м,,НЛМК
Полоса 80 x 8 мм,597.92,₽/пог. м,пог.м,,НЛМК
Полоса 100 x 8 мм,726.19,₽/пог. м,пог.м,,НЛМК
Балка 14,1809.92,₽/пог. м,пог.м,,НЛМК
Балка 12,1870.52,₽/пог. м,пог.м,,НЛМК
Балка 18,3072.42,₽/пог. м,пог.м,,НЛМК
Балка 16,2048.28,₽/пог. м,пог.м,,НЛМК
Балка 20,3177.46,₽/пог. м,пог.м,,НЛМК
Балка 25,3826.89,₽/пог. м,пог.м,,НЛМК
"Труба круглая 15 x 2,5 мм",122.21,₽/пог. м,пог.м,,НЛМК
"Труба круглая 15 x 2,8 мм",127.26,₽/пог. м,пог.м,,НЛМК
"Труба круглая 20 x 2,0 мм",121.2,₽/пог. м,пог.м,,НЛМК
"Труба круглая 20 x 2,5 мм",149.48,₽/пог. м,пог.м,,НЛМК
"Труба круглая 20 x 2,8 мм",165.64,₽/пог. м,пог.м,,НЛМК
"Труба круглая 25 x 2,5 мм",152.51,₽/пог. м,пог.м,,НЛМК
"Труба круглая 25 x 2,8 мм",211.09,₽/пог. м,пог.м,,НЛМК
"Труба круглая 32 x 2,8 мм",266.64,₽/пог. м,пог.м,,НЛМК
"Труба круглая 32 x 3,2 мм",304.01,₽/пог. м,пог.м,,НЛМК
"Труба круглая 40 x 3,0 мм",321.18,₽/пог. м,пог.м,,НЛМК
"Труба круглая 57 x 2,5 мм",334.31,₽/пог. м,пог.м,,НЛМК
"Труба круглая 57 x 3,0 мм",393.9,₽/пог. м,пог.м,,НЛМК
"Труба круглая 57 x 3,5 мм",454.5,₽/пог. м,пог.м,,НЛМК
"Труба круглая 76 x 3,0 мм",531.26,₽/пог. м,пог.м,,НЛМК
"Труба круглая 76 x 3,5 мм",616.1,₽/пог. м,пог.м,,НЛМК
"Труба круглая 89 х 3,0 мм",626.2,₽/пог. м,пог.м,,НЛМК
"Труба круглая 102 x 3,0 мм",720.13,₽/пог. м,пог.м,,НЛМК
Труба круглая 108 x 3 мм,764.57,₽/пог. м,пог.м,,НЛМК
"Труба круглая 108 x 3,5 мм",899.91,₽/пог. м,пог.м,,НЛМК
"Труба круглая 114 x 4,0 мм",1139.28,₽/пог. м,пог.м,,НЛМК
"Труба круглая 159 x 4,0 мм",1606.91,₽/пог. м,пог.м,,НЛМК
"Проволока термически обработанная (вязальная) 1.2 мм, бухта",197.73,₽/кг,,,
"Проволока термически обработанная (вязальная) 1.4 мм, бухта",292.9,₽/кг,,,
"Проволока термически обработанная (вязальная) 2.0 мм, бухта",188.08,₽/кг,,,
"Проволока термически обработанная (вязальная) 3.0 мм, бухта",191.94,₽/кг,,,
"Проволока термически обработанная (вязальная) 6.0 мм, бухта",258.6,₽/кг,,,
Вырубка 5 см х 15 м (рулон),221.19,₽/рулон,1 рулон,,НЛМК
Вырубка 6.5 см х 15 м (рулон),409.05,₽/рулон,1 рулон,,НЛМК
Вырубка 8 см х 15 м (рулон),661.55,₽/рулон,1 рулон,,НЛМК
Вырубка 10 см х 15 м (рулон),743.85,₽/рулон,1 рулон,,НЛМК
Вырубка 13 см х 15 м (рулон),709.02,₽/рулон,1 рулон,,НЛМК
Вырубка 20 см х 15 м сталь черная (рулон),1086.76,₽/рулон,1 рулон,,НЛМК
Вырубка 24 см х 2 м сталь (полоса),500.5,₽/шт,,,НЛМК
Вырубка 21 см х 2 м сталь (полоса),435.5,₽/шт,,,НЛМК
Щебень 5-20 гранитный Биг-бег,3610.7,₽/шт,,,Богучарский карьер
Щебень 20-40 гранитный Биг-Бег,3545.1,₽/шт,,,Богучарский карьер
Щебень 40-70 гранитный Биг-бег,0,₽/шт,Под заказ,,Богучарский карьер
Щебень 5-20 гранитный 5 т,18053.7,₽/шт,,,Богучарский карьер
Щебень 20-40 гранитный 5 т,17725.5,₽/шт,,,Богучарский карьер
Щебень 40-70 гранитный 5 т,0,₽/шт,Под заказ,,Богучарский карьер
Щебень 5-20 гранитный 10 т,36107.5,₽/шт,,,Богучарский карьер
Щебень 20-40 гранитный 10 т,35451.01,₽/шт,,,Богучарский карьер
Щебень 40-70 гранитный 10 т,0,₽/шт,Под заказ,,Богучарский карьер
Щебень 5-20 гранитный 15 т,54161.2,₽/шт,,,Богучарский карьер
Щебень 20-40 гранитный 15 т,53176.5,₽/шт,,,Богучарский карьер
Щебень 40-70 гранитный 15 т,0,₽/шт,Под заказ,,Богучарский карьер
Щебень 5-20 гранитный 30 т,108322,₽/шт,,,Богучарский карьер
Щебень 20-40 гранитный 30 т,106353,₽/шт,,,Богучарский карьер
Щебень 40-70 гранитный 30 т,0,₽/шт,Под заказ,,Богучарский карьер
Щебень 5-20 песчанник в мешке,150,₽/шт,,,Бугултайский карьер
Щебень 20-40 песчанник в мешке,145,₽/шт,,,Бугултайский карьер
Щебень 40-70 песчанник в мешке,140,₽/шт,,,Бугултайский карьер
Щебень 5-20 песчанник Биг-бег,3800,₽/шт,,,Бугултайский карьер
Щебень 20-40 песчанник Биг-бег,1700,₽/шт,,,Бугултайский карьер
Щебень 20-40 песчанник 5т,3500,₽/шт,,,Бугултайский карьер
Щебень 40-70 песчанник Биг-бег,1950,₽/шт,,,Бугултайский карьер
Щебень 40-70 песчанник 5т,3500,₽/шт,,,Бугултайский карьер
Щебень 5-20 песчанник 5т,3750,₽/шт,,,Бугултайский карьер
Щебень 5-20 песчанник 10т,7500,₽/шт,,,Бугултайский карьер
Щебень 20-40 песчанник 10т,7000,₽/шт,,,Бугултайский карьер
Щебень 40-70 песчанник 10т,7000,₽/шт,,,Бугултайский карьер
Щебень 5-20 песчанник 15т,11250,₽/шт,,,Бугултайский карьер
Щебень 20-40 песчанник 15т,10500,₽/шт,,,Бугултайский карьер
Щебень 40-70 песчанник 15т,10500,₽/шт,,,Бугултайский карьер
Щебень 5-20 песчанник 30 т,22500,₽/шт,,,Бугултайский карьер
Щебень 20-40 песчанник 30 т,22500,₽/шт,,,Бугултайский карьер
Щебень 40-70 песчанник 30 т,21000,₽/шт,,,Бугултайский карьер
Щебень 5-20 известняковый Биг-бег,1650,₽/шт,,,Богучарский карьер
Щебень 20-40 известняковый Биг-бег,1600,₽/шт,,,Богучарский карьер
Щебень 40-70 известняковый Биг-бег,1550,₽/шт,,,Богучарский карьер
Щебень 5-20 известняковый 5 т,3450,₽/шт,,,Богучарский карьер
Щебень 20-40 известняковый 5 т,3000,₽/шт,,,Богучарский карьер
Щебень 40-70 известняковый 5 т,2750,₽/шт,,,Богучарский карьер
Щебень 5-20 известняковый 10 т,6500,₽/шт,,,Богучарский карьер
Щебень 20-40 известняковый 10 т,6000,₽/шт,,,Богучарский карьер
Щебень 40-70 известняковый 10 т,5500,₽/шт,,,Богучарский карьер
Щебень 5-20 известняковый 15 т,9750,₽/шт,,,Богучарский карьер
Щебень 20-40 известняковый 15 т,9000,₽/шт,,,Богучарский карьер
Щебень 5-20 известняковый 30 т,19500,₽/шт,,,Богучарский карьер
Щебень 40-70 известняковый 15 т,8250,₽/шт,,,Богучарский карьер
Щебень 20-40 известняковый 30 т,18000,₽/шт,,,Богучарский карьер
Щебень 40-70 известняковый 30 т,16500,₽/шт,,,Богучарский карьер
Речной песок в мешках,85,₽/шт,,,
Песок речной 1 т,2080,₽/шт,,,
Песок речной 3 т,1890,₽/шт,,,
Песок речной 5 т,3150,₽/шт,,,
Песок речной 10 т,6300,₽/шт,,,
Песок речной 15 т,9450,₽/шт,,,
Песок речной 30 т,18900,₽/шт,,,
Песок карьерный в мешках,88,₽/шт,,,
Песок карьерный биг-бег,1004,₽/шт,,,
Песок карьерный 3 т,1957,₽/шт,,,
Песок карьерный 5 т,3262,₽/шт,,,
Песок карьерный 10 т,6524,₽/шт,,,
Песок карьерный 15 т,9786,₽/шт,,,
Песок карьерный 30 т,19572,₽/шт,,,
Песок белый в мешках,252.5,₽/шт,,,
Белый песок биг-бег,1487,₽/шт,,,
Белый песок 3 т,3036,₽/шт,,,
Белый песок 5 т,5060,₽/шт,,,
Белый песок 10 т,10120,₽/шт,,,
Белый песок 15 т,15180,₽/шт,,,
Белый песок 30 т,30360,₽/шт,,,
"Кварцевый песок мелкий 0,1-0,4 биг-бэг",9230,₽/шт,,,
"Кварцевый песок мелкий 0,1-0,4 мешок",403,₽/шт,,,
"Кварцевый песок мелкий 0,1-0,6 биг-бэг",8645,₽/шт,,,
"Кварцевый песок мелкий 0,1-0,6 мешок",403,₽/шт,,,
"Кварцевый песок мелкий 0,16-0,5 биг-бэг",9945,₽/шт,,,
"Кварцевый песок мелкий 0,2-0,4 биг-бэг",9425,₽/шт,,,
"Кварцевый песок мелкий 0,2-0,4 мешок",403,₽/шт,,,
"Кварцевый песок мелкий 0,3-0,6 биг-бэг",8385,₽/шт,,,
"Кварцевый песок мелкий 0,3-0,6 мешок",403,₽/шт,,,
"Кварцевый песок мелкий 0,3-0,8 биг-бэг",14170,₽/шт,,,
"Кварцевый песок мелкий 0,3-0,8 мешок",546,₽/шт,,,
"Кварцевый песок мелкий 0,1-0,5 биг-бэг",9100,₽/шт,,,
"Кварцевый песок мелкий 0,1-0,5 мешок",403,₽/шт,,,
"Кварцевый песок мелкий 0,16-0,63 биг-бэг",9945,₽/шт,,,
"Кварцевый песок мелкий 0,16-0,63 мешок",403,₽/шт,,,
"Кварцевый песок мелкий 0,2-0,8 биг-бэг",9425,₽/шт,,,
"Кварцевый песок мелкий 0,315-0,8 биг-бэг",11310,₽/шт,,,
"Кварцевый песок мелкий 0,315-0,8 мешок",546,₽/шт,,,
"Кварцевый песок средний 0,4-1,2 мешок",1495,₽/шт,,,
"Кварцевый песок средний 0,5-1,0 мешок",546,₽/шт,,,
"Кварцевый песок средний 0,6-1,0 биг-бэг",12090,₽/шт,,,
"Кварцевый песок средний 0,6-1,0 мешок",546,₽/шт,,,
"Кварцевый песок средний 0,6-1,2 биг-бэг",12090,₽/шт,,,
"Кварцевый песок средний 0,6-1,2 мешок",546,₽/шт,,,
"Кварцевый песок средний 0,8-1,6 биг-бэг",13780,₽/шт,,,
"Кварцевый песок средний 0,8-1,6 мешок",546,₽/шт,,,
"Кварцевый песок средний 0,8-2,0 биг-бэг",13260,₽/шт,,,
"Кварцевый песок средний 0,8-2,0 мешок",546,₽/шт,,,
"Кварцевый песок средний 0,3-1,0 биг-бэг",11310,₽/шт,,,
"Кварцевый песок средний 0,4-1,2 биг-бэг",45500,₽/шт,,,
"Кварцевый песок средний 0,4-2,0 биг-бэг",11310,₽/шт,,,
"Кварцевый песок средний 0,5-0,8 биг-бэг",12610,₽/шт,,,
"Кварцевый песок средний 0,5-0,8 мешок",546,₽/шт,,,
"Кварцевый песок средний 0,5-1,0 биг-бэг",11960,₽/шт,,,
"Кварцевый песок средний 0,5-1,2 биг-бэг",11960,₽/шт,,,
"Кварцевый песок средний 0,5-1,25 мешок",676,₽/шт,,,
"Кварцевый песок средний 0,6-1,35 биг-бэг",11830,₽/шт,,,
"Кварцевый песок средний 0,63-1,2 биг-бэг",13780,₽/шт,,,
"Кварцевый песок средний 0,63-1,25 биг-бэг",11310,₽/шт,,,
"Кварцевый песок средний 0,7-2,0 биг-бэг",11310,₽/шт,,,
"Кварцевый песок средний 0,8-1,2 биг-бэг",11830,₽/шт,,,
"Кварцевый песок средний 0,8-1,25 биг-бэг",11830,₽/шт,,,
"Кварцевый песок средний 0,8-2,5 биг-бэг",12610,₽/шт,,,
"Кварцевый песок средний 0,8-2,5 мешок",546,₽/шт,,,
"Кварцевый песок крупный 1,2-2,5 мешок",546,₽/шт,,,
"Кварцевый песок крупный 1,6-4,0 биг-бэг",13910,₽/шт,,,
"Кварцевый песок крупный 1,6-4,0 мешок",676,₽/шт,,,
"Кварцевый песок крупный 2,0-5,0 биг-бэг",13910,₽/шт,,,
"Кварцевый песок крупный 2,0-5,0 мешок",676,₽/шт,,,
"Кварцевый песок крупный 4,0-7,0 биг-бэг",17810,₽/шт,,,
"Кварцевый песок крупный 4,0-7,0 мешок",715,₽/шт,,,
"Кварцевый песок крупный 1,0-1,6 биг-бэг",12610,₽/шт,,,
"Кварцевый песок крупный 1,0-2,0 биг-бэг",12610,₽/шт,,,
"Кварцевый песок крупный 1,0-2,0 мешок",546,₽/шт,,,
"Кварцевый песок крупный 1,0-3,0 биг-бэг",12610,₽/шт,,,
"Кварцевый песок крупный 1,0-3,0 мешок",546,₽/шт,,,
"Кварцевый песок крупный 1,2-2,5 биг-бэг",13000,₽/шт,,,
"Кварцевый песок крупный 1,6-7,0 биг-бэг",13910,₽/шт,,,
"Кварцевый песок крупный 2,0-3,0 биг-бэг",11310,₽/шт,,,
Известь негашеная 30кг,1300,₽/шт,,,
Известь гашеная биг-бег,24000,₽/шт,,,
Известь гашеная 25кг,670,₽/шт,,,
Мраморная крошка 20-40 мм матовая 25 кг,715,₽/шт,,,
Мраморная крошка 20-40 мм матовая 50 кг,975,₽/шт,,,
Мраморная крошка 20-40 мм матовая биг-бег,14950,₽/шт,,,
Мраморная крошка 40-70 мм матовая 25 кг,715,₽/шт,,,
Мраморная крошка 40-70 мм матовая 50 кг,1105,₽/шт,,,
Мраморная крошка 40-70 мм матовая биг-бег,16250,₽/шт,,,
Мраморная крошка 5-10 мм блестящая 25 кг,585,₽/шт,,,
Мраморная крошка 5-10 мм блестящая 50 кг,910,₽/шт,,,
Мраморная крошка 5-10 мм блестящая биг-бег,13650,₽/шт,,,
Мраморная крошка 10-20 мм блестящая 25 кг,585,₽/шт,,,
Мраморная крошка 10-20 мм блестящая 50 кг,910,₽/шт,,,
Мраморная крошка 10-20 мм блестящая биг-бег,13650,₽/шт,,,
Мраморная крошка 20-40 мм блестящая 25 кг,650,₽/шт,,,
Мраморная крошка 20-40 мм блестящая 50 кг,910,₽/шт,,,
Мраморная крошка 20-40 мм блестящая биг-бег,14300,₽/шт,,,
Глина 15 т,12500,₽/машина,,,
Керамзит 20-40 мм,2200,₽/м.куб,от 30 м3,,
Керамзит 20-40 мм биг-бег,3200,₽/шт,,,
Керамзит 20-40 мм в мешке,236,₽/шт,,,
Керамзит 10-20 мм,4400,₽/м.куб,от 30 м3,,
Керамзит 10-20 мм биг-бег,5396,₽/шт,,,
Керамзит 10-20 мм в мешке,252,₽/шт,,,
Керамзит 5-20 мм,5500,₽/м.куб,от 30 м3,,
Керамзит 5-20 мм биг-бег,5550,₽/шт,,,
Керамзит 5-20 мм в мешке,260,₽/шт,,,
Керамзит 5-10 мм,2700,₽/м.куб,от 30 м3,,
Керамзит 5-10 мм биг-бег,4700,₽/шт,,,
Керамзит 5-10 мм в мешке,268,₽/шт,,,
Керамзит 0-10 мм,2400,₽/м.куб,от 30 м3,,
Керамзит 0-10 мм биг-бег,3400,₽/шт,,,
Керамзит 0-10 мм в мешке,252,₽/шт,,,
Белый цемент Сimsa M600 50кг,0,₽/шт,Под заказ,,Сimsa
Белый цемент OYAK M500 25кг ,0,₽/шт,Под заказ,,OYAK
Белый цемент OYAK M500 50кг,0,₽/шт,Под заказ,,OYAK
Белый цемент Cemix М500 1000кг,29945.04,₽/ Биг-бег,,,Cemix
Белый цемент Cemix М500 D0 40кг,1361.29,₽/шт,,,Cemix
Белый цемент Holcim M-500 50кг,1837,₽/шт,,,Holcim
Белый цемент Holcim M-500 1000кг,0,₽/ Биг-бег,Под заказ,,Holcim
Белый цемент Иранский М500 50кг,0,₽/шт,Под заказ,,Sargh White Cement
Цемент Новороссийский M500 D0 25кг,379.89,₽/шт,,,Новоросцемент
Цемент Новороссийский M500 D0 50кг,686.41,₽/шт,,,Новоросцемент
Цемент Новороссийский M500 D20 25кг,364.26,₽/шт,,,Новоросцемент
Цемент Новороссийский M500 D20 50кг,661.47,₽/шт,,,Новоросцемент
Цемент Новороссийский M500 D0 1000кг,13918.46,₽/ Биг-бег,,,Новоросцемент
Цемент Себряковский M500 CEM-0 (Цементовоз),10200,₽/т,,,Себряковский цементный завод
Цемент Себряковский M500 D0 1000кг,12620.13,₽/ Биг-бег,,,Себряковский цементный завод
Цемент Себряковский М500 D20 50кг,641.26,₽/шт,,,Себряковский цементный завод
Монолитцемент Profi М500 D-0 50кг,648.26,₽/шт,,,Монолитцемент
Монолитцемент Sulfa М-500 D20 1000кг,0,₽/ Биг-бег,Под заказ,,Монолитцемент
Монолитцемент Sulfa М-500 D20 50кг,623.74,₽/шт,,,Монолитцемент
Монолитцемент Eco M500 CEM-0 1000кг,12473.45,₽/ Биг-бег,,,Монолитцемент
Монолитцемент Eco M500 D0 50кг,629.48,₽/шт,,,Монолитцемент
Монолитцемент Eco М500 D0 25кг,347.26,₽/шт,,,Монолитцемент
Цемент ЦемРос черкесский M500 D20 50кг,596.81,₽/шт,,,ЦемРос
Цемент ЦемРос M500 D0 50кг,585.48,₽/шт,,,ЦемРос
Цемент ЦемРос M500 D0 1000кг,12971.86,₽/ Биг-бег,,,ЦемРос
"Штукатурка под окраску Ceresit ""CT35 короед 3.5 мм""",1300,₽/шт,,,Ceresit
"Шпатлевка фасадная финишная Ceresit ""CT225 белая""",1700,₽/шт,,,Ceresit
Сухая смесь для гидроизоляции Ceresit CR 65,1600,₽/шт,,,Ceresit
Затирка-герметик Ceresit CS25 №58 (Темно коричневая),1050,₽/шт,,,Ceresit
Затирка-герметик Ceresit CS25 №07 (Серая),1050,₽/шт,,,Ceresit
Затирка-герметик Ceresit CS25 №04 (Серебристо-серая),1050,₽/шт,,,Ceresit
Затирка-герметик Ceresit CS25 №55 (Светло коричневая),1050,₽/шт,,,Ceresit
Затирка-герметик Ceresit CS25 №41 (Натура),1050,₽/шт,,,Ceresit
Затирка-герметик Ceresit CS25 №46 (Карамель),1050,₽/шт,,,Ceresit
Затирка-герметик Ceresit CS25 №40 (Жасмин),1050,₽/шт,,,Ceresit
Затирка-герметик Ceresit CS25 №16 (Графит),1050,₽/шт,,,Ceresit
Затирка-герметик Ceresit CS25 №01 (Белая),1050,₽/шт,,,Ceresit
Затирка-герметик Ceresit CS25 №43 (Багама),1050,₽/шт,,,Ceresit
Затирка-герметик Ceresit CS25 №13 (Антрацит),1050,₽/шт,,,Ceresit
Затирка Ceresit CE40 №58 (Темно-коричневая),580,₽/шт,,,Ceresit
Затирка Ceresit CE40 №60 (Темный шоколад),590,₽/шт,,,Ceresit
Затирка Ceresit EC40 №04 (Серебристо-серая),1100,₽/шт,,,Ceresit
Затирка Ceresit CE40 №07 (Серая),460,₽/шт,,,Ceresit
Затирка Ceresit CE40 №55 (Светло коричневая),570,₽/шт,,,Ceresit
Затирка Ceresit CE40 №41 (Натура),695,₽/шт,,,Ceresit
Затирка Ceresit CE40 №10 (Манхеттен),470,₽/шт,,,Ceresit
Затирка Ceresit CE40 №42 (Латте),630,₽/шт,,,Ceresit
Затирка Ceresit CE40 №46 (Карамель),600,₽/шт,,,Ceresit
Затирка Ceresit CE40 №40 (Жасмин),540,₽/шт,,,Ceresit
Затирка Ceresit CE40 №16 (Графит),550,₽/шт,,,Ceresit
Затирка Ceresit CE40 №01 (Белая),520,₽/шт,,,Ceresit
Затирка Ceresit CE40 №43 (Багама),550,₽/шт,,,Ceresit
Затирка Ceresit CE40 №13 (Антрацит темно серая),570,₽/шт,,,Ceresit
Затирка Ceresit CE33 №58 (Темно-коричневая),500.08,₽/шт,,,Ceresit
Затирка Ceresit CE33 №04 (Серебристо-серая),450,₽/шт,,,Ceresit
Затирка Ceresit CE33 №31 (Роса),360.98,₽/шт,,,Ceresit
Затирка Ceresit CE33 №07 (Серая),430,₽/шт,,,Ceresit
Затирка Ceresit CE33 №55 (Светло коричневая),500,₽/шт,,,Ceresit
Затирка Ceresit CE33 №41 (Натура),430,₽/шт,,,Ceresit
Затирка Ceresit CE33 №64 (Мята),450,₽/шт,,,Ceresit
Затирка Ceresit CE33 №10 (Манхеттен),410,₽/шт,,,Ceresit
Затирка Ceresit CE33 №67 (Киви),450,₽/шт,,,Ceresit
Затирка Ceresit CE33 №46 (Карамель),410,₽/шт,,,Ceresit
Затирка Ceresit CE33 №52 (Какао),510,₽/шт,,,Ceresit
Затирка Ceresit CE33 №70 (Зеленая),450,₽/шт,,,Ceresit
Затирка Ceresit CE33 №40 (Жасмин),410,₽/шт,,,Ceresit
Затирка Ceresit CE33 №16 (Графит черная),510,₽/шт,,,Ceresit
Затирка Ceresit CE33 №82 (Голубой),980,₽/шт,,,Ceresit
Затирка Ceresit CE33 №01 (Белая),370,₽/шт,,,Ceresit
Затирка Ceresit CE33 №43 (Багама беж),430,₽/шт,,,Ceresit
Затирка Ceresit CE33 №13 (Антрацит темно серая),430,₽/шт,,,Ceresit
Затирка Ceresit CE40 №58 (Темно-коричневая),580,₽/шт,,,Ceresit
Затирка Ceresit CE40 №60 (Темный шоколад),590,₽/шт,,,Ceresit
Затирка Ceresit EC40 №04 (Серебристо-серая),1100,₽/шт,,,Ceresit
Затирка Ceresit CE40 №07 (Серая),460,₽/шт,,,Ceresit
Затирка Ceresit CE40 №55 (Светло коричневая),570,₽/шт,,,Ceresit
Затирка Ceresit CE40 №41 (Натура),695,₽/шт,,,Ceresit
Затирка Ceresit CE40 №10 (Манхеттен),470,₽/шт,,,Ceresit
Затирка Ceresit CE40 №42 (Латте),630,₽/шт,,,Ceresit
Затирка Ceresit CE40 №46 (Карамель),600,₽/шт,,,Ceresit
Затирка Ceresit CE40 №40 (Жасмин),540,₽/шт,,,Ceresit
Затирка Ceresit CE40 №16 (Графит),550,₽/шт,,,Ceresit
Затирка Ceresit CE40 №01 (Белая),520,₽/шт,,,Ceresit
Затирка Ceresit CE40 №43 (Багама),550,₽/шт,,,Ceresit
Затирка Ceresit CE40 №13 (Антрацит темно серая),570,₽/шт,,,Ceresit
Затирка Ceresit CE33 №58 (Темно-коричневая),500.08,₽/шт,,,Ceresit
Затирка Ceresit CE33 №04 (Серебристо-серая),450,₽/шт,,,Ceresit
Затирка Ceresit CE33 №31 (Роса),360.98,₽/шт,,,Ceresit
Затирка Ceresit CE33 №07 (Серая),430,₽/шт,,,Ceresit
Затирка Ceresit CE33 №55 (Светло коричневая),500,₽/шт,,,Ceresit
Затирка Ceresit CE33 №41 (Натура),430,₽/шт,,,Ceresit
Затирка Ceresit CE33 №64 (Мята),450,₽/шт,,,Ceresit
Затирка Ceresit CE33 №10 (Манхеттен),410,₽/шт,,,Ceresit
Затирка Ceresit CE33 №67 (Киви),450,₽/шт,,,Ceresit
Затирка Ceresit CE33 №46 (Карамель),410,₽/шт,,,Ceresit
Затирка Ceresit CE33 №52 (Какао),510,₽/шт,,,Ceresit
Затирка Ceresit CE33 №70 (Зеленая),450,₽/шт,,,Ceresit
Затирка Ceresit CE33 №40 (Жасмин),410,₽/шт,,,Ceresit
Затирка Ceresit CE33 №16 (Графит черная),510,₽/шт,,,Ceresit
Затирка Ceresit CE33 №82 (Голубой),980,₽/шт,,,Ceresit
Затирка Ceresit CE33 №01 (Белая),370,₽/шт,,,Ceresit
Затирка Ceresit CE33 №43 (Багама беж),430,₽/шт,,,Ceresit
Затирка Ceresit CE33 №13 (Антрацит темно серая),430,₽/шт,,,Ceresit
Затирка-герметик Ceresit CS25 №58 (Темно коричневая),1050,₽/шт,,,Ceresit
Затирка-герметик Ceresit CS25 №07 (Серая),1050,₽/шт,,,Ceresit
Затирка-герметик Ceresit CS25 №04 (Серебристо-серая),1050,₽/шт,,,Ceresit
Затирка-герметик Ceresit CS25 №55 (Светло коричневая),1050,₽/шт,,,Ceresit
Затирка-герметик Ceresit CS25 №41 (Натура),1050,₽/шт,,,Ceresit
Затирка-герметик Ceresit CS25 №46 (Карамель),1050,₽/шт,,,Ceresit
Затирка-герметик Ceresit CS25 №40 (Жасмин),1050,₽/шт,,,Ceresit
Затирка-герметик Ceresit CS25 №16 (Графит),1050,₽/шт,,,Ceresit
Затирка-герметик Ceresit CS25 №01 (Белая),1050,₽/шт,,,Ceresit
Затирка-герметик Ceresit CS25 №43 (Багама),1050,₽/шт,,,Ceresit
Затирка-герметик Ceresit CS25 №13 (Антрацит),1050,₽/шт,,,Ceresit
"Наливной пол самовыравнивающийся Ceresit ""CN175""",890.96,₽/шт,,,Ceresit
"Стяжка легковыравнивающаяся Ceresit ""CN178""",1345,₽/шт,,,Ceresit
Клей для плитки Церезит СМ-17 25 кг (аэрогель),2850,₽/шт,,,Ceresit
Клей для плитки Церезит СМ-16 25 кг,1600,₽/шт,,,
Клей для плитки Ceresit СМ-14 25 кг,815,₽/шт,,,Ceresit
"Плиточный клей универсальный Ceresit ""СМ 117 Elast""",1829.08,₽/шт,,,Ceresit
"Шпатлевка Toiler ""TL-300""",440.69,₽/шт,,,Toiler
"Шпатлевка Toiler ""TL-307""",520.53,₽/шт,,,Toiler
"Штукатурка Toiler ""TL-211""",325.39,₽/шт,,,Toiler
"Кладочная смесь Toiler ""TL-Кладочный""",270,₽/шт,,,Toiler
"Кладочная смесь Toiler ""TL-Кладочный Белый""",415,₽/шт,,,Toiler
"Плиточный клей Toiler ""TL-90""",490,₽/шт,,,Toiler
"Плиточный клей Toiler ""TL-35""",510,₽/шт,,,Toiler
"Плиточный клей Toiler ""TL-15""",270.15,₽/шт,,,Toiler
"Стяжка пола Toiler ""TL-150""",550.96,₽/шт,,,Toiler
"Стяжка пола Toiler ""TL-114""",310,₽/шт,,,Toiler
"Стяжка пола Toiler ""TL-104""",320.1,₽/шт,,,Toiler
Скрепа М600 инъекционная в мешке,3300.04,₽/шт,,,Скрепа
Скрепа М600 инъекционная,2850,₽/шт,,,Скрепа
Скрепа М700 конструкционная в мешке,1750,₽/шт,,,Скрепа
Скрепа М700 конструкционная,2650,₽/шт,,,Скрепа
Скрепа М500 ремонтная в мешке,2700,₽/шт,,,Скрепа
Скрепа М500 ремонтная,3150,₽/шт,,,Скрепа
Скрепа 2К эластичная,8500,₽/шт,,,Скрепа
Скрепа финишная,2750,₽/шт,,,Скрепа
Скрепа зимняя в мешке,2800,₽/шт,,,Скрепа
Скрепа зимняя,3750,₽/шт,,,Скрепа
Скрепа самонивелир в мешке,2600,₽/шт,,,Скрепа
Скрепа самонивелир,3200,₽/шт,,,Скрепа
SikaEmaco T 1101 TIX W \  Тикс Зимний,5537,₽/шт,,,Emaco
SikaEmaco S 488 (EMACO S 88 C),2500,₽/шт,,,Emaco
SikaEmaco N 900 (EMACO 90),3800,₽/шт,,,Emaco
SikaEmaco S 5400 (EMACO Nanocrete R4),4300,₽/шт,,,Emaco
SikaEmaco S 55 (SicaFlow 928),2650,₽/шт,,,Emaco
SikaEmaco S 488 PG (EMACO S 88),2950,₽/шт,,,Emaco
SikaEmaco T 1200 PG (EMACO FAST FLUID),2950,₽/шт,,,Emaco
SikaEmaco T 1100 TIX W (EMACO FAST TIXO W),5137,₽/шт,,,Emaco
SikaEmaco N 310 gris clair (светлосерый),2000,₽/мешок,,,Emaco
SikaEmaco A 640 (MACFLOW),3660,₽/шт,,,Emaco
SikaEmaco P 5000 AP (EMACO Nanocrete AP),7200,₽/шт,,,Emaco
SikaEmaco S 540 FR (EMACO SFR),2400,₽/шт,,,Emaco
SikaEmaco T 1400 (EMACO FAST FIBRE),3100,₽/шт,,,Emaco
"Шпатлевка HABEZ ""Финиш""",430,₽/шт,,,Habez-gips
"Гипс строительный HABEZ ""Алебастр""",360,₽/шт,,,Habez-gips
"Штукатурка стартовая HABEZ ""СТАРТ""",390.4,₽/шт,,,Habez-gips
"Раствор кладочный MAXPOL ""Премиум темно-коричневый""",760,₽/шт,,,Maxpol
"Раствор кладочный MAXPOL ""Премиум коричневый""",785,₽/шт,,,Maxpol
"Раствор кладочный MAXPOL ""Премиум свелто-желтый""",645,₽/шт,,,Maxpol
"Раствор кладочный MAXPOL ""Премиум желтый""",680,₽/шт,,,Maxpol
"Раствор кладочный MAXPOL ""Премиум кремовый""",645,₽/шт,,,Maxpol
"Раствор кладочный MAXPOL ""Премиум белый Мрамор""",895,₽/шт,,,Maxpol
"Раствор кладочный MAXPOL ""Премиум белый""",620,₽/шт,,,Maxpol
"Раствор кладочный MAXPOL ""Премиум серый""",800,₽/шт,,,Maxpol
"Раствор кладочный MAXPOL ""Премиум темно-серый""",800,₽/шт,,,Maxpol
"Раствор кладочный MAXPOL ""Премиум светло-серый""",755,₽/шт,,,Maxpol
"Раствор кладочный MAXPOL ""Премиум цементно-серый""",635,₽/шт,,,Maxpol
"Штукатурка Волма ""Короед""",620,₽/мешок,,,Волма
"Штукатурка Волма ""Старт""",440.8,₽/шт,,,Волма
"Штукатурка Волма ""Гипс-Актив""",460.46,₽/шт,,,Волма
"Штукатурка Волма ""Пласт""",470.7,₽/шт,,,Волма
"Штукатурка Волма ""Cлой""",565,₽/шт,,,Волма
"Штукатурка Волма ""Акваслой""",595.09,₽/шт,,,Волма
"Штукатурка Волма ""Цоколь""",530.01,₽/шт,,,Волма
"Штукатурка Волма ""Аквапласт""",470.6,₽/шт,,,Волма
"Смесь монтажная Волма ""Монтаж""",495.91,₽/шт,,,Волма
"Шпатлевка Волма ""Аквастандарт светлый""",600,₽/шт,,,Волма
"Шпатлевка Волма ""Финиш""",450.47,₽/шт,,,Волма
"Смесь напольная Волма ""Нивелир Экспресс""",410,₽/шт,,,Волма
"Смесь напольная Волма ""Ровнитель грубый""",360.38,₽/шт,,,Волма
"Штукатурка ЕС ""Гидроизоляционная""",460.61,₽/шт,,,Екатеринодарские сухие смеси
"Штукатурка ЕС ""Фасадная Белая""",548,₽/шт,,,Екатеринодарские сухие смеси
"Клей для газоблока ЕС ""Для ячеистого бетона""",315.28,₽/шт,,,Екатеринодарские сухие смеси
"Смесь монтажная ЕС ""ТЕПЛОКОНТАКТ""",510.15,₽/шт,,,Екатеринодарские сухие смеси
"Смесь напольная ЕС ""САМОНИВЕЛИР""",410.18,₽/шт,,,Екатеринодарские сухие смеси
"Кладочная смесь ЕС ""Раствор кладочный""",275,₽/шт,,,Екатеринодарские сухие смеси
"Плиточный клей ЕС ""ЛЮКС БЕЛЫЙ КЛЕЙ""",540.1,₽/шт,,,Екатеринодарские сухие смеси
"Плиточный клей ЕС ""АТЛАНТ""",395.44,₽/шт,,,Екатеринодарские сухие смеси
"Плиточный клей ЕС ""3000""",475.96,₽/шт,,,Екатеринодарские сухие смеси
"Плиточный клей ЕС ""2000""",426.22,₽/шт,,,Екатеринодарские сухие смеси
"Плиточный клей ЕС ""1000""",255.97,₽/шт,,,Екатеринодарские сухие смеси
"Смесь напольная ЕС ""МОНОЛИТ""",340,₽/шт,,,Екатеринодарские сухие смеси
"Стяжка для пола ЕС ""Ровнитель для пола""",265,₽/шт,,,Екатеринодарские сухие смеси
"Клей для ГКЛ и ПГП Литокс ""БРИЗ""",385,₽/шт,,,Литокс
"Клей для ГКЛ и ПГП Литокс ""Gips FIX""",395,₽/шт,,,Литокс
"Клей для ГКЛ Литокс ""FIXIT""",370,₽/шт,,,Литокс
"Наливной пол Литокс ""КОМПОЗИТ""",596.64,₽/шт,,,Литокс
"Плиточный клей Литокс ""White FIX""",690.88,₽/шт,,,Литокс
"Плиточный клей Литокс ""КВАДР""",325,₽/шт,,,Литокс
"Плиточный клей Литокс ""ТРИУМФ""",475.7,₽/шт,,,Литокс
"Плиточный клей Литокс ""ПРЕСТИЖ""",580.39,₽/шт,,,Литокс
"Плиточный клей Литокс ""САЛЮТ""",270,₽/шт,,,Литокс
"Клей для газоблока Литокс ""КОНТАКТ-ЗИМА""",340,₽/шт,,,Литокс
"Клей для газоблока Литокс ""КОНТАКТ""",310,₽/шт,,,Литокс
"Шпатлевка Литокс ""КПС""",410.22,₽/шт,,,Литокс
"Шпатлевка Литокс ""SATEN MT-60""",430.72,₽/шт,,,Литокс
"Шпатлевка Литокс ""LUXIT""",485.51,₽/шт,,,Литокс
"Штукатурка Литокс ""START""",380.23,₽/шт,,,Литокс
"Штукатурка Литокс ""Gipsplast""",440.69,₽/шт,,,Литокс
"Штукатурка Литокс ""AQUAPLAST""",510,₽/шт,,,Литокс
"Стяжка для пола Литокс ""ПИКЕТ""",285.27,₽/шт,,,Литокс
"Штукатурка ТиМ ""28 КОРОЕД""",610.88,₽/шт,,,ТиМ
"Штукатурка ТиМ ""25""",360.55,₽/шт,,,ТиМ
"Штукатурка ТиМ ""12""",315.85,₽/шт,,,ТиМ
"Штукатурка ТиМ ""23""",330,₽/шт,,,ТиМ
"Штукатурка ТиМ ""26""",395,₽/шт,,,ТиМ
"Кладочная смесь ТиМ ""22""",265,₽/шт,,,ТиМ
"Плиточный клей ТиМ ""37"" белый",928.09,₽/шт,,,ТиМ
"Плиточный клей ТиМ ""36""",550,₽/шт,,,ТиМ
"Плиточный клей ТиМ ""34""",641,₽/шт,,,ТиМ
"Плиточный клей ТиМ ""39""",490.55,₽/шт,,,ТиМ
"Плиточный клей ТиМ ""33""",285.98,₽/шт,,,ТиМ
"Плиточный клей ТиМ ""35""",582,₽/шт,,,ТиМ
"Плиточный клей ТиМ ""31""",245.89,₽/шт,,,ТиМ
"Наливной пол ТиМ ""15""",380.66,₽/шт,,,ТиМ
"Наливной пол ТиМ ""16""",420,₽/шт,,,ТиМ
"Смесь монтажная ТиМ ""38""",305.08,₽/шт,,,ТиМ
"Стяжка для пола ТиМ ""10""",320.07,₽/шт,,,ТиМ
"Шпатлевка ТиМ ""43""",390,₽/шт,,,ТиМ
"Шпатлевка ТиМ ""45""",410.94,₽/шт,,,ТиМ
"Шпатлевка ТиМ ""47""",430.57,₽/шт,,,ТиМ
"Шпатлевка ТиМ ""42""",440.53,₽/шт,,,ТиМ
"Кладочная смесь Knauf ""Коттедж""",350,₽/шт,,,Knauf
"Плиточный клей Кnauf ""Флекс""",1250.75,₽/шт,,,Knauf
"Плиточный клей Кnauf ""Мрамор""",1550,₽/шт,,,Knauf
"Плиточный клей Кnauf ""Флизен"" 25 кг ",400.02,₽/шт,,,Knauf
"Штукатурка Knauf ""Севенер""",780,₽/шт,,,Knauf
"Штукатурка Knauf ""Диамант-Шуба 1,5""",750,₽/шт,,,Knauf
"Штукатурка Knauf ""Ротбанд""",600.53,₽/шт,,,Knauf
"Штукатурка Knauf ""Унтерпутц""",400,₽/шт,,,Knauf
"Штукатурка Knauf ""МН СТАРТ""",460.66,₽/шт,,,Knauf
"Штукатурка Knauf ""МП-75""",450,₽/шт,,,Knauf
"Штукатурка Knauf ""ХП СТАРТ""",460,₽/шт,,,Knauf
"Шпатлевка Knauf ""Полимер Финиш""",1127,₽/шт,,,Knauf
"Шпатлевка Knauf ""Ротбанд Паста Профи""",1900.07,₽/шт,,,Knauf
"Шпатлевка Knauf ""Ротбанд Финиш""",680.94,₽/шт,,,Knauf
"Шпатлевка Knauf ""Сатенгипс""",730.43,₽/шт,,,Knauf
"Шпатлевка Кnauf ""Фуген""",700.57,₽/шт,,,Knauf
"Наливной пол Knauf ""Трибон"" 20 кг",330,₽/шт,,,Knauf
"Наливной пол Knauf ""Трибон"" 30 кг",500,₽/шт,,,Knauf
"Наливной пол Knauf ""УБО""",550.76,₽/шт,,,Knauf
"Шифер 8-ми волновой ""BF Tech"" 1750х1130х5,8",635,₽/лист,,,BF Tech 
"Шифер 8-ми волновой ""BF Tech"" 1750х1130х5,2",560.5,₽/лист,,,BF Tech 
"Шифер 7-ми волновой ""BF Tech"" 1750х980х5,8",595.51,₽/лист,,,BF Tech 
"Шифер 7-ми волновой ""BF Tech"" 1750х980х5,2",545.01,₽/лист,,,BF Tech 
"Шифер 7-ми волновой гладкий ""BF Tech"" 1750х980х5,8 ",610.01,₽/лист,,,BF Tech 
"Шифер плоский непрессованный ""BF Tech"" 3000x1500x10",3900,₽/лист,,,BF Tech 
"Шифер плоский непрессованный ""BF Tech"" 3000x1500x8",2900,₽/лист,,,BF Tech 
"Шифер плоский непрессованный ""BF Tech"" 3000x1200x8",2400,₽/лист,,,BF Tech 
"Шифер плоский непрессованный ""BF Tech"" 2000x1500x10",2600,₽/лист,,,BF Tech 
"Шифер плоский непрессованный ""BF Tech"" 2000x1500x8",1900,₽/лист,,,BF Tech 
"Шифер плоский непрессованный ""BF Tech"" 1750x1200x10",1800,₽/лист,,,BF Tech 
"Шифер плоский непрессованный ""BF Tech"" 1750x1000x10",1500,₽/лист,,,BF Tech 
"Шифер плоский непрессованный ""BF Tech"" 1500x1000x10 ",1300,₽/лист,,,BF Tech 
"Шифер плоский непрессованный ""BF Tech"" 1500x1000x6",780,₽/лист,,,BF Tech 
"Шифер плоский непрессованный ""BF Tech"" 1500x1000x8",1000,₽/лист,,,BF Tech 
"Шифер плоский прессованный ""BF Tech"" 3000x1200x10",4500,₽/лист,,,BF Tech 
"Шифер плоский прессованный ""BF Tech"" 3000x1200x12",3800,₽/лист,,,BF Tech 
"Шифер плоский прессованный ""BF Tech"" 3000х1200х8",3200,₽/лист,,,BF Tech 
"Шифер плоский прессованный ""BF Tech"" 3000x1200x6",1950,₽/лист,,,BF Tech 
"Шифер 8-ми волновой ""СКАИ"" 1750х1130х5,8",635,₽/лист,,,"ОАО ""СКАИ"""
"Шифер 8-ми волновой ""СКАИ"" 1750х1130х5,2",554,₽/лист,,,"ОАО ""СКАИ"""
"Шифер 8-ми волновый графит ""СКАИ"" 1750х1130х5,2",861,₽/лист,,,"ОАО ""СКАИ"""
"Шифер 8-ми волновой зеленый ""СКАИ"" 1750х1130х5,2",860,₽/лист,,,"ОАО ""СКАИ"""
"Шифер 8-ми волновой коричневый ""СКАИ"" 1750х1130х5,2",860.84,₽/лист,,,"ОАО ""СКАИ"""
"Шифер 8-ми волновый красный ""СКАИ"" 1750х1130х5,2",860,₽/лист,,,"ОАО ""СКАИ"""
"Шифер 8-ми волновый оранжевый ""СКАИ"" 1750х1130х5,2",860,₽/лист,,,"ОАО ""СКАИ"""
"Шифер 8-ми волновый синий ""СКАИ"" 1750х1130х5,2",860,₽/лист,,,"ОАО ""СКАИ"""
"Шифер 7-ми волновой ""СКАИ"" 1750х980х5,8",595.01,₽/лист,,,"ОАО ""СКАИ"""
"Шифер 7-ми волновой ""СКАИ"" 1750х980х5,2",545.01,₽/лист,,,"ОАО ""СКАИ"""
"Шифер 7-ми волновой зеленый ""СКАИ"" 1750х980х5,2",780,₽/лист,,,"ОАО ""СКАИ"""
"Шифер 7-ми волновой коричневый ""СКАИ"" 1750х980х5,2",780,₽/лист,,,"ОАО ""СКАИ"""
"Шифер 7-ми волновой красный ""СКАИ"" 1750х980х5,2",780,₽/лист,,,"ОАО ""СКАИ"""
"Шифер 7-ми волновой оранжевый ""СКАИ"" 1750х980х5,2",780,₽/лист,,,"ОАО ""СКАИ"""
"Шифер 7-ми волновой синий ""СКАИ"" 1750х980х5,2",780,₽/лист,,,"ОАО ""СКАИ"""
"Шифер плоский непрессованный ""СКАИ"" 3000х1200х8",3000,₽/лист,,,"ОАО ""СКАИ"""
"Шифер плоский непрессованный ""СКАИ"" 3000х1200х10",3700,₽/лист,,,"ОАО ""СКАИ"""
"Шифер плоский непрессованный ""СКАИ"" 3000х1200х6",2300,₽/лист,,,"ОАО ""СКАИ"""
"Шифер плоский непрессованный ""СКАИ"" 1750х1000х8",1400,₽/лист,,,"ОАО ""СКАИ"""
"Шифер плоский непрессованный ""СКАИ"" 1750х1000х6",1150,₽/лист,,,"ОАО ""СКАИ"""
"Шифер плоский непрессованный ""СКАИ"" 1500х1200х10",1850,₽/лист,,,"ОАО ""СКАИ"""
"Шифер плоский непрессованный ""СКАИ"" 1500х1200х8",1400,₽/лист,,,"ОАО ""СКАИ"""
"Шифер плоский непрессованный ""СКАИ"" 1500х1200х6",1150,₽/лист,,,"ОАО ""СКАИ"""
"Шифер плоский непрессованный ""СКАИ"" 1500х1000х6",800,₽/лист,,,"ОАО ""СКАИ"""
"Шифер плоский непрессованный ""СКАИ"" 1500х1000х8",910,₽/лист,,,"ОАО ""СКАИ"""
"Шифер плоский непрессованный ""СКАИ"" 1500х1000х10",1150,₽/лист,,,"ОАО ""СКАИ"""
"Шифер плоский непрессованный ""СКАИ"" 1750х1200х6",1100,₽/лист,,,"ОАО ""СКАИ"""
"Шифер плоский непрессованный ""СКАИ"" 1750х1200х8",1300,₽/лист,,,"ОАО ""СКАИ"""
"Шифер плоский непрессованный ""СКАИ"" 1750х1200х10",1700,₽/лист,,,"ОАО ""СКАИ"""
"Шифер плоский непрессованный ""СКАИ"" 2000х1500х8",1700,₽/лист,,,"ОАО ""СКАИ"""
"Шифер плоский непрессованный ""СКАИ"" 2000х1500х10",2300,₽/лист,,,"ОАО ""СКАИ"""
"Шифер плоский непрессованный ""СКАИ"" 3000х1500х8",2850,₽/лист,,,"ОАО ""СКАИ"""
"Шифер плоский непрессованный ""СКАИ"" 3000х1500х10",3300,₽/лист,,,"ОАО ""СКАИ"""
"Шифер плоский непрессованный ""СКАИ"" 3000х1500х12",5400.6,₽/лист,,,"ОАО ""СКАИ"""
"Гипсокартон KNAUF 2500x1200x9,5",480,₽/лист,,,Knauf
"Гипсокартон KNAUF 2500x1200x12,5",440,₽/лист,,,Knauf
"Гипсокартон KNAUF 2000x1200x12,5",440,₽/лист,,,Knauf
"Гипсокартон KNAUF 3000x1200x12,5",660,₽/лист,,,Knauf
"Гипсокартон влагостойкий KNAUF 3000x1200x12,5",820,₽/лист,,,Knauf
"Гипсокартон влагостойкий KNAUF 2500x1200x9,5",610,₽/лист,,,Knauf
"Гипсокартон влагостойкий KNAUF 2500x1200x12,5",680,₽/лист,,,Knauf
"Гипсокартон влагостойкий KNAUF 2000x1200x12,5",540,₽/лист,,,Knauf
Гипсокартон влагоогнестойкий KNAUF Сапфир 2500х1200х12.5,859,₽/лист,,,Knauf
Гипсокартон влагоогнестойкий KNAUF Сапфир 2000х1200х12.5,680,₽/лист,,,Knauf
"Гипсокартон огнестойкий KNAUF 2500x1200x12,5",730,₽/лист,,,Knauf
Гипсокартон Волма 2500х1200х9.5,460,₽/лист,,,Волма
Гипсокартон Волма 2500х1200х12.5,510,₽/лист,,,Волма
Гипсокартон влагостойкий Волма 2500х1200х9.5,540,₽/лист,,,Волма
Гипсокартон влагостойкий Волма 2500х1200х12.5,590,₽/лист,,,Волма
Гипсокартон влагоогнестойкий Волма 2500х1200х12.5,600,₽/лист,,,Волма
Гипсокартон Danogips 3000х1200х12.5,540,₽/лист,,,Danogips
Гипсокартон Danogips 2500х1200х9.5,400,₽/лист,,,Danogips
Гипсокартон Danogips 2500х1200х12.5,450,₽/лист,,,Danogips
Гипсокартон влагостойкий Danogips 2500х1200х9.5,480,₽/лист,,,Danogips
Гипсокартон влагостойкий Danogips 2500х1200х12.5,520,₽/лист,,,Danogips
"Гипсокартон Habez 2500x1200x9,5",430,₽/лист,,,Habez-gips
"Гипсокартон Habez 2500x1200x12,5",479,₽/лист,,,Habez-gips
Гипсокартон влагостойкий Habez 2500х1200х12.5,495,₽/лист,,,Habez-gips
Гипсокартон влагостойкий Habez 2500х1200х9.5,386,₽/лист,,,Habez-gips
Гипсокартон огнестойкий Habez 2500х1200х12.5,830.7,₽/лист,,,Habez-gips
"Гипсокартон звукоизоляционный AcousticGyps 2000x1200x12,5",1300,₽/шт,,,AcousticGyps
"Гипсокартон звукоизоляционный AcousticGyps 2500x1200x12,5",1650,₽/шт,,,AcousticGyps
KNAUF Аквапанель Универсальная 1200x900x8 мм,1041.29,₽/шт,,,Knauf
KNAUF Аквапанель Скайлайт 1200x900x8 мм,1336.14,₽/шт,,,Knauf
KNAUF Аквапанель внутренняя 1200x900x12.5 мм,1377.62,₽/шт,,,Knauf
KNAUF Аквапанель наружная 1200x900x12.5 мм,1404.4,₽/шт,,,Knauf
KNAUF Аквапанель внутренняя 2400x1200x12.5 мм,3863.57,₽/шт,,,Knauf
KNAUF Аквапанель наружная 2400x1200x12.5 мм,3747.65,₽/шт,,,Knauf
Профиль ПП 60х27 Албес (0.45 мм. - 4м),281.56,₽/шт,,,Албес
"Профиль 75х50 (0,45 мм) Албес для гипсокартона стоечный",292.44,₽/шт,,,Албес
"Профиль 100х50 (0,45 мм) Албес для гипсокартона стоечный",357.71,₽/шт,,,Албес
"Профиль 60х27 (0,50 мм) Албес потолочный",248.38,₽/шт,,,Албес
"Профиль 27х28 (0,50 мм) Албес направляющий потолочный",176.52,₽/шт,,,Албес
"Профиль 60х27 (0,55 мм) Албес потолочный ",298.68,₽/шт,,,Албес
"Профиль 27х28 (0,55 мм) Албес направляющий потолочный",193.73,₽/шт,,,Албес
"Профиль 60х27 (0,60 мм) Албес потолочный",361.29,₽/шт,,,Албес
"Профиль 27х28 (0,60 мм) Албес направляющий потолочный",217.76,₽/шт,,,Албес
"Профиль 60х27 (0,65 мм) Албес для гипсокартона потолочный",411.98,₽/шт,,,Албес
"Профиль 50х25 (0,4 мм) Албес ГОСТ для гипсокартона направляющий",150.75,₽/шт,,,Албес
Профиль ПН 75х25 Албес ГОСТ (0.4 мм),187.81,₽/шт,,,Албес
"Профиль 75х35 (0,45 мм) Албес ГОСТ для гипсокартона стоечный",257.01,₽/шт,,,Албес
"Профиль 47х17 (0,55 мм) Албес ГОСТ для гипсокартона стоечный 4 м",222.02,₽/шт,,,Албес
Профиль 100х40 (0.45 мм) Албес для гипсокартона направляющий,352.56,₽/шт,,,Албес
"Профиль 50х40 (0,50 мм) Албес для гипсокартона направляющий",225.21,₽/шт,,,Албес
"Профиль 75х40 (0,50 мм) Албес для гипсокартона направляющий",278.66,₽/шт,,,Албес
"Профиль 100х40 (0,50 мм) Албес для гипсокартона направляющий",342.38,₽/шт,,,Албес
"Профиль 50х40 (0,55 мм) Албес для гипсокартона направляющий",223.13,₽/шт,,,Албес
"Профиль 75х40 (0,55 мм) Албес для гипсокартона направляющий",278.95,₽/шт,,,Албес
"Профиль 100х40 (0,55 мм) Албес для гипсокартона направляющий",345.94,₽/шт,,,Албес
"Профиль 50х40 (0,60 мм) Албес для гипсокартона направляющий",217.15,₽/шт,,,Албес
"Профиль 75х40 (0,60 мм) Албес для гипсокартона направляющий",281.54,₽/шт,,,Албес
"Профиль 100х40 (0,60 мм) Албес для гипсокартона направляющий",345.34,₽/шт,,,Албес
"Профиль 27х28 (0,65 мм) Албес для гипсокартона направляющий",257.3,₽/шт,,,Албес
"Профиль (усиленный) 50х40 (0,65 мм) Албес для гипсокартона направляющий",225.02,₽/шт,,,Албес
"Профиль 75х40 (0,65 мм) Албес для гипсокартона направляющий",282.18,₽/шт,,,Албес
"Профиль 100х40 (0,65 мм) Албес для гипсокартона направляющий",347.92,₽/шт,,,Албес
"Профиль 18х20 (0,55 мм) Албес ГОСТ для гипсокартона направляющий",111.62,₽/шт,,,Албес
"Профиль 30х20 (0,55 мм) Албес ГОСТ для гипсокартона направляющий",126.61,₽/шт,,,Албес
Профиль 50х50 (0.45 мм) Албес для гипсокартона стоечный,254.96,₽/шт,,,Албес
"Профиль 50х50 (0,50 мм) Албес для гипсокартона стоечный",252.8,₽/шт,,,Албес
"Профиль 75х50 (0,50 мм) Албес для гипсокартона стоечный",291,₽/шт,,,Албес
"Профиль 100х50 (0,50 мм) Албес для гипсокартона стоечный",359.37,₽/шт,,,Албес
"Профиль 50х50 (0,55 мм) Албес для гипсокартона стоечный",289.68,₽/шт,,,Албес
"Профиль 75х50 (0,55 мм) Албес для гипсокартона стоечный",335.49,₽/шт,,,Албес
"Профиль 100х50 (0,55 мм) Албес для гипсокартона стоечный",390.2,₽/шт,,,Албес
"Профиль 50х50 (0,60 мм) Албес для гипсокартона стоечный",338.46,₽/шт,,,Албес
"Профиль 75х50 (0,60 мм) Албес для гипсокартона стоечный",380.87,₽/шт,,,Албес
"Профиль 100х50 (0,60 мм) Албес для гипсокартона стоечный 4 м",496.55,₽/шт,,,Албес
"Профиль 75х50 (0,65 мм) Албес для гипсокартона стоечный",419.91,₽/шт,,,Албес
"Профиль 100х50 (0,65 мм) Албес для гипсокартона стоечный",515.32,₽/шт,,,Албес
"Профиль 47х17 (0,5 мм) Албес ГОСТ для гипсокартона стоечный",192.37,₽/шт,,,Албес
"Профиль 20х18 (0,5 мм) Албес ГОСТ для гипсокартона стоечный",106.8,₽/шт,,,Албес
"Профиль 47х17 (0,55 мм) Албес ГОСТ для гипсокартона стоечный",225.52,₽/шт,,,Албес
Соединение двухуровневое АЛБЕС,17.09,₽/шт,,,Албес
Удлинитель профиля М-образный Албес,11.03,₽/шт,,,Албес
"Удлинитель профиля П-образный 0,5 мм Албес",9.15,₽/шт,,,Албес
Соединитель одноуровневый (краб) для ПП 47х17 1 мм Албес,19.06,₽/шт,,,Албес
"Соединитель одноуровневый (краб) 0,7 мм Албес",15.65,₽/шт,,,Албес
Подвес с зажимом АЛБЕС,14.09,₽/шт,,,Албес
Тяга подвеса (спица) оцинкованная 1000 мм Албес,13.44,₽/шт,,,Албес
"Подвес прямой евро (М80) 0,6 мм Албес",7.32,₽/шт,,,Албес
Подвес прямой 1 мм Албес,13.86,₽/шт,,,Албес
"Профиль 60x27 (0,50+ мм) PRIMET для гипсокартона потолочный",253.19,₽/шт,,,Primet
"Профиль 60x27 (0,50 мм) PRIMET для гипсокартона потолочный",243.13,₽/шт,,,Primet
"Профиль 50x40 (0,50 мм) PRIMET для гипсокартона направляющий",219.77,₽/шт,,,Primet
"Профиль 75x40 (0,50 мм) PRIMET для гипсокартона направляющий",282.35,₽/шт,,,Primet
"Профиль 100x40 (0,50 мм) PRIMET для гипсокартона направляющий",343.55,₽/шт,,,Primet
"Профиль 27x28 (0,50+ мм) PRIMET для гипсокартона направляющий",184.77,₽/шт,,,Primet
"Профиль 27x28 (0,50 мм) PRIMET для гипсокартона направляющий",178.27,₽/шт,,,Primet
"Профиль 75x50 (0,50 мм) PRIMET для гипсокартона стоечный перегородочный",291.3,₽/шт,,,Primet
"Профиль 50x50 (0,50 мм) PRIMET для гипсокартона стоечный",251.14,₽/шт,,,Primet
"Профиль 100x50 (0,50 мм) PRIMET для гипсокартона стоечный",355.2,₽/шт,,,Primet
"Профиль потолочный ПП 28х27 3м (0,6мм) Knauf",247.43,₽/шт,,,Knauf
"Профиль потолочный ПП 60х27 4м (0,6мм) Knauf",554.4,₽/шт,,,Knauf
"Профиль потолочный усиленный ПП 60х27 3м (0,6мм) Knauf",415.4,₽/шт,,,Knauf
Профиль 28x27 (0.60 мм) KNAUF для гипсокартона направляющий,243.3,₽/шт,,,Knauf
"Профиль 50x40 (0,60 мм) KNAUF для гипсокартона направляющий",353.96,₽/шт,,,Knauf
"Профиль 75x40 (0,60 мм) KNAUF для гипсокартона направляющий",429.95,₽/шт,,,Knauf
"Профиль 100x40 (0,60 мм) KNAUF для гипсокартона направляющий",522.69,₽/шт,,,Knauf
"Профиль 50x50 (0,60 мм) KNAUF для гипсокартона стоечный",420.56,₽/шт,,,Knauf
"Профиль 75x50 (0,60 мм) KNAUF для гипсокартона стоечный",516.39,₽/шт,,,Knauf
"Профиль 100x50 (0,60 мм) KNAUF для гипсокартона стоечный",602.76,₽/шт,,,Knauf
Соединитель двухуровневый с зажимом KNAUF,40.75,₽/шт,,,Knauf
Подвес прямой П-образный 200 мм KNAUF,31.14,₽/шт,,,Knauf
Подвес анкерный с пружинным дюбелем KNAUF,33.76,₽/шт,,,Knauf
Подвес прямой антивибрационный (виброподвес) для ПП 60x27 KNAUF,130.95,₽/шт,,,Knauf
Подвес Нониус верхняя часть (спица 200 мм) KNAUF,28.31,₽/шт,,,Knauf
Шплинт Нониус (пружинный зажим) KNAUF для регулируемого подвеса,34.54,₽/шт,,,Knauf
Подвес Нониус (нижняя часть с зажимом) 60х27 KNAUF,33.8,₽/шт,,,Knauf
Удлинитель профиля 60х27 KNAUF,22.08,₽/шт,,,Knauf
"Соединитель одноуровневый (краб) 60х27 (0,9 мм) KNAUF",44.87,₽/шт,,,Knauf
Подвес прямой для ПП 1мм KNAUF,29.89,₽/шт,,,Knauf
"Профиль 60х27 (0,50 мм) Екатеринодарский для гипсокартона потолочный",233,₽/шт,,,Екатеринодарский Профиль
"Профиль 60х27 (0,60 мм) Екатеринодарский для гипсокартона потолочный",281.79,₽/шт,,,Екатеринодарский Профиль
"Профиль 27х28 (0,50 мм) Екатеринодарский для гипсокартона направляющий",166.19,₽/шт,,,Екатеринодарский Профиль
"Профиль 50х40 (0,50 мм) Екатеринодарский для гипсокартона направляющий",207.37,₽/шт,,,Екатеринодарский Профиль
"Профиль 75х40 (0,50 мм) Екатеринодарский для гипсокартона направляющий",261.73,₽/шт,,,Екатеринодарский Профиль
"Профиль 100х40 (0,50 мм) Екатеринодарский для гипсокартона направляющий",328.93,₽/шт,,,Екатеринодарский Профиль
"Профиль 27х28 (0,60 мм) Екатеринодарский для гипсокартона направляющий",208.29,₽/шт,,,Екатеринодарский Профиль
"Профиль 50х40 (0,60 мм) Екатеринодарский для гипсокартона направляющий",231.39,₽/шт,,,Екатеринодарский Профиль
"Профиль 75х40 (0,60 мм) Екатеринодарский для гипсокартона направляющий",277.76,₽/шт,,,Екатеринодарский Профиль
"Профиль 100х40 (0,60 мм) Екатеринодарский для гипсокартона направляющий",349.2,₽/шт,,,Екатеринодарский Профиль
"Профиль 50х50 (0,50 мм) Екатеринодарский для гипсокартона стоечный",243.06,₽/шт,,,Екатеринодарский Профиль
"Профиль 75х50 (0,50 мм) Екатеринодарский для гипсокартона стоечный",283,₽/шт,,,Екатеринодарский Профиль
"Профиль 100х50 (0,50 мм) Екатеринодарский для гипсокартона стоечный",344.25,₽/шт,,,Екатеринодарский Профиль
"Профиль 50х50 (0,60 мм) Екатеринодарский для гипсокартона стоечный",320.17,₽/шт,,,Екатеринодарский Профиль
"Профиль 75х50 (0,60 мм) Екатеринодарский для гипсокартона стоечный",360.31,₽/шт,,,Екатеринодарский Профиль
"Профиль 100х50 (0,60 мм) Екатеринодарский для гипсокартона стоечный",484.37,₽/шт,,,Екатеринодарский Профиль
Стекло 3210х2250 сатин 6 мм матовое,3700,₽/кв.м,Прозрачный,,
Стекло 3210х2250 сатин 4 мм матовое,3000,₽/кв.м,Прозрачный,,
Стекло Мору закаленное 4 мм,4500,₽/кв.м,Прозрачный,,
Стекло Кристалл вижн закаленное 10 мм,9500,₽/кв.м,Прозрачный,,
Стекло Кристалл вижн закаленное 8 мм,7500,₽/кв.м,Прозрачный,,
Стекло Кристалл вижн закаленное 6 мм,6100,₽/кв.м,Прозрачный,,
Стекло Кристалл вижн закаленное 4 мм,3500,₽/кв.м,Прозрачный,,
Стекло бронзовое закаленное 8 мм матовое,5500,₽/кв.м,Бронзовый,,
Стекло бронзовое закаленное 8 мм,4600,₽/кв.м,Бронзовый,,
Стекло бронзовое закаленное 6 мм,3800,₽/кв.м,Бронзовый,,
Стекло бронзовое закаленное 4 мм,2300,₽/кв.м,Бронзовый,,
Стекло бесцветное закаленное 4 мм,2280,₽/кв.м,Прозрачное,,
Стекло 3210х2250 осветленное 10 мм,5000,₽/кв.м,Прозрачный,,
Стекло 3210х2250 бесцветное 10 мм,4000,₽/кв.м,Прозрачный,,
Стекло 3210х2250 осветленное 8 мм,4000,₽/кв.м,Прозрачный,,
Стекло 3210х2250 бесцветное 8 мм,2500,₽/кв.м,Прозрачный,,
Стекло 3210х2250 осветленное 6 мм,3500,₽/кв.м,Прозрачный,,
Стекло 3210х2250 бесцветное 6 мм,3500,₽/кв.м,Прозрачный,,
Стекло 3210х2250 бесцветное 5 мм,1800,₽/кв.м,Прозрачный,,
Стекло 3210х2250 осветленное 4 мм,2800,₽/кв.м,Прозрачный,,
Стекло Мору 3210х2250 бесцветное 6 мм,2500,₽/кв.м,Прозрачный,,
Стекло бесцветное закаленное 10 мм,4728,₽/кв.м,Прозрачный,,
Стекло бесцветное закаленное 8 мм,4490,₽/кв.м,Прозрачный,,
Стекло бесцветное закаленное 6 мм,3260,₽/кв.м,Прозрачный,,
Стекло бесцветное закаленное 5 мм,2680,₽/кв.м,Прозрачный,,
Стекло Мору 3210х2250 бесцветное 4 мм,1200,₽/кв.м,Прозрачный,,
Стекло 3210х2250 бронза 8 мм,3500,₽/кв.м,Бронзовый,,
Стекло 3210х2250 серое 8 мм,4571,₽/кв.м,Серый,,
Стекло крашенное 2550х1605 RAL 9005,2800,₽/кв.м,Черный,,
Стекло 3210х2250 бронза 6 мм,3200,₽/кв.м,Бронзовый,,
Стекло 3210х2250 серое 6 мм,2500,₽/кв.м,Серый,,
Стекло 3210х2250 серое 4 мм,1800,₽/кв.м,Серый,,
Стекло Мору 3210х2250 бронза 5 мм,6000,₽/кв.м,Бронзовый,,
Стекло Мору 3210х2250 серое 5 мм,6500,₽/кв.м,Серый,,
Стекло бронзовое закаленное 8 мм матовое,5500,₽/кв.м,Бронзовый,,
Стекло бронзовое закаленное 8 мм,4600,₽/кв.м,Бронзовый,,
Стекло бронзовое закаленное 6 мм,3800,₽/кв.м,Бронзовый,,
Стекло крашенное 2550х1605 RAL 9003,3000,₽/кв.м,Белый,,
Стекло бронзовое закаленное 4 мм,2300,₽/кв.м,Бронзовый,,
Пластиковое окно (ПВХ) Wintech 1520x1230 глухое,0,₽/шт,,,
Пластиковая дверь балконная (ПВХ) Wintech 700х2250,23466,₽/шт,,,
Пластикове окно (ПВХ) Wintech 1550x730,20780,₽/шт,,,Wintech
Пластиковая дверь входная (ПВХ) Brusbox 900х2070  ,50499.56,₽/шт,,,Wintech
Пластиковая дверь входная (ПВХ) Wintech 900х2070,0,₽/шт,,,Wintech
Пластиковая дверь балконная (ПВХ) Brusbox 700х2250,24999.68,₽/шт,,,Brusbox
Пластиковое окно (ПВХ) Brusbox 1520x1230 глухое,17583.78,₽/шт,,,Brusbox
Пластиковое окно (ПВХ) Brusbox 1520x2150,41041.45,₽/шт,,,Brusbox
Пластиковое окно (ПВХ) Brusbox 1520x1230,27891,₽/шт,,,Brusbox
Пластиковое окно (ПВХ) Brusbox 1520x730мм,21683,₽/шт,,,
Пластиковое окно (ПВХ) Wintech 1520x1230 глухое,0,₽/шт,,,
Пластикове окно (ПВХ) Wintech 1550x730,20780,₽/шт,,,Wintech
Пластиковое окно (ПВХ) Brusbox 1520x1230 глухое,17583.78,₽/шт,,,Brusbox
Пластиковое окно (ПВХ) Brusbox 1520x2150,41041.45,₽/шт,,,Brusbox
Пластиковое окно (ПВХ) Brusbox 1520x1230,27891,₽/шт,,,Brusbox
Пластиковое окно (ПВХ) Brusbox 1520x730мм,21683,₽/шт,,,
Пластиковая дверь балконная (ПВХ) Wintech 700х2250,23466,₽/шт,,,
Пластиковая дверь входная (ПВХ) Brusbox 900х2070  ,50499.56,₽/шт,,,Wintech
Пластиковая дверь входная (ПВХ) Wintech 900х2070,0,₽/шт,,,Wintech
Пластиковая дверь балконная (ПВХ) Brusbox 700х2250,24999.68,₽/шт,,,Brusbox
ТОПАС-С 5 ЛОНГ,191799,₽/шт,Цены и наличие уточняйте,,
ТОПАС-С 5 ПР,181295,₽/шт,Цены и наличие уточняйте,,
ТОПАС-С 5,165337,₽/шт,Цены и наличие уточняйте,,
ТОПАС-С 4 ПР,156449,₽/шт,Цены и наличие уточняйте,,
ТОПАС-С 4,138673,₽/шт,Цены и наличие уточняйте,,
ТОПАС 5,176851,₽/шт,Цены и наличие уточняйте,,
ТОПАС 4 ПР,167963,₽/шт,Цены и наличие уточняйте,,
ТОПАС 4,148571,₽/шт,Цены и наличие уточняйте,,
ТОПАЭРО 4,466721,₽/шт,Цены и наличие уточняйте,,
ТОПАЭРО 3 ЛОНГ,437835,₽/шт,Цены и наличие уточняйте,,
ТОПАЭРО 3,390567,₽/шт,Цены и наличие уточняйте,,
Погреб ПП 2 Лонг,320069,₽/шт,Цены и наличие уточняйте,,
Погреб ПП 2,296839,₽/шт,Цены и наличие уточняйте,,
Погреб ПП 1 Лонг,261893,₽/шт,Цены и наличие уточняйте,,
Погреб ПП 1,242501,₽/шт,Цены и наличие уточняйте,,
Кессон ТОПОЛ-ЭКО К-1 удл (муфта 140-150),62519,₽/шт,Цены и наличие уточняйте,,
Кессон ТОПОЛ-ЭКО К-1 удл (муфта 120-133),62317,₽/шт,Цены и наличие уточняйте,,
Кессон ТОПОЛ-ЭКО К-1 удл (муфта 106-114),61913,₽/шт,Цены и наличие уточняйте,,
Кессон ТОПОЛ-ЭКО К-1 (муфта 140-150),58883,₽/шт,Цены и наличие уточняйте,,
Кессон ТОПОЛ-ЭКО К-1 (муфта 120-133),58681,₽/шт,Цены и наличие уточняйте,,
Кессон ТОПОЛ-ЭКО К-1 (муфта 106-114),58479,₽/шт,Цены и наличие уточняйте,,
Топлос-Аква 60/30 для монтажа в грунт,217251,₽/шт,Цены и наличие уточняйте,,
Топлос-Аква 60/30 для наземного монтажа,217049,₽/шт,Цены и наличие уточняйте,,
Топлос-Аква 30/15 для монтажа в грунт,179275,₽/шт,Цены и наличие уточняйте,,
Топлос-Аква 30/15 для наземного монтажа,183113,₽/шт,Цены и наличие уточняйте,,
Гидроизоляция фундамента ТехноНИКОЛЬ 10 м2,3705,₽/рулон,,,
Изоспан AQ proff (70 м2),10113.64,₽/рулон,,,
Изоспан AS 130 proff (70 м2),8718.32,₽/рулон,,,
Изоспан AS 110 (70 м2),6885.17,₽/рулон,,,
Изоспан D-090 (35 м2),2072.52,₽/рулон,,,
Изоспан D-090 (70 м2),3268.36,₽/рулон,,,
Изоспан D-100 FIX (70 м2),4183.42,₽/рулон,,,
Изоспан DM proff (70 м2),4346.03,₽/рулон,,,
Изоспан FB (35 м2),3133.02,₽/рулон,,,
Изоспан FD proff (70 м2),8220.39,₽/рулон,,,
Изоспан B (35 м2),1291.79,₽/рулон,,,
Изоспан B (70 м2),2390.96,₽/рулон,,,
Изоспан A (35 м2),2132.11,₽/рулон,,,
Изоспан A (70 м2),4204.63,₽/рулон,,,
Изоспан A (70 м2) с огнезащитными добавками,6170.62,₽/рулон,,,
Изоспан FS (70 м2),5561.06,₽/рулон,,,
Изоспан FX (2 мм),1517.02,₽/рулон,,,
Изоспан FX (3 мм),4290.28,₽/рулон,,,
Изоспан RS proff (70 м2),4279.37,₽/рулон,,,
Изоспан AМ (35 м2),3165.66,₽/рулон,,,
Изоспан AМ (70 м2),5854.77,₽/рулон,,,
Спанлайт B (30 м2),689.39,₽/рулон,,,
Спанлайт B (60 м2),1207.96,₽/рулон,,,
Спанлайт D (30 м2),689.83,₽/рулон,,,
Экоспан Строй B (35 м2),838.3,₽/рулон,,,
Экоспан Строй B (70 м2),1212.61,₽/рулон,,,
Экоспан Строй D (35 м2),1058.8,₽/рулон,,,
Экоспан Строй D (70 м2),2389.58,₽/рулон,,,
С-8 (ECOSTEEL двусторонний 30/30 мкм) 0.5 мм,1222.1,₽/кв.м,Цену уточняйте у менеджера,,
С-8 (PURETAN 35 мкм) 0.5 мм,868.6,₽/кв.м,Цену уточняйте у менеджера,,
С-8 (PURMAN 50 мкм) 0.5 мм,1030.2,₽/кв.м,Цену уточняйте у менеджера,,
Шинглас фазенда коричневый,374.96,₽/кв.м,,,
С-8 (оцинкованный) 0.4 мм,385.14,₽/кв.м,Цену уточняйте у менеджера,,
Шинглас Вестерн (Вестерн-Каньон) ,1929.63,₽/кв.м,,,
Шинглас Вестерн (Вестерн-Клондайк),1929.63,₽/кв.м,,,
Шинглас Вестерн (Вестерн-Ниагара),1929.63,₽/кв.м,,,
Шинглас Вестерн (Вестерн-Прерия),1929.63,₽/кв.м,,,
Шинглас Джаз (Драконий зуб-Аликанте),1146.11,₽/кв.м,,,
Шинглас Джаз (Драконий зуб-Барселона),1146.11,₽/кв.м,,,
Шинглас Джаз (Драконий зуб-Индиго),1146.11,₽/кв.м,,,
Шинглас Джаз (Драконий зуб-Кастилия),1146.11,₽/кв.м,,,
Шинглас Джаз (Драконий зуб-Коррида),1146.11,₽/кв.м,,,
Шинглас Джаз (Драконий зуб-Севилья),1146.11,₽/кв.м,,,
Шинглас Джаз (Драконий зуб-Сицилия),1146.11,₽/кв.м,,,
Шинглас Джаз (Драконий зуб-Терра),1337.24,₽/кв.м,,,
Шинглас Джаз (Драконий зуб-Тоскана),1146.11,₽/кв.м,,,
Шинглас Кантри (Драконий зуб-Алабама),863.55,₽/кв.м,,,
Шинглас Кантри (Драконий зуб-Аризона),863.55,₽/кв.м,,,
Шинглас Кантри (Драконий зуб-Атланта),863.55,₽/кв.м,,,
Шинглас Кантри (Драконий зуб-Индиана),863.55,₽/кв.м,,,
Шинглас Кантри (Драконий зуб-Мичиган),863.55,₽/кв.м,,,
Шинглас Кантри (Драконий зуб-Огайо),870.9,₽/кв.м,,,
Шинглас Кантри (Драконий зуб-Онтарио),863.55,₽/кв.м,,,
Шинглас Кантри (Драконий зуб-Техас),863.55,₽/кв.м,,,
Шинглас Кантри (Драконий зуб-Юта),870.9,₽/кв.м,,,
Шинглас Континент (Континент-Азия),2787.24,₽/кв.м,,,
Шинглас Континент (Континент-Америка),2787.24,₽/кв.м,,,
Шинглас Континент (Континент-Африка),2787.24,₽/кв.м,,,
Шинглас Континент (Континент-Европа),2787.24,₽/кв.м,,,
Шинглас Ранчо (Драконий зуб-Бронзовый),760.53,₽/кв.м,,,
Шинглас Ранчо (Драконий зуб-Коричневый),760.53,₽/кв.м,,,
Шинглас Ранчо (Драконий зуб-Красный),760.53,₽/кв.м,,,
Шинглас Ранчо (Драконий зуб-Серый),760.53,₽/кв.м,,,
Шинглас Финская (Аккорд-Коричневый),487.83,₽/кв.м,,,
Шинглас Финская (Аккорд-Красный),498.13,₽/кв.м,,,
Шинглас Финская (Аккорд-Серый),487.83,₽/кв.м,,,
Шинглас Финская (Соната-Зеленый),487.83,₽/кв.м,,,
Шинглас Финская (Соната-Коричневый),487.83,₽/кв.м,,,
Шинглас Финская (Соната-Красный),487.83,₽/кв.м,,,
Шинглас Финская (Соната-Серый),487.83,₽/кв.м,,,
Шинглас Кадриль (Соната-Агат),727.2,₽/кв.м,,,
Шинглас Кадриль (Соната-Гранат),727.2,₽/кв.м,,,
Шинглас Кадриль (Соната-Нефрит),727.2,₽/кв.м,,,
Шинглас Кадриль (Соната-Оникс),727.2,₽/кв.м,,,
Шинглас Кадриль (Соната-Турмалин),727.2,₽/кв.м,,,
Шинглас Кадриль (Соната-Яшма),727.2,₽/кв.м,,,
Шинглас Румба (Аккорд-Арахис),727.2,₽/кв.м,,,
Шинглас Румба (Аккорд-Мускат),727.2,₽/кв.м,,,
Шинглас Румба (Аккорд-Фундук),727.2,₽/кв.м,,,
Шинглас Танго (Бобровый хвост-Зеленый),818.1,₽/кв.м,,,
Шинглас Танго (Бобровый хвост-Кленовый),818.1,₽/кв.м,,,
Шинглас Танго (Бобровый хвост-Панговый),464.49,₽/кв.м,,,
Шинглас Самба (Соната-Малахит),714.07,₽/кв.м,,,
Шинглас Самба (Соната-Рубин),714.07,₽/кв.м,,,
Шинглас Самба (Соната-Янтарь),755.08,₽/кв.м,,,
Шинглас Фокстрот (Аккорд-Дуб),714.07,₽/кв.м,,,
Шинглас Фокстрот (Аккорд-Кедр),714.07,₽/кв.м,,,
Шинглас Фокстрот (Аккорд-Рябина),714.07,₽/кв.м,,,
Шинглас Фокстрот (Сандал),2203,₽/упаковка,,,
Шинглас Фокстрот (Аккорд-Терн),714.07,₽/кв.м,,,
Шинглас Фокстрот (Аккорд-Тополь),714.07,₽/кв.м,,,
Шинглас Фокстрот (Аккорд-Эвкалипт),679.93,₽/кв.м,,,
Шинглас Фламенко (Трио-Арагон),818.1,₽/кв.м,,,
Шинглас Фламенко (Трио-Коричневый),818.1,₽/кв.м,,,
Шинглас Фламенко (Трио-Толедо),818.1,₽/кв.м,,,
Катепал Mansion (Трапеция-Альберти),1214.38,₽/кв.м,Цены и наличие уточняйте,,
Катепал Mansion (Трапеция-Лоренцо),1214.38,₽/кв.м,Цены и наличие уточняйте,,
Катепал Mansion (Трапеция-Палладио),1322.89,₽/кв.м,Цены и наличие уточняйте,,
Катепал Mansion (Трапеция-Санти),1322.89,₽/кв.м,Цены и наличие уточняйте,,
Катепал Jazzy (Пчелиная сота-Красный),695.71,₽/кв.м,Цены и наличие уточняйте,,
Катепал Jazzy (Пчелиная сота-Зеленый),695.71,₽/кв.м,Цены и наличие уточняйте,,
Катепал Jazzy (Пчелиная сота-Коричневый),695.71,₽/кв.м,Цены и наличие уточняйте,,
Катепал Jazzy (Пчелиная сота-Медный),695.71,₽/кв.м,Цены и наличие уточняйте,,
Катепал Jazzy (Пчелиная сота-Серый),695.71,₽/кв.м,Цены и наличие уточняйте,,
Катепал Katrilli (Пчелиная сота-Осенне красный),674.82,₽/кв.м,Цены и наличие уточняйте,,
Катепал Katrilli (Пчелиная сота-Зелень моховая),674.82,₽/кв.м,Цены и наличие уточняйте,,
Катепал Katrilli (Пчелиная сота-Кора дерева),674.82,₽/кв.м,Цены и наличие уточняйте,,
Катепал Katrilli (Пчелиная сота-Серый),674.82,₽/кв.м,Цены и наличие уточняйте,,
Катепал Katrilli (Пчелиная сота-Синий),741.69,₽/кв.м,Цены и наличие уточняйте,,
Катепал Katrilli (Пчелиная сота-Дюна),674.82,₽/кв.м,Цены и наличие уточняйте,,
Катепал Rocky (Прямоугольник-Гранит),720.79,₽/кв.м,Цены и наличие уточняйте,,
Катепал Rocky (Прямоугольник-Тайга),720.79,₽/кв.м,Цены и наличие уточняйте,,
Катепал Rocky (Прямоугольник-Балтика),720.79,₽/кв.м,Цены и наличие уточняйте,,
Катепал Rocky (Прямоугольник-Спелый каштан),920.79,₽/кв.м,Цены и наличие уточняйте,,
Катепал Rocky (Прямоугольник-Осенние листья),720.79,₽/кв.м,Цены и наличие уточняйте,,
Катепал Rocky (Прямоугольник-Терракота),720.79,₽/кв.м,Цены и наличие уточняйте,,
Катепал Rocky (Прямоугольник-Медный отлив),720.79,₽/кв.м,Цены и наличие уточняйте,,
Катепал Rocky (Прямоугольник-Золотой песок),720.79,₽/кв.м,Цены и наличие уточняйте,,
Катепал Rocky (Прямоугольник-Дюна),720.79,₽/кв.м,Цены и наличие уточняйте,,
Катепал Rocky (Прямоугольник-Южный оникс),720.79,₽/кв.м,Цены и наличие уточняйте,,
Катепал Rocky (Прямоугольник-Серый агат),720.79,₽/кв.м,Цены и наличие уточняйте,,
Катепал Rocky (Прямоугольник-Махагон),720.79,₽/кв.м,Цены и наличие уточняйте,,
Катепал Rocky (Прямоугольник-Голубая лагуна),741.69,₽/кв.м,Цены и наличие уточняйте,,
Катепал Rocky (Прямоугольник-Черный),720.79,₽/кв.м,Цены и наличие уточняйте,,
Катепал Ambient (Амбиент-Мускатный орех),900.33,₽/кв.м,Цены и наличие уточняйте,,
Катепал Ambient (Амбиент-Черное золото),941.2,₽/кв.м,Цены и наличие уточняйте,,
Катепал Ambient (Амбиент-Темная охра),900.33,₽/кв.м,Цены и наличие уточняйте,,
Катепал Ambient (Амбиент-Аравийское дерево),900.33,₽/кв.м,Цены и наличие уточняйте,,
Катепал Ambient (Амбиент-Черный),900.33,₽/кв.м,Цены и наличие уточняйте,,
Катепал Ambient (Амбиент-Серебристый коралл),900.33,₽/кв.м,Цены и наличие уточняйте,,
Катепал Forte (Брикс-Ямайка),785.06,₽/кв.м,Цены и наличие уточняйте,,
Катепал Forte (Брикс-Гавана),785.06,₽/кв.м,Цены и наличие уточняйте,,
Катепал Forte (Брикс-Сахара),785.06,₽/кв.м,Цены и наличие уточняйте,,
Катепал 3T (Плитка-Коричневый),900.33,₽/кв.м,Цены и наличие уточняйте,,
Катепал 3T (Плитка-Красный),900.33,₽/кв.м,Цены и наличие уточняйте,,
Катепал 3T (Плитка-Черный),738.13,₽/кв.м,Цены и наличие уточняйте,,
Катепал Classic-KL (Шестигранник-Черный),641.06,₽/кв.м,Цены и наличие уточняйте,,
Катепал Classic-KL (Шестигранник-Серый),668.75,₽/кв.м,Цены и наличие уточняйте,,
Катепал Classic-KL (Шестигранник-Красный),668.75,₽/кв.м,Цены и наличие уточняйте,,
Катепал Classic-KL (Шестигранник-Зеленый),668.75,₽/кв.м,Цены и наличие уточняйте,,
Катепал Classic-KL (Шестигранник-Коричневый),668.75,₽/кв.м,Цены и наличие уточняйте,,
Катепал Foxy (Ромб-Серый),668.75,₽/кв.м,Цены и наличие уточняйте,,
Катепал Foxy (Ромб-Красный),668.75,₽/кв.м,Цены и наличие уточняйте,,
Катепал Foxy (Ромб-Черный),566.07,₽/кв.м,Цены и наличие уточняйте,,
Катепал Foxy (Ромб-Коричневый),668.75,₽/кв.м,Цены и наличие уточняйте,,
"Гибкая черепица Eurasia (Шестигранник, Зелёный)",450.45,₽/кв.м,,,
"Гибкая черепица Eurasia (Шестигранник, Светло-коричневый)",450,₽/кв.м,,,
"Гибкая черепица Eurasia (Шестигранник, Красный)",450.74,₽/шт,,,
"Гибкая черепица Eurasia, (Шестигранник, Черный)",450.73,₽/кв.м,,,
Docke Standart (Сота-Зеленый),759,₽/кв.м,Цены и наличие уточняйте,,
Docke Standart (Сота-Коричневый),759,₽/кв.м,Цены и наличие уточняйте,,
Docke Standart (Сота-Красный),759,₽/кв.м,Цены и наличие уточняйте,,
Docke Standart (Сота-Серый),759,₽/кв.м,Цены и наличие уточняйте,,
Docke Standart (Тетрис-Красный),781,₽/кв.м,Цены и наличие уточняйте,,
Docke Standart (Тетрис-Коричневый),781,₽/кв.м,Цены и наличие уточняйте,,
Docke Standart (Тетрис-Зеленый),781,₽/кв.м,Цены и наличие уточняйте,,
Docke Premium (Шеффилд-Бисквит),1159,₽/кв.м,Цены и наличие уточняйте,,
Docke Premium (Шеффилд-Кофе),1159,₽/кв.м,Цены и наличие уточняйте,,
Docke Premium (Шеффилд-Миндаль),1159,₽/кв.м,Цены и наличие уточняйте,,
Docke Premium (Шеффилд-Клубника),1159,₽/кв.м,Цены и наличие уточняйте,,
Docke Premium (Гранада-Какао),1159,₽/кв.м,Цены и наличие уточняйте,,
Docke Premium (Генуя-Амаретто),1159,₽/кв.м,Цены и наличие уточняйте,,
Docke Premium (Генуя-Трюфель),1159,₽/кв.м,Цены и наличие уточняйте,,
Docke Premium (Генуя-Канноли),1159,₽/кв.м,Цены и наличие уточняйте,,
Docke Premium (Генуя-Мускат),1159,₽/кв.м,Цены и наличие уточняйте,,
Docke Premium (Цюрих-Арахис),1355,₽/кв.м,Цены и наличие уточняйте,,
Docke Premium (Цюрих-Кофе),1355,₽/кв.м,Цены и наличие уточняйте,,
Docke Premium (Цюрих-Чили),1355,₽/кв.м,Цены и наличие уточняйте,,
Docke Premium (Цюрих-Фладен),1355,₽/кв.м,Цены и наличие уточняйте,,
Docke Premium (Цюрих-Изюм),1355,₽/кв.м,Цены и наличие уточняйте,,
Docke Premium (Женева-Арахис),1406,₽/кв.м,Цены и наличие уточняйте,,
Docke Premium (Женева-Кофе),1406,₽/кв.м,Цены и наличие уточняйте,,
Docke Premium (Женева-Чили),1406,₽/кв.м,Цены и наличие уточняйте,,
Docke Premium (Женева-Фладен),1406,₽/кв.м,Цены и наличие уточняйте,,
Docke Premium (Женева-Изюм),1408,₽/кв.м,Цены и наличие уточняйте,,
Docke Premium (Саппоро-Вагаси),1930,₽/кв.м,Цены и наличие уточняйте,,
Docke Premium (Саппоро-Кофе),1930,₽/кв.м,Цены и наличие уточняйте,,
Docke Premium (Саппоро-Мускат),1930,₽/кв.м,Цены и наличие уточняйте,,
Docke Premium (Саппоро-Слива),1930,₽/кв.м,Цены и наличие уточняйте,,
Подкладочный ковер Anderep GL 15м2,1761.44,₽/шт,,,
Коньковая черепица Top Ridge (6 п/м конька),4708.27,₽/ упаковка,Цены и наличие уточняйте,,
Конёк/карниз Shinglas ,5438,₽/ упаковка,,,
Конёк/карниз Катепал (12 п.м конька или 20 п.м карниза),4202.67,₽/ упаковка,Цены и наличие уточняйте,,
"Ендова Катепал (10 п.м., 7 м2)",4202.67,₽/рулон,Цены и наличие уточняйте,,
Подкладочный ковер Катепал Xtreme (25 м.),15360.09,₽/рулон,Цены и наличие уточняйте,,
Подкладочный ковер Катепал K-EL 60/2200 (15 м.),3647.53,₽/рулон,Цены и наличие уточняйте,,
"Клей Катепал K-36 (0,3 л.)",429.43,₽/шт,Цены и наличие уточняйте,,
"Клей Катепал K-36 (3,0 л.)",2008.12,₽/шт,Цены и наличие уточняйте,,
"Клей Катепал K-36 (10,0 л.)",5534.08,₽/шт,Цены и наличие уточняйте,,
Гвозди кровельные,222.71,₽/кг,Цены и наличие уточняйте,,
Конёк/карниз Шинглас (12 п.м конька или 20 п.м карниза),2341.11,₽/ упаковка,Цены и наличие уточняйте,,
Конёк/карниз Шинглас (7 п.м конька или 12 п.м карниза),1405.03,₽/ упаковка,Цены и наличие уточняйте,,
Ендова Шинглас (10 м2.),4058.27,₽/рулон,Цены и наличие уточняйте,,
Конькова-карнизная черепица Docke Standart (11 п.м конька или 22 п.м карниза),3071.59,₽/ упаковка,Цены и наличие уточняйте,,
Конькова-карнизная черепица Docke Premium (11 п.м конька или 22 п.м карниза),6537.73,₽/ упаковка,Цены и наличие уточняйте,,
Подкладочный ковер Docke D-Basis Standart (15 м2),1093.65,₽/рулон,Цены и наличие уточняйте,,
Подкладочный ковер Docke D-Basis Standart Plus (15 м2),1153.36,₽/рулон,Цены и наличие уточняйте,,
Подкладочный ковер Docke D-Basis Comfort Glass (15 м2),1422.14,₽/рулон,Цены и наличие уточняйте,,
Подкладочный ковер Docke D-Basis Comfort Glass (30 м2),2844.28,₽/рулон,Цены и наличие уточняйте,,
Подкладочный ковер Docke D-Basis Comfort (40 м2),4611.31,₽/рулон,Цены и наличие уточняйте,,
Песчаник ,25,₽/кг,,,
Черный мрамор ,31,₽/кг,,,
Белый мрамор ,35,₽/кг,,,
Миотис,30,₽/кг,,,
Змеевик,45,₽/кг,,,
Яшма,45,₽/кг,,,
БНТ 100-3950,1049,₽/шт,,,"ОАО ""СКАИ"""
БНТ 150-3950,1631.47,₽/шт,,,"ОАО ""СКАИ"""
БНТ 200-3950,4569,₽/шт,,,"ОАО ""СКАИ"""
БНТ 200-5000,4420.45,₽/шт,,,"ОАО ""СКАИ"""
БНТ 300-5000,8407.57,₽/шт,,,"ОАО ""СКАИ"""
БНТ 400-5000,15086,₽/шт,,,"ОАО ""СКАИ"""
БНТ 500-5000,24624.54,₽/шт,,,"ОАО ""СКАИ"""
БНТТ 100-3950,982.87,₽/шт,,,"ОАО ""СКАИ"""
БНТТ 150-3950,1604.2,₽/шт,,,"ОАО ""СКАИ"""
БНТТ 300-5000,5915.82,₽/шт,,,"ОАО ""СКАИ"""
ВТ-6 100-3950,1802.85,₽/шт,,,"ОАО ""СКАИ"""
ВТ-6 200-5000,5205.2,₽/шт,,,"ОАО ""СКАИ"""
ВТ-6 250-5000,8629.4,₽/шт,,,"ОАО ""СКАИ"""
ВТ-6 300-5000,10463.7,₽/шт,,,"ОАО ""СКАИ"""
ВТ-6 400-5000,17695.63,₽/шт,,,"ОАО ""СКАИ"""
ВТ-6 500-5000,23193.65,₽/шт,,,"ОАО ""СКАИ"""
ВТ-9 500*5000,34647.68,₽/шт,,,
ВТ-9 100-3950,2109,₽/шт,,,"ОАО ""СКАИ"""
ВТ-9 150-3950,3291.45,₽/шт,,,"ОАО ""СКАИ"""
ВТ-9 200-5000,6841.78,₽/шт,,,"ОАО ""СКАИ"""
ВТ-9 300-5000,12047,₽/шт,,,"ОАО ""СКАИ"""
ВТ-9 400-5000,21799.65,₽/шт,,,"ОАО ""СКАИ"""
БНМ 100,170.59,₽/шт,,,"ОАО ""СКАИ"""
БНМ 150,240.45,₽/шт,,,"ОАО ""СКАИ"""
БНМ 200,480.44,₽/шт,,,"ОАО ""СКАИ"""
БНМ 250,538,₽/шт,,,"ОАО ""СКАИ"""
БНМ 300,780,₽/шт,,,"ОАО ""СКАИ"""
БНМ 400,1350,₽/шт,,,"ОАО ""СКАИ"""
БНМ 500,1968,₽/шт,,,"ОАО ""СКАИ"""
М 100,260,₽/шт,,,"ОАО ""СКАИ"""
М 150,300,₽/шт,,,"ОАО ""СКАИ"""
М 200,720,₽/шт,,,"ОАО ""СКАИ"""
М 300,559,₽/шт,,,"ОАО ""СКАИ"""
М 400,1760,₽/шт,,,"ОАО ""СКАИ"""
Кольцо резиновое САМ 100,220,₽/шт,,,"ОАО ""СКАИ"""
Кольцо резиновое САМ 200,340,₽/шт,,,"ОАО ""СКАИ"""
Кольцо резиновое САМ 150,388,₽/шт,,,"ОАО ""СКАИ"""
Кольцо резиновое САМ 250,420,₽/шт,,,"ОАО ""СКАИ"""
Кольцо резиновое САМ 300,580,₽/шт,,,"ОАО ""СКАИ"""
Кольцо резиновое САМ 400,960,₽/шт,,,"ОАО ""СКАИ"""
Кольцо резиновое САМ 500,960,₽/шт,,,"ОАО ""СКАИ"""
МП 100,120,₽/шт,,,"ОАО ""СКАИ"""
МП 150,140,₽/шт,,,"ОАО ""СКАИ"""
МП 200,400,₽/шт,,,"ОАО ""СКАИ"""
"Поликарбонат сотовый Agrolux (4,0 мм)",7440,₽/шт,,,
"Поликарбонат сотовый Primavera (6,0 мм)",15249,₽/шт,,,
"Поликарбонат сотовый Primavera (4,0 мм)",9321,₽/шт,,,
"Поликарбонат сотовый Agrolux (3,7 мм)",6636,₽/шт,,,
"Поликарбонат сотовый Agrolux (8,0 мм)",14231,₽/шт,,,
"Поликарбонат сотовый Agrolux (10,0 мм)",16172,₽/шт,,,
"Поликарбонат сотовый Primavera (8,0 мм)",7532,₽/шт,,,
"Поликарбонат сотовый Primavera (10,0 мм)",12321,₽/шт,,,
"Поликарбонат сотовый Agrolux (6,0 мм)",11649,₽/шт,,,
"Поликарбонат сотовый Pronto (4,0 мм)",10769,₽/шт,,,
"Поликарбонат сотовый Pronto (6,0 мм)",17193,₽/шт,,,
"Поликарбонат сотовый Pronto (8,0 мм)",20186,₽/шт,,,
"Поликарбонат сотовый Pronto (10,0 мм)",22425,₽/шт,,,
"Поликарбонат сотовый Platino (4,0 мм)",11463,₽/шт,,,
"Поликарбонат сотовый Platino (6,0 мм)",19458,₽/шт,,,
"Поликарбонат сотовый Platino (8,0 мм)",22425,₽/шт,,,
"Поликарбонат сотовый Platino (10,0 мм)",25413,₽/шт,,,
"Поликарбонат сотовый Agrolux (4,0 мм)",8303.56,₽/шт,,,
"Поликарбонат сотовый Agrolux (6,0 мм)",12461,₽/шт,,,
"Цветной поликарбонат сотовый Agrolux (8,0 мм)",15229,₽/шт,,,
"Поликарбонат сотовый Agrolux (10,0 мм)",17303,₽/шт,,,
"Поликарбонат сотовый Primavera (4,0 мм) (Цветной)",8056,₽/шт,,,
"Цветной поликарбонат сотовый Primavera (6,0 мм)",13183,₽/шт,,,
"Поликарбонат сотовый Primavera (8,0 мм)",14647,₽/шт,,,
"Поликарбонат сотовый Primavera (10,0 мм) (Цветной)",16112,₽/шт,,,
"Цветной поликарбонат сотовый Pronto (4,0 мм)",11520,₽/шт,,,
"Поликарбонат сотовый Pronto (6,0 мм)",18400,₽/шт,,,
"Цветной поликарбонат сотовый Pronto (8,0 мм)",21595,₽/шт,,,
"Поликарбонат сотовый Pronto (10,0 мм)",23995,₽/шт,,,
"Поликарбонат сотовый Agrolux (4,0 мм)",7440,₽/шт,,,
"Поликарбонат сотовый Agrolux (10,0 мм)",16172,₽/шт,,,
"Поликарбонат сотовый Primavera (8,0 мм)",7532,₽/шт,,,
"Поликарбонат сотовый Platino (4,0 мм)",12797,₽/шт,,,
"Поликарбонат сотовый Platino (6,0 мм)",20796,₽/шт,,,
"Поликарбонат сотовый Platino (8,0 мм)",23995,₽/шт,,,
"Поликарбонат сотовый Pronto (6,0 мм)",17193,₽/шт,,,
"Поликарбонат сотовый Pronto (10,0 мм)",22425,₽/шт,,,
"Поликарбонат сотовый Platino (4,0 мм)",11463,₽/шт,,,
"Поликарбонат сотовый Platino (8,0 мм)",22425,₽/шт,,,
"Поликарбонат сотовый Platino (6,0 мм)",19458,₽/шт,,,
"Цветной поликарбонат монолитный Carboglass (12,0 мм)",81531.85,₽/шт,,,
Планка прижимная (6м).,3320.44,₽/шт,,,
Профиль торцевой (4 мм) 2.1 м.,168,₽/шт,,,
Профиль торцевой (6 мм) 2.1 м.,192,₽/шт,,,
Профиль торцевой (8 мм) 2.1 м.,202,₽/шт,,,
Профиль торцевой (10 мм) 2.1 м.,218,₽/шт,,,
Профиль торцевой (16 мм) 2.1 м.,288,₽/шт,,,
"Профиль соединительный разъемный ""Полискреп"" 6-10 мм (6м).",1983,₽/шт,,,
Профиль коньковый RP 8-10 мм (6м).,2146,₽/шт,,,
Профиль соединительный неразъемный ПСН 4-6 мм (6м).,777.4,₽/шт,,,
Профиль соединительный неразъемный ПСН 8 мм (6м).,928,₽/шт,,,
Профиль соединительный неразъемный ПСН 10 мм (6м).,1080,₽/шт,,,
Профиль угловой 4-6 мм (6м).,788,₽/шт,,,
Профиль угловой 8-10 мм (6м).,2077,₽/шт,,,
Профиль пристенный 4-6 мм (6м).,900.9,₽/шт,,,
Профиль пристенный 8-10 мм (6м).,1923,₽/шт,,,
Перфолента 25 мм.,28,₽/шт,,,
Перфолента 38 мм.,30,₽/шт,,,
Гермолента 25 мм.,18,₽/шт,,,
Гермолента 38 мм.,26,₽/шт,,,
Термошайба М-25,17,₽/шт,,,
Термошайба М-25 серая,19,₽/шт,,,
Термошайба Т 38 мм.,14,₽/шт,,,
Термошайба монолит,14,₽/шт,,,
Термошайба универсальная 30 мм,10,₽/шт,,,
Термошайба универсальная 40 мм,11,₽/шт,,,
"Саморез КР с ZP кровля (8) 5,5х25 мм.",6.6,₽/шт,,,
"Саморез КР с ZP кровля (8) 5,5х32 мм.",6.6,₽/шт,,,
"Саморез КР с ZP (10) 6,3х38 мм.",7.7,₽/шт,,,
Желоб водосточный 120х86х3000 МП Модерн,976.67,₽/шт,,,
Держатель желоба 120х86 МП Модерн,194.93,₽/шт,,,
Держатель желоба карнизный 120х86 МП Модерн усиленный,160,₽/шт,,,
Заглушка желоба 120х86 правая МП Модерн,109.08,₽/шт,,,
Заглушка желоба 120х86 левая МП Модерн,109.08,₽/шт,,,
Угол желоба 120х86 наружный МП Модерн,769.62,₽/шт,,,
Угол желоба 120х86 внутренний МП Модерн,665,₽/шт,,,
Воронка выпускная 76х102 МП Модерн,140.39,₽/шт,,,
Труба водосточная 76х102х3000 МП Модерн,1085,₽/шт,,,
Труба водосточная 76х102х2000 МП Модерн,1184.73,₽/шт,,,
Труба водосточная 76х102х3000 с коленом МП Модерн,1140,₽/шт,,,
Труба водосточная 76х102х1000 с коленом МП Модерн,446.42,₽/шт,,,
Держатель трубы 76х102 (на кирпич) МП Модерн,225.23,₽/шт,,,
Держатель трубы 76х102 (на дерево) МП Модерн,225.23,₽/шт,,,
Колено трубы 76х102 (60°) МП Модерн,224.22,₽/шт,,,
Держатель желоба D185x350 МП Проект,345,₽/шт,,,
Держатель желоба D185x350 МП Проект (Оцинковка),300,₽/шт,,,
Желоб водосточный D185x3000 МП Проект,2357,₽/шт,,,
Желоб водосточный D185x3000 МП Проект (Оцинковка),1095,₽/шт,,,
Заглушка желоба D185 МП Проект,125,₽/шт,,,
Заглушка желоба D185 МП Проект (Оцинковка),80,₽/шт,,,
Воронка выпускная D185/150 МП Проект,1566,₽/шт,,,
Воронка выпускная D185/150 МП Проект (Оцинковка),1265,₽/шт,,,
Воронка водосборная D350/150 МП Проект,1836,₽/шт,,,
Воронка водосборная D350/150 МП Проект (Оцинковка),1549.85,₽/шт,,,
Держатель трубы D150 саморез МП Проект,286,₽/шт,,,
Держатель трубы D150 саморез МП Проект (Оцинковка),225,₽/шт,,,
Труба водосточная D150x1000 МП Проект,1066,₽/шт,,,
Труба водосточная D150x1000 МП Проект (Оцинковка),525,₽/шт,,,
Труба водосточная D150x3000 МП Проект,3092,₽/шт,,,
Труба водосточная D150x3000 МП Проект (Оцинковка),1544.85,₽/шт,,,
Колено трубы D150 МП Проект,582,₽/шт,,,
Колено трубы D150 МП Проект (Оцинковка),384.96,₽/шт,,,
Колено трубы сливное D150 МП Проект,415,₽/шт,,,
Колено трубы сливное D150 МП Проект (Оцинковка),384.96,₽/шт,,,
Угол желоба универсальный D185 МП Проект,1407,₽/шт,,,
Угол желоба универсальный D185 МП Проект (Оцинковка),955,₽/шт,,,
Металлочерепица Монтекристо-SL NormanMP (ПЭ-01-3005-0.5) цвет RAL3005,1030,₽/кв.м,3005 Красное вино,,
Металлочерепица Монтекристо-SL NormanMP (ПЭ-01-8004-0.5) цвет RAL8004,1065,₽/кв.м,8004 Коричневая медь,,
Металлочерепица Монтекристо-SL NormanMP (ПЭ-01-7004-0.5) цвет RAL7004,1030,₽/кв.м,7004 Серый,,
Металлочерепица Монтекристо-SL NormanMP (ПЭ-01-5015-0.5) цвет RAL5015,1080,₽/кв.м,5015 Синее небо,,
Металлочерепица Монтекристо-X NormanMP (ПЭ-01-6018-0.5) цвет RAL6018,1095,₽/кв.м,6018 Жёлто-зелёный,,
Металлочерепица Монтекристо-X NormanMP (ПЭ-01-7004-0.5) цвет RAL7004,1045,₽/кв.м,7004 Серый,,
Металлочерепица Монтекристо-X NormanMP (ПЭ-01-5005-0.5) цвет RAL5005,1045,₽/кв.м,5005 Синий насыщенный,,
Металлочерепица Монтекристо-X NormanMP (ПЭ-01-5002-0.5) цвет RAL5002,1080,₽/кв.м,5002 Ультрамарин,,
Металлочерепица Монтекристо-X NormanMP (ПЭ-01-3011-0.5) цвет RAL3011,1080,₽/кв.м,3011 Коричнево-красный,,
Металлочерепица Монтекристо-X NormanMP (ПЭ-01-6019-0.5) цвет RAL6019,1080,₽/кв.м,6019 Зеленая пастель,,
Металлочерепица Монтекристо-X NormanMP (ПЭ-01-RR32-0.5) цвет RR32,1045,₽/кв.м,RR32 Темно-коричневый,,
Металлочерепица Монтекристо-X NormanMP (ПЭ-01-3005-0.5) цвет RAL3005,1045,₽/кв.м,3005 Красное вино,,
Металлочерепица Монтекристо-X NormanMP (ПЭ-01-9006-0.5) цвет RAL9006,1080,₽/кв.м,9006 Белый алюминий,,
Металлочерепица Монтекристо-X NormanMP (ПЭ-01-9003-0.5) цвет RAL9003,1045,₽/кв.м,9003 Белый,,
Металлочерепица Монтекристо-X NormanMP (ПЭ-01-5015-0.5) цвет RAL5015,1095,₽/кв.м,5015 Синее небо,,
Металлочерепица Монтекристо-XL NormanMP (ПЭ-01-6018-0.5) цвет RAL6018,1095,₽/кв.м,6018 Жёлто-зелёный,1045,
Металлочерепица Монтекристо-XL NormanMP (ПЭ-01-5002-0.5) цвет RAL5002,1080,₽/кв.м,5002 Ультрамарин,,
Металлочерепица Монтекристо-XL NormanMP (ПЭ-01-8004-0.5) цвет RAL8004,1080,₽/кв.м,8004 Коричневая медь,,
Металлочерепица Монтекристо-XL NormanMP (ПЭ-01-7024-0.5) цвет RAL7024,1045,₽/кв.м,7024 Серый графит,,
Металлочерепица Монтекристо-XL NormanMP (ПЭ-01-5005-0.5) цвет RAL5005,1045,₽/кв.м,5005 Синий насыщенный,,
Металлочерепица Монтекристо-XL NormanMP (ПЭ-01-3011-0.5) цвет RAL3011,1080,₽/кв.м,3011 Коричнево-красный,,
Металлочерепица Монтекристо-XL NormanMP (ПЭ-01-6019-0.5) цвет RAL6019,1080,₽/кв.м,6019 Зеленая пастель,,
Металлочерепица Монтекристо-XL NormanMP (ПЭ-01-3005-0.5) цвет RAL3005,1045,₽/кв.м,3005 Красное вино,,
Металлочерепица Монтекристо-XL NormanMP (ПЭ-01-6005-0.5) цвет RAL6005,1045,₽/кв.м,6005 Зеленый мох,,
Металлочерепица Монтекристо-XL NormanMP (ПЭ-01-5015-0.5) цвет RAL5015,1095,₽/кв.м,5015 Синее небо,,
Металлочерепица Монтекристо-XL NormanMP (ПЭ-01-8017-0.5) цвет RAL8017,1045,₽/кв.м,8017 Коричневый шоколад,,
Металлочерепица Монкатта NormanMP (ПЭ-01-8017-0.5) цвет RAL8017,979.9,₽/кв.м,8017 Коричневый шоколад,,
Металлочерепица Монкатта NormanMP (ПЭ-01-5015-0.5) цвет RAL5015,974.65,₽/кв.м,5015 Синее небо,,
Металлочерепица Монкатта NormanMP (ПЭ-01-6019-0.5) цвет RAL6019,959.5,₽/кв.м,6019 Зеленая пастель,,
Металлочерепица Монкатта NormanMP (ПЭ-01-5005-0.5) цвет RAL5005,939.9,₽/кв.м,5005 Синий насыщенный,,
Металлочерепица Монкатта NormanMP (ПЭ-01-5002-0.5) цвет RAL5002,959.5,₽/кв.м,5002 Ультрамарин,,
Металлочерепица Монкатта NormanMP (ПЭ-01-7004-0.5) цвет RAL7004,939.9,₽/кв.м,7004 Серый,,
Металлочерепица Монкатта NormanMP (ПЭ-01-3020-0.5) цвет RAL3020,974.65,₽/кв.м,3020 Красный насыщенный,,
Металлочерепица Монкатта NormanMP (ПЭ-01-RR32-0.5) цвет RR32,939.9,₽/кв.м,RR32 Темно-коричневый,,
Металлочерепица Монкатта NormanMP (ПЭ-01-3011-0.5) цвет RAL3011,959.5,₽/кв.м,3011 Коричнево-красный,,
Металлочерепица Монкатта NormanMP (ПЭ-01-7024-0.5) цвет RAL7024,939.9,₽/кв.м,7024 Серый графит,,
Металлочерепица Монкатта NormanMP (ПЭ-01-6018-0.5) цвет RAL6018,974.65,₽/кв.м,6018 Жёлто-зелёный,,
Металлочерепица Монкатта NormanMP (ПЭ-01-6005-0.5) цвет RAL6005,929.91,₽/кв.м,6005 Зеленый мох,,
Металлочерепица Ламонтерра-XL NormanMP (ПЭ-01-6005-0.5) цвет RAL6005,929.2,₽/кв.м,6005 Зеленый мох,,
Металлочерепица Ламонтерра-XL NormanMP (ПЭ-01-3020-0.5) цвет RAL3020,960,₽/кв.м,3020 Красный насыщенный,,
Металлочерепица Ламонтерра-XL NormanMP (ПЭ-01-7004-0.5) цвет RAL7004,969.9,₽/кв.м,7004 Серый,,
Металлочерепица Ламонтерра-XL NormanMP (ПЭ-01-7024-0.5) цвет RAL7024,919.91,₽/кв.м,7024 Серый графит,,
Металлочерепица Ламонтерра-XL NormanMP (ПЭ-01-3011-0.5) цвет RAL3011,949.4,₽/кв.м,3011 Коричнево-красный,,
Металлочерепица Ламонтерра-XL NormanMP (ПЭ-01-8004-0.5) цвет RAL8004,949.4,₽/кв.м,8004 Коричневая медь,,
Металлочерепица Ламонтерра-XL NormanMP (ПЭ-01-5015-0.5) цвет RAL5015,964.55,₽/кв.м,5015 Синее небо,,
Металлочерепица Ламонтерра-XL NormanMP (ПЭ-01-6018-0.5) цвет RAL6018,964.55,₽/кв.м,6018 Жёлто-зелёный,,
Металлочерепица Ламонтерра-XL NormanMP (ПЭ-01-5005-0.5) цвет RAL5005,929.2,₽/кв.м,5005 Синий насыщенный,,
Металлочерепица Ламонтерра-XL NormanMP (ПЭ-01-9002-0.5) цвет RAL9002,890,₽/кв.м,9002 Серо-белый,,
Металлочерепица Ламонтерра-XL NormanMP (ПЭ-01-8017-0.5) цвет RAL8017,929.2,₽/кв.м,8017 Коричневый шоколад,,
Металлочерепица Ламонтерра X NormanMP (ПЭ-01-8017-0.5) цвет RAL8017,929.2,₽/кв.м,8017 Коричневый шоколад,,
Металлочерепица Ламонтерра X NormanMP (ПЭ-01-3011-0.5) цвет RAL3011,1019.09,₽/кв.м,3011 Коричнево-красный,,
Металлочерепица Ламонтерра X NormanMP (ПЭ-01-8004-0.5) цвет RAL8004,949.9,₽/кв.м,8004 Коричневая медь,,
Металлочерепица Ламонтерра X NormanMP (ПЭ-01-5005-0.5) цвет RAL5005,929.2,₽/кв.м,5005 Синий насыщенный,,
Металлочерепица Ламонтерра X NormanMP (ПЭ-01-3005-0.5) цвет RAL3005,952.43,₽/кв.м,3005 Красное вино,,
Металлочерепица Ламонтерра-X NormanMP (ПЭ-01-RR32-0.5) цвет RR32,952.43,₽/кв.м,RR32 Темно-коричневый,,
Металлочерепица Ламонтерра X NormanMP (ПЭ-01-9003-0.5) цвет RAL9003,929.2,₽/кв.м,9003 Белый,,
Металлочерепица Ламонтерра X NormanMP (ПЭ-01-7024-0.5) цвет RAL7024,929.2,₽/кв.м,7024 Серый графит,,
Металлочерепица Ламонтерра X NormanMP (ПЭ-01-5015-0.5) цвет RAL5015,964.55,₽/кв.м,5015 Синее небо,,
Металлочерепица Ламонтерра X NormanMP (ПЭ-01-6005-0.5) цвет RAL6005,952.43,₽/кв.м,6005 Зеленый мох,,
Металлочерепица Ламонтерра NormanMP (ПЭ-01-6005-0.5) цвет RAL6005,929.2,₽/кв.м,6005 Зеленый мох,,
Металлочерепица Ламонтерра NormanMP (ПЭ-01-8004-0.5) цвет RAL8004,939.91,₽/кв.м,8004 Коричневая медь,,
Металлочерепица Ламонтерра NormanMP (ПЭ-01-5005-0.5) цвет RAL5005,929.2,₽/кв.м,5005 Синий насыщенный,,
Металлочерепица Ламонтерра NormanMP (ПЭ-01-9003-0.5) цвет RAL9003,929.2,₽/кв.м,9003 Белый,,
Металлочерепица Ламонтерра NormanMP (ПЭ-01-3005-0.5) цвет RAL3005,929.2,₽/кв.м,3005 Красное вино,,
Металлочерепица Ламонтерра NormanMP (ПЭ-01-3011-0.5) цвет RAL3011,949.4,₽/кв.м,3011 Коричнево-красный,,
Металлочерепица Ламонтерра NormanMP (ПЭ-01-7024-0.5) цвет RAL7024,929.2,₽/кв.м,7024 Серый графит,,
Металлочерепица Ламонтерра NormanMP (ПЭ-01-9002-0.5) цвет RAL9002,929.2,₽/кв.м,9002 Серо-белый,,
Металлочерепица Ламонтерра NormanMP (ПЭ-01-1015-0.5) цвет RAL1015,929.2,₽/гр,1015 Светлая слоновая кость,,
Металлочерепица Ламонтерра NormanMP (ПЭ-01-8017-0.5) цвет RAL8017,929.2,₽/кв.м,8017 Коричневый шоколад,,
Планка снегозадержателя усиливающая 95x65x2000,676.7,₽/шт,,,
Профилированный лист Н-75х750 (ОЦ-01-БЦ-0.7),1112,₽/кв.м,,,
"Профлист МП-20x1100-R (ПЭ-01-3011-0,7) цвет RAL3011",1165,₽/кв.м,,,
"Профлист С-21х1000-A (VALORI-20-OxiBеige-0,5) цвет OXIBЕIGE (БЕЖЕВО-СЕРЫЙ)",1214.88,₽/кв.м,,,
"Профлист НС-35х1000-A (VALORI-20-OxiBеige-0,5) цвет OXIBЕIGE (БЕЖЕВО-СЕРЫЙ)",1222.1,₽/кв.м,,,
"Профлист МП-20х1100-A (VALORI-20-OxiBеige-0,5) цвет OXIBЕIGE (БЕЖЕВО-СЕРЫЙ)",1095.85,₽/кв.м,,,
"Профлист С-21х1000-A (VALORI-20-DarkBrown-0,5) цвет DARK BROWN (ТЁМНО-КОРИЧНЕВЫЙ)",1227.15,₽/кв.м,,,
"Профлист НС-35х1000-A (VALORI-20-DarkBrown-0,5) цвет DARK BROWN (ТЁМНО-КОРИЧНЕВЫЙ)",1222.1,₽/кв.м,,,
"Профлист МП-20х1100-A (VALORI-20-DarkBrown-0,5) цвет DARK BROWN (ТЁМНО-КОРИЧНЕВЫЙ)",1095.85,₽/кв.м,,,
"Профлист С-21х1000-A (VALORI-20-Brown-0,5) цвет BROWN (КОРИЧНЕВЫЙ)",1214.88,₽/кв.м,,,
"Профлист НС-35х1000-B (VALORI-20-Brown-0,5) цвет BROWN (КОРИЧНЕВЫЙ)",1222.1,₽/кв.м,,,
"Профлист МП-20х1100-A (VALORI-20-Brown-0,5) цвет BROWN (КОРИЧНЕВЫЙ)",1095.85,₽/кв.м,,,
"Профлист С-21x1000-A (VALORI-20-Violet-0,5) цвет VIOLET (ТЁМНО-ФИОЛЕТОВЫЙ)",1214.88,₽/кв.м,,,
"Профлист НС-35х1000-A (VALORI-20-Violet-0,5) цвет VIOLET (ТЁМНО-ФИОЛЕТОВЫЙ)",1222.1,₽/кв.м,,,
"Профлист МП-20x1100-R (VALORI-20-Violet-0,5) цвет VIOLET (ТЁМНО-ФИОЛЕТОВЫЙ)",1065.55,₽/кв.м,,,
"Профлист С-21х1000-A (VALORI-20-Grey-0,5) цвет GREY (СЕРЫЙ)",1214.88,₽/кв.м,,,
"Профлист НС-35х1000-B (VALORI-20-Grey-0,5) цвет GREY (СЕРЫЙ)",1222.1,₽/кв.м,,,
"Профлист МП-20x1100-R (VALORI-20-Grey-0,5) цвет GREY (СЕРЫЙ)",1095.85,₽/кв.м,,,
"Профлист С-21x1000-A (VALORI-20-DarkGrey-0,5) цвет DARK GREY (ТЁМНО-СЕРЫЙ)",1227.15,₽/кв.м,,,
"Профлист НС-35х1000-B (VALORI-20-DarkGrey-0,5) цвет DARK GREY (ТЁМНО-СЕРЫЙ)",1209.88,₽/кв.м,,,
"Профлист МП-20x1100-R (VALORI-20-DarkGrey-0,5) цвет DARK GREY (ТЁМНО-СЕРЫЙ)",1065.55,₽/кв.м,,,
"Профлист С-21x1000-A (КЛМА-02-Anticato-0,5) цвет ANTICATO (ТЕРРАКОТОВЫЙ)",1681.65,₽/кв.м,,,
"Профлист НС-35x1000-A (КЛМА-02-Anticato-0,5) цвет ANTICATO (ТЕРРАКОТОВЫЙ)",1661.45,₽/кв.м,,,
"Профлист МП-35x1035-B (КЛМА-02-Anticato-0,5) цвет ANTICATO (ТЕРРАКОТОВЫЙ)",1661.45,₽/кв.м,,,
"Профлист МП-20x1100-R (КЛМА-02-Anticato-0,5) цвет ANTICATO (ТЕРРАКОТОВЫЙ)",1555.4,₽/кв.м,,,
"Профлист С-44x1000-A (PURETAN-20-RR32-0,5) цвет RR32",1328.15,₽/кв.м,,,
"Профлист С-21x1000-A (PURETAN-20-RR32-0,5) цвет RR32",1324.87,₽/кв.м,,,
"Профлист НС-35x1000-A (PURETAN-20-RR32-0,5) цвет RR32",1323.1,₽/кв.м,,,
"Профлист МП-35x1035-B (PURETAN-20-RR32-0,5) цвет RR32",1323.1,₽/кв.м,,,
"Профлист МП-20x1100-R (PURETAN-20-RR32-0,5) цвет RR32",1212,₽/кв.м,,,
"Профлист С-44x1000-A (PURETAN-20-8017-0,5) цвет RAL8017",1314.87,₽/кв.м,,,
"Профлист С-21x1000-A (PURETAN-20-8017-0,5) цвет RAL8017",1338.25,₽/кв.м,,,
"Профлист НС-35x1000-A (PURETAN-20-8017-0,5) цвет RAL8017",1244.88,₽/кв.м,,,
"Профлист Н-60x845-A (PURETAN-20-8017-0,5) цвет RAL8017",1454.85,₽/кв.м,,,
"Профлист МП-35x1035-B (PURETAN-20-8017-0,5) цвет RAL8017",1257.45,₽/кв.м,,,
"Профлист МП-20x1100-R (PURETAN-20-8017-0,5) цвет RAL8017",1151.4,₽/кв.м,,,
"Профлист С-44x1000-A (ОЦ-01-БЦ-0,8) цвет ЦИНК",982.81,₽/кв.м,,,
"Профлист С-44x1000-A (ОЦ-01-БЦ-0,75) цвет ЦИНК",928.08,₽/кв.м,,,
"Профлист С-44x1000-A (ОЦ-01-БЦ-0,7) цвет ЦИНК",869.34,₽/кв.м,,,
"Профлист С-44x1000-A (ОЦ-01-БЦ-0,65) цвет ЦИНК",830.37,₽/кв.м,,,
"Профлист С-44x1000-A (ОЦ-01-БЦ-0,55) цвет ЦИНК",718.48,₽/кв.м,,,
"Профлист С-44x1000-A (ОЦ-01-БЦ-0,5) цвет ЦИНК",621.49,₽/кв.м,,,
"Профлист С-44x1000-A (ОЦ-01-БЦ-0,45) цвет ЦИНК",580.32,₽/кв.м,,,
Профлист С-21x1000-A (ОЦ-01-БЦ-СТ) цвет ЦИНК,500.95,₽/кв.м,,,
"Профлист С-21x1000-A (ОЦ-01-БЦ-0,7) цвет ЦИНК",866.03,₽/кв.м,,,
"Профлист С-21x1000-A (ОЦ-01-БЦ-0,65) цвет ЦИНК",827.21,₽/кв.м,,,
"Профлист С-21x1000-A (ОЦ-01-БЦ-0,55) цвет ЦИНК",715.75,₽/кв.м,,,
"Профлист С-21x1000-A (ОЦ-01-БЦ-0,5) цвет ЦИНК",619.12,₽/кв.м,,,
"Профлист С-21x1000-A (ОЦ-01-БЦ-0,45) цвет ЦИНК",578.12,₽/кв.м,,,
"Профлист С-21x1000-A (ОЦ-01-БЦ-0,4) цвет ЦИНК",527.5,₽/кв.м,,,
"Профлист НС-35x1000-A (ОЦ-01-БЦ-0,9) цвет ЦИНК",1070.38,₽/кв.м,,,
"Профлист НС-35x1000-A (ОЦ-01-БЦ-0,8) цвет ЦИНК",970.75,₽/кв.м,,,
"Профлист НС-35x1000-A (ОЦ-01-БЦ-0,75) цвет ЦИНК",916.7,₽/кв.м,,,
"Профлист НС-35x1000-A (ОЦ-01-БЦ-0,7) цвет ЦИНК",858.68,₽/кв.м,,,
"Профлист НС-35x1000-A (ОЦ-01-БЦ-0,65) цвет ЦИНК",820.19,₽/кв.м,,,
"Профлист НС-35x1000-A (ОЦ-01-БЦ-0,55) цвет ЦИНК",709.67,₽/кв.м,,,
"Профлист НС-35x1000-A (ОЦ-01-БЦ-0,5) цвет ЦИНК",613.87,₽/кв.м,,,
"Профлист НС-35x1000-A (ОЦ-01-БЦ-0,45) цвет ЦИНК",573.21,₽/кв.м,,,
Профлист МП-20x1100-R (ОЦ-01-БЦ-СТ) цвет ЦИНК,457.83,₽/кв.м,,,
"Профлист МП-20x1100-R (ОЦ-01-БЦ-0,8) цвет ЦИНК",894.78,₽/кв.м,,,
"Профлист МП-20x1100-R (ОЦ-01-БЦ-0,7) цвет ЦИНК",791.48,₽/кв.м,,,
"Профлист МП-20x1100-R (ОЦ-01-БЦ-0,65) цвет ЦИНК",756,₽/кв.м,,,
"Профлист МП-20x1100-R (ОЦ-01-БЦ-0,55) цвет ЦИНК",654.13,₽/кв.м,,,
"Профлист МП-20x1100-R (ОЦ-01-БЦ-0,5) цвет ЦИНК",565.83,₽/кв.м,,,
"Профлист МП-20x1100-R (ОЦ-01-БЦ-0,45) цвет ЦИНК",528.35,₽/кв.м,,,
"Профлист МП-20x1100-R (ОЦ-01-БЦ-0,4) цвет ЦИНК",482.09,₽/кв.м,,,
Профлист Н-60x845-A (ОЦ-01-БЦ-1) цвет ЦИНК,1353.16,₽/кв.м,,,
"Профлист Н-60x845-A (ОЦ-01-БЦ-0,9) цвет ЦИНК",1226.94,₽/кв.м,,,
"Профлист Н-60x845-A (ОЦ-01-БЦ-0,8) цвет ЦИНК",1112.86,₽/кв.м,,,
"Профлист Н-60x845-A (ОЦ-01-БЦ-0,75) цвет ЦИНК",1051,₽/кв.м,,,
"Профлист Н-60x845-A (ОЦ-01-БЦ-0,7) цвет ЦИНК",984.48,₽/кв.м,,,
"Профлист Н-60x845-A (ОЦ-01-БЦ-0,65) цвет ЦИНК",940.91,₽/кв.м,,,
"Профлист Н-60x845-A (ОЦ-01-БЦ-0,55) цвет  ЦИНК",814.36,₽/кв.м,,,
"Профлист МП-35x1035-B (ОЦ-01-БЦ-0,9) цвет ЦИНК",1054.46,₽/кв.м,,,
"Профлист МП-35x1035-B (ОЦ-01-БЦ-0,8) цвет ЦИНК",956.32,₽/кв.м,,,
"Профлист МП-35x1035-B (ОЦ-01-БЦ-0,75) цвет ЦИНК",903.07,₽/кв.м,,,
"Профлист МП-35x1035-B (ОЦ-01-БЦ-0,7) цвет ЦИНК",845.91,₽/кв.м,,,
"Профлист МП-35x1035-B (ОЦ-01-БЦ-0,65) цвет ЦИНК",807.99,₽/кв.м,,,
"Профлист МП-35x1035-B (ОЦ-01-БЦ-0,55) цвет ЦИНК",699.12,₽/кв.м,,,
"Профлист МП-35x1035-B (ОЦ-01-БЦ-0,5) цвет ЦИНК",604.74,₽/кв.м,,,
"Профлист МП-35x1035-B (ОЦ-01-БЦ-0,45) цвет ЦИНК",564.68,₽/кв.м,,,
"Профлист С-21x1000-A (ECOSTEEL-01-БелыйКамень-0,5) цвет БЕЛЫЙ КАМЕНЬ",1639.84,₽/кв.м,,,
"Профлист НС-35x1000-A (ECOSTEEL-01-БелыйКамень-0,5) цвет БЕЛЫЙ КАМЕНЬ",1619.84,₽/кв.м,,,
"Профлист Н-60x845-A (ECOSTEEL-01-БелыйКамень-0,5) цвет БЕЛЫЙ КАМЕНЬ",1779.82,₽/кв.м,,,
"Профлист МП-35x1035-B (ECOSTEEL-01-БелыйКамень-0,5) цвет БЕЛЫЙ КАМЕНЬ",1555.4,₽/кв.м,,,
"Профлист МП-20x1100-R (ECOSTEEL-01-БелыйКамень-0,5) цвет БЕЛЫЙ КАМЕНЬ",1429.15,₽/кв.м,,,
"Профлист МП-20x1100-R (ECOSTEEL_MA-01-Античный Дуб-0,5) цвет АНТИЧНЫЙ ДУБ",1449.86,₽/кв.м,,,
"Профлист С-21x1000-A (ECOSTEEL_MA-01-Беленый Дуб-0,5) цвет БЕЛЁНЫЙ ДУБ",1590.75,₽/кв.м,,,
"Профлист МП-35х1035-A (ECOSTEEL_MA-01-Беленый Дуб-0,5) цвет БЕЛЁНЫЙ ДУБ",1580.65,₽/кв.м,,,
"Профлист МП-20x1100-R (ECOSTEEL_MA-01-Беленый Дуб-0,5) цвет БЕЛЁНЫЙ ДУБ",1449.86,₽/кв.м,,,
"Профлист С-44х1000-A (ECOSTEEL-01-Кирпич-0,5) цвет КИРПИЧ",1594.84,₽/кв.м,,,
"Профлист С-21x1000-A (ECOSTEEL-01-Кирпич-0,5) цвет КИРПИЧ",1575.6,₽/кв.м,,,
"Профлист МП-35х1035-A (ECOSTEEL-01-Кирпич-0,5) цвет КИРПИЧ",1555.4,₽/кв.м,,,
"Профлист МП-20x1100-R (ECOSTEEL-01-Кирпич-0,5) цвет КИРПИЧ",1449.86,₽/кв.м,,,
"Профлист С-21x1000-A (ECOSTEEL_T-01-Кедр-0,5) цвет КЕДР",1724.83,₽/кв.м,,,
"Профлист МП-20x1100-R (ECOSTEEL_T-01-Кедр-0,5) цвет КЕДР",1504.9,₽/кв.м,,,
"Профлист С-44x1000-A (ECOSTEEL-01-МореныйДуб-0,5) цвет МОРЁНЫЙ ДУБ",1639.84,₽/кв.м,,,
"Профлист С-21x1000-A (ECOSTEEL_MA_Д-01-МореныйДуб-0,5) цвет МОРЁНЫЙ ДУБ",1909.81,₽/кв.м,,,
"Профлист НС-35x1000-A (ECOSTEEL_MA-01-МореныйДуб-0,5) цвет МОРЁНЫЙ ДУБ",1580.65,₽/кв.м,,,
"Профлист Н-60x845-A (ECOSTEEL-01-МореныйДуб-0,5) цвет МОРЁНЫЙ ДУБ",1797.8,₽/кв.м,,,
"Профлист МП-35x1035-B (ECOSTEEL_MA-01-МореныйДуб-0,5) цвет МОРЁНЫЙ ДУБ",1644.84,₽/кв.м,,,
"Профлист МП-20x1100-R (ECOSTEEL_MA-01-МореныйДуб-0,5) цвет МОРЁНЫЙ ДУБ",1479.85,₽/кв.м,,,
"Профлист С-44x1000-A (ECOSTEEL_T-01-ЗолотойДуб-0,5) цвет ЗОЛОТОЙ ДУБ",1639.84,₽/кв.м,,,
"Профлист С-21x1000-A (ECOSTEEL_T-01-ЗолотойДуб-0,5) цвет ЗОЛОТОЙ ДУБ",1639.84,₽/кв.м,,,
"Профлист НС-35x1000-A (ECOSTEEL_T-01-ЗолотойДуб-0,5) цвет ЗОЛОТОЙ ДУБ",1644.84,₽/кв.м,,,
"Профлист МП-35x1035-B (ECOSTEEL_T-01-ЗолотойДуб-0,5) цвет ЗОЛОТОЙ ДУБ",1609.84,₽/кв.м,,,
"Профлист МП-20x1100-R (ECOSTEEL_T_Д-01-ЗолотойДуб-0,5) цвет ЗОЛОТОЙ ДУБ",1747.3,₽/кв.м,,,
"Профлист С-44x1000-A (ECOSTEEL_T-01-Сосна-0,5) цвет сосна",1656.4,₽/кв.м,,,
"Профлист С-21x1000-A (ECOSTEEL_MA-01-Сосна-0,5) цвет сосна",1590.75,₽/кв.м,,,
"Профлист  НС-35x1000-A (ECOSTEEL-01-Сосна-0,5) цвет сосна",1555.4,₽/кв.м,,,
"Профлист МП-35x1035-B (ECOSTEEL-01-Сосна-0,5) цвет сосна",1555.4,₽/кв.м,,,
"Профлист МП-20x1100-R (ECOSTEEL_T-01-Сосна-0,5) цвет сосна",1504.9,₽/кв.м,,,
"Профлист С-21x1000-A (AGNETA_Д-03-Copper-0,5) цвет COPPER (МЕДНЫЙ)",1605.9,₽/кв.м,,,
"Профлист НС-35x1000-A (AGNETA_Д-20-Copper-0,5) цвет COPPER (МЕДНЫЙ)",1664.83,₽/кв.м,,,
"Профлист МП-20x1100-R (AGNETA_Д-20-Copper-0,5) цвет COPPER (МЕДНЫЙ)",1539.85,₽/кв.м,,,
"Профлист С-44x1000-A (VikingMP E-20-7024-0,5) цвет RAL7024",1304.87,₽/кв.м,,,
"Профлист С-21x1000-A (VikingMP E-20-7024-0,5) цвет RAL7024",1318.05,₽/кв.м,,,
"Профлист НС-35x1000-A (VikingMP E-20-7024-0,5) цвет RAL7024",1374.86,₽/кв.м,,,
"Профлист Н-60x845-A (VikingMP E-20-7024-0,5) цвет RAL7024",1589.84,₽/кв.м,,,
"Профлист МП-35x1035-B (VikingMP E-20-7024-0,5) цвет RAL7024",1304.87,₽/гр,,,
"Профлист МП-20x1100-R (VikingMP E-20-7024-0,5) цвет RAL7024",1217.05,₽/кв.м,,,
"Профлист С-44x1000-A (VikingMP E-20-RR32-0,5) цвет RR32",1318.05,₽/кв.м,,,
"Профлист С-21x1000-A (VikingMP E-20-RR32-0,5) цвет RR32",1318.05,₽/кв.м,,,
"Профлист НС-35x1000-A (VikingMP E-20-RR32-0,5) цвет RR32",1318.05,₽/кв.м,,,
"Профлист Н-60x845-A (VikingMP E-20-RR32-0,5) цвет RR32",1525.1,₽/кв.м,,,
"Профлист МП-35x1035-B (VikingMP E-20-RR32-0,5) цвет RR32",1374.86,₽/кв.м,,,
"Профлист МП-20x1100-R (VikingMP E-20-RR32-0,5) цвет RR32",1210,₽/кв.м,,,
"Профлист С-44x1000-A (VikingMP E-20-8019-0,5) цвет RAL8019",1310,₽/кв.м,,,
"Профлист С-21x1000-A (VikingMP E-20-8019-0,5) цвет RAL8019",1374.86,₽/кв.м,,,
"Профлист НС-35x1000-A (VikingMP E-20-8019-0,5) цвет RAL8019",1310,₽/кв.м,,,
"Профлист Н-60x845-A (VikingMP E-20-8019-0,5) цвет RAL8019",1510,₽/кв.м,,,
"Профлист МП-35х1035-B (VikingMP E-20-8019-0,5) цвет RAL8019",1310,₽/кв.м,,,
"Профлист МП-20x1100-R (VikingMP E-20-8019-0,5) цвет RAL8019",1210,₽/кв.м,,,
"Профлист С-44x1000-A (VikingMP E-20-8004-0,5) цвет RAL8004",1310,₽/кв.м,,,
"Профлист С-21x1000-A (VikingMP E-20-8004-0,5) цвет RAL8004",1310,₽/кв.м,,,
"Профлист НС-35x1000-A (VikingMP E-20-8004-0,5) цвет RAL8004",1310,₽/кв.м,,,
"Профлист Н-60x845-A (VikingMP E-20-8004-0,5) цвет RAL8004",1510,₽/кв.м,,,
"Профлист МП-35x1035-B (VikingMP E-20-8004-0,5) цвет RAL8004",1310,₽/кв.м,,,
"Профлист МП-20x1100-R (VikingMP E-20-8004-0,5) цвет RAL8004",1210,₽/кв.м,,,
"Профлист С-44x1000-A (VikingMP E-20-8017-0,5) цвет RAL8017",1374.86,₽/кв.м,,,
"Профлист С-21x1000-A (VikingMP E-20-8017-0,5) цвет RAL8017",1310,₽/кв.м,,,
"Профлист НС-35x1000-A (VikingMP E-20-8017-0,5) цвет RAL8017",1374.86,₽/кв.м,,,
"Профлист Н-60х845-A (VikingMP E-20-8017-0,5) цвет RAL8017",1510,₽/кв.м,,,
"Профлист МП-35x1035-B (VikingMP E-20-8017-0,5) цвет RAL8017",1310,₽/кв.м,,,
"Профлист МП-20x1100-R (VikingMP E-20-8017-0,5) цвет RAL8017",1210,₽/кв.м,,,
"Профлист С-44x1000-A (VikingMP E-20-9005-0,5) цвет RAL9005",1374.86,₽/кв.м,,,
"Профлист С-21x1000-A (VikingMP E-20-9005-0,5) цвет RAL9005",1310,₽/кв.м,,,
"Профлист НС-35x1000-A (VikingMP E-20-9005-0,5) цвет RAL9005",1310,₽/кв.м,,,
"Профлист Н-60x845-A (VikingMP E-20-9005-0,5) цвет RAL9005",1510,₽/кв.м,,,
"Профлист МП-35x1035-B (VikingMP E-20-9005-0,5) цвет RAL9005",1310,₽/кв.м,,,
"Профлист МП-20x1100-R (VikingMP E-20-9005-0,5) цвет RAL9005",1210,₽/кв.м,,,
"Профлист С-44x1000-A (PURMAN-20-9005-0,5) цвет RAL9005",1380,₽/кв.м,,,
"Профлист С-21x1000-A (PURMAN-20-9005-0,5) цвет RAL9005",1394.86,₽/кв.м,,,
"Профлист НС-35x1000-A (PURMAN-20-9005-0,5) цвет RAL9005",1380,₽/кв.м,,,
"Профлист Н-60x845-A (PURMAN-20-9005-0,5) цвет RAL9005",1590,₽/кв.м,,,
"Профлист МП-35x1035-B (PURMAN-20-9005-0,5) цвет RAL9005",1380,₽/кв.м,,,
"Профлист МП-20x1100-R (PURMAN-20-9005-0,5) цвет RAL9005",1265,₽/кв.м,,,
"Профлист С-44x1000-A (PURMAN-20-5005-0,5) цвет RAL5005",1380,₽/кв.м,,,
"Профлист С-21x1000-A (PURMAN-20-5005-0,5) цвет RAL5005",1394.86,₽/кв.м,,,
"Профлист НС-35x1000-A (PURMAN-20-5005-0,5) цвет RAL5005",1380,₽/кв.м,,,
"Профлист Н-60x845-A (PURMAN-20-5005-0,5) цвет RAL5005",1590,₽/кв.м,,,
"Профлист МП-35x1035-B (PURMAN-20-5005-0,5) цвет RAL5005",1380,₽/кв.м,,,
"Профлист МП-20x1100-R (PURMAN-20-5005-0,5) цвет RAL5005",1344.87,₽/кв.м,,,
"Профлист С-21x1000-A (PURMAN-20-Citrine-0,5) цвет CITRINE (ТЁМНО-СИНИЙ)",1464.85,₽/кв.м,,,
"Профлист НС-35x1000-A (PURMAN-20-Citrine-0,5) цвет CITRINE (ТЁМНО-СИНИЙ)",1464.85,₽/кв.м,,,
"Профлист МП-20x1100-R (PURMAN-20-Citrine-0,5) цвет CITRINE (ТЁМНО-СИНИЙ)",1265,₽/кв.м,,,
"Профлист С-44x1000-A (PURMAN-20-RR32-0,5) цвет RR32",1464.85,₽/кв.м,,,
"Профлист С-21x1000-A (PURMAN-20-RR32-0,5) цвет RR32",1380,₽/кв.м,,,
"Профлист НС-35x1000-A (PURMAN-20-RR32-0,5) цвет RR32",1380,₽/кв.м,,,
"Профлист Н-60x845-A (PURMAN-20-RR32-0,5) цвет RR32",1590,₽/кв.м,,,
"Профлист МП-35x1035-B (PURMAN-20-RR32-0,5) цвет RR32",1380,₽/кв.м,,,
"Профлист МП-20x1100-R (PURMAN-20-RR32-0,5) цвет RR32",1265,₽/кв.м,,,
"Профлист С-44x1000-A (PURMAN-20-7024-0,5) цвет RAL7024",1380,₽/кв.м,,,
"Профлист С-21x1000-A (PURMAN-20-7024-0,5) цвет RAL7024",1380,₽/кв.м,,,
"Профлист НС-35x1000-A (PURMAN-20-7024-0,5) цвет RAL7024",1380,₽/кв.м,,,
"Профлист Н-60x845-A (PURMAN-20-7024-0,5) цвет RAL7024",1590,₽/кв.м,,,
"Профлист МП-35x1035-B (PURMAN-20-7024-0,5) цвет RAL7024",1464.85,₽/кв.м,,,
"Профлист МП-20x1100-R (PURMAN-20-7024-0,5) цвет RAL7024",1265,₽/кв.м,,,
"Профлист С-44x1000-A (PURMAN-20-6005-0,5) цвет RAL6005",1380,₽/кв.м,,,
"Профлист С-21x1000-A (PURMAN-20-6005-0,5) цвет RAL6005",1464.85,₽/кв.м,,,
"Профлист НС-35x1000-A (PURMAN-20-6005-0,5) цвет RAL6005",1380,₽/кв.м,,,
"Профлист Н-60x845-A (PURMAN-20-6005-0,5) цвет RAL6005",1694.83,₽/кв.м,,,
"Профлист МП-35x1035-B (PURMAN-20-6005-0,5) цвет RAL6005",1380,₽/кв.м,,,
"Профлист МП-20x1100-R (PURMAN-20-6005-0,5) цвет RAL6005",1265,₽/кв.м,,,
"Профлист С-44x1000-A (PURMAN-20-8017-0,5) цвет RAL8017",1380,₽/кв.м,,,
"Профлист С-21x1000-A (PURMAN-20-8017-0,5) цвет RAL8017",1380,₽/кв.м,,,
"Профлист НС-35x1000-A (PURMAN-20-8017-0,5) цвет RAL8017",1380,₽/кв.м,,,
"Профлист Н-60x845-A (PURMAN-20-8017-0,5) цвет RAL8017",1590,₽/кв.м,,,
"Профлист МП-35x1035-B (PURMAN-20-8017-0,5) цвет RAL8017",1380,₽/кв.м,,,
"Профлист МП-20x1100-R (PURMAN-20-8017-0,5) цвет RAL8017",1344.87,₽/кв.м,,,
"Профлист С-21x1000-A (PURMAN-20-Argillite-0,5) цвет ARGILLITE (МЕДНЫЙ)",1464.85,₽/кв.м,,,
"Профлист НС-35x1000-A (PURMAN-20-Argillite-0,5) цвет ARGILLITE (МЕДНЫЙ)",1380,₽/кв.м,,,
"Профлист Н-60x845-A (PURMAN-20-Argillite-0,5) цвет ARGILLITE (МЕДНЫЙ)",1590,₽/кв.м,,,
"Профлист МП-35x1035-B (PURMAN-20-Argillite-0,5) цвет ARGILLITE (МЕДНЫЙ)",1380,₽/кв.м,,,
"Профлист МП-20x1100-R (PURMAN-20-Argillite-0,5) цвет ARGILLITE (МЕДНЫЙ)",1265,₽/кв.м,,,
"Профлист С-44x1000-A (PURMAN-20-3005-0,5) цвет RAL3005",1380,₽/кв.м,,,
"Профлист С-21x1000-A (PURMAN-20-3005-0,5) цвет RAL3005",1380,₽/кв.м,,,
"Профлист НС-35x1000-A (PURMAN-20-3005-0,5) цвет RAL3005",1380,₽/кв.м,,,
"Профлист МП-35x1035-B (PURMAN-20-3005-0,5) цвет RAL3005",1380,₽/кв.м,,,
"Профлист МП-20x1100-R (PURMAN-20-3005-0,5) цвет RAL3005",1265,₽/кв.м,,,
"Профлист С-21x1000-A (PURMAN-20-Tourmalin-0,5) цвет TOURMALIN (СВЕТЛО-ЗЕЛЁНЫЙ)",1380,₽/кв.м,,,
"Профлист НС-35x1000-A (PURMAN-20-Tourmalin-0,5) цвет TOURMALIN (СВЕТЛО-ЗЕЛЁНЫЙ)",1380,₽/кв.м,,,
"Профлист МП-20x1100-R (PURMAN-20-Tourmalin-0,5) цвет TOURMALIN (СВЕТЛО-ЗЕЛЁНЫЙ)",1265,₽/кв.м,,,
"Профлист С-44x1000-A (PURMAN-20-9010-0,5) цвет RAL9010",1380,₽/кв.м,,,
"Профлист С-21x1000-A (PURMAN-20-9010-0,5) цвет RAL9010",1380,₽/кв.м,,,
"Профлист НС-35x1000-A (PURMAN-20-9010-0,5) цвет RAL9010",1380,₽/кв.м,,,
"Профлист Н-60x845-A (PURMAN-20-9010-0,5) цвет RAL9010",1694.83,₽/кв.м,,,
"Профлист МП-35х1035-A (PURMAN-20-9010-0,5) цвет RAL9010",1380,₽/кв.м,,,
"Профлист МП-20x1100-R (PURMAN-20-9010-0,5) цвет RAL9010",1265,₽/кв.м,,,
"Профлист С-44x1000-A (ПЭ-01-1035-0,7) цвет RAL1035",1320,₽/кв.м,,,
"Профлист С-44x1000-A (ПЭ-01-1035-0,45) цвет RAL1035",929.91,₽/кв.м,,,
"Профлист С-21x1000-A (ПЭ-01-1035-0,7) цвет RAL1035",1305,₽/кв.м,,,
"Профлист С-21x1000-A (ПЭ-01-1035-0,45) цвет RAL1035",867,₽/кв.м,,,
"Профлист НС-35х1000-A (ПЭ-01-1035-0,7) цвет RAL1035",1295,₽/кв.м,,,
"Профлист НС-35x1000-A (ПЭ-01-1035-0,45) цвет RAL1035",874.91,₽/кв.м,,,
"Профлист Н-75x750-A (ПЭ-01-1035-0,7) цвет RAL1035",1685,₽/кв.м,,,
"Профлист Н-60x845-A (ПЭ-01-1035-0,7) цвет RAL1035",1485,₽/кв.м,,,
"Профлист МП-35x1035-B (ПЭ-01-1035-0,7) цвет RAL1035",1320,₽/кв.м,,,
"Профлист МП-35x1035-B (ПЭ-01-1035-0,45) цвет RAL1035",860,₽/кв.м,,,
"Профлист МП-20x1100-R (ПЭ-01-1035-0,7) цвет RAL1035",1220,₽/кв.м,,,
"Профлист МП-20x1100-R (ПЭ-01-1035-0,45) цвет RAL1035",797,₽/кв.м,,,
"Профлист С-44x1000-A (ПЭ-01-7024-0,7) цвет RAL7024",1200,₽/кв.м,,,
"Профлист С-44x1000-A (ПЭ-01-7024-0,45) цвет RAL7024",813.05,₽/кв.м,,,
"Профлист С-21x1000-A (ПЭ-01-7024-0,7) цвет RAL7024",1185,₽/кв.м,,,
"Профлист С-21x1000-A (ПЭ-01-7024-0,45) цвет RAL7024",785,₽/кв.м,,,
"Профлист С-21х1000-A (ПЭ-01-7024-0,4) цвет RAL7024",605,₽/кв.м,,,
"Профлист НС-35x1000-A (ПЭ-01-7024-0,7) цвет RAL7024",1175,₽/кв.м,,,
"Профлист НС-35x1000-A (ПЭ-01-7024-0,45 цвет RAL7024",780,₽/кв.м,,,
"Профлист Н-75x750-A (ПЭ-01-7024-0,7) цвет RAL7024",1565,₽/кв.м,,,
"Профлист Н-60x845-A (ПЭ-01-7024-0,7) цвет RAL7024",1389.86,₽/кв.м,,,
"Профлист МП-35x1035-B (ПЭ-01-7024-0,7) цвет RAL7024",1200,₽/кв.м,,,
"Профлист МП-35x1035-B (ПЭ-01-7024-0,45) цвет RAL7024",802.95,₽/кв.м,,,
"Профлист МП-20x1100-R (ПЭ-01-7024-0,7) цвет RAL7024",1100,₽/гр,,,
"Профлист МП-20x1100-R (ПЭ-01-7024-0,45) цвет RAL7024",715,₽/кв.м,,,
"Профлист МП-20х1100-R (ПЭ-01-7024-0,4) цвет RAL7024",555,₽/кв.м,,,
"Профлист С-44x1000-A (ПЭ-01-9006-0,7) цвет RAL9006",1265,₽/кв.м,,,
"Профлист С-44x1000-A (ПЭ-01-9006-0,45) цвет RAL9006",825,₽/кв.м,,,
"Профлист С-21x1000-A (ПЭ-01-9006-0,7) цвет RAL9006",1250,₽/кв.м,,,
"Профлист С-21x1000-A (ПЭ-01-9006-0,45) цвет RAL9006",832,₽/кв.м,,,
"Профлист НС-35x1000-A (ПЭ-01-9006-0,7) цвет RAL9006",1240,₽/кв.м,,,
"Профлист НС-35x1000-A (ПЭ-01-9006-0,45) цвет RAL9006",815,₽/кв.м,,,
"Профлист Н-75x750-A (ПЭ-01-9006-0,7) цвет RAL9006",1630,₽/кв.м,,,
"Профлист Н-60x845-A (ПЭ-01-9006-0,7) цвет RAL9006",1430,₽/кв.м,,,
"Профлист МП-35x1035-B (ПЭ-01-9006-0,7) цвет RAL9006",1265,₽/кв.м,,,
"Профлист МП-35x1035-B (ПЭ-01-9006-0,45) цвет RAL9006",825,₽/кв.м,,,
"Профлист МП-20x1100-R (ПЭ-01-9006-0,7) цвет RAL9006",1165,₽/кв.м,,,
"Профлист МП-20x1100-R (ПЭ-01-9006-0,45) цвет RAL9006",762,₽/кв.м,,,
"Профлист С-44x1000-A (ПЭ-01-3011-0,7) цвет RAL3011",1265,₽/кв.м,,,
"Профлист С-44x1000-A (ПЭ-01-3011-0,45) цвет RAL3011",914.91,₽/кв.м,,,
"Профлист С-21x1000-A (ПЭ-01-3011-0,7) цвет RAL3011",1250,₽/кв.м,,,
"Профлист С-21x1000-A (ПЭ-01-3011-0,45) цвет RAL3011",820,₽/кв.м,,,
"Профлист С-21x1000-A (ПЭ-01-3011-0,4) цвет RAL3011",644.94,₽/кв.м,,,
"Профлист НС-35x1000-A (ПЭ-01-3011-0,7) цвет RAL3011",1244.88,₽/кв.м,,,
"Профлист НС-35x1000-A (ПЭ-01-3011-0,45) цвет RAL3011",859.91,₽/кв.м,,,
"Профлист Н-75x750-A (ПЭ-01-3011-0,7) цвет RAL3011",1630,₽/кв.м,,,
"Профлист Н-60x845-A (ПЭ-01-3011-0,7) цвет RAL3011",1430,₽/кв.м,,,
"Профлист МП-35x1035-B (ПЭ-01-3011-0,7) цвет RAL3011",1265,₽/кв.м,,,
"Профлист МП-35x1035-B (ПЭ-01-3011-0,45) цвет RAL3011",825,₽/кв.м,,,
"Профлист МП-20x1100-R (ПЭ-01-3011-0,7) цвет RAL3011",1165,₽/кв.м,,,
"Профлист МП-20x1100-R (ПЭ-01-3011-0,45) цвет RAL3011",750,₽/кв.м,,,
"Профлист МП-20x1100-R (ПЭ-01-3011-0,4) цвет RAL3011",555,₽/кв.м,,,
"Профлист С-44x1000-A (ПЭ-01-3009-0,7) цвет RAL3009",1320,₽/кв.м,,,
"Профлист С-44x1000-A (ПЭ-01-3009-0,45) цвет RAL3009",860,₽/кв.м,,,
"Профлист С-21x1000-A (ПЭ-01-3009-0,7) цвет RAL3009",1305,₽/кв.м,,,
"Профлист С-21x1000-A (ПЭ-01-3009-0,45) цвет RAL3009",867,₽/кв.м,,,
"ПрофлистНС-35x1000-A (ПЭ-01-3009-0,7) цвет RAL3009",1295,₽/кв.м,,,
"Профлист НС-35x1000-A (ПЭ-01-3009-0,45) цвет RAL3009",850,₽/кв.м,,,
"Профлист Н-75x750-A (ПЭ-01-3009-0,7) цвет RAL3009",1685,₽/кв.м,,,
"Профлист Н-60x845-A (ПЭ-01-3009-0,7) цвет RAL3009",1549.85,₽/кв.м,,,
"Профлист МП-35x1035-B (ПЭ-01-3009-0,7) цвет RAL3009",1320,₽/кв.м,,,
"Профлист МП-35x1035-B (ПЭ-01-3009-0,45) цвет RAL3009",860,₽/кв.м,,,
"Профлист МП-20x1100-R (ПЭ-01-3009-0,7) цвет RAL3009",1220,₽/кв.м,,,
"Профлист МП-20x1100-R (ПЭ-01-3009-0,45) цвет RAL3009",797,₽/кв.м,,,
"Профлист С-44x1000-A (ПЭ-01-6005-0,7) цвет RAL6005",1200,₽/кв.м,,,
"Профлист С-44x1000-A (ПЭ-01-6005-0,65) цвет RAL6005",1135,₽/кв.м,,,
"Профлист С-44x1000-A (ПЭ-01-6005-0,45) цвет RAL6005",804.92,₽/кв.м,,,
"Профлист С-21x1000-A (ПЭ-01-6005-0,7) цвет RAL6005",1185,₽/кв.м,,,
"Профлист С-21x1000-A (ПЭ-01-6005-0,65) цвет RAL6005",1139.89,₽/кв.м,,,
"Профлист С-21x1000-A (ПЭ-01-6005-0,45) цвет RAL6005",785,₽/кв.м,,,
"Профлист С-21x1000-A (ПЭ-01-6005-0,4) цвет RAL6005",609.94,₽/кв.м,,,
"Профлист НС-35x1000-A (ПЭ-01-6005-0,7) цвет RAL6005",1175,₽/кв.м,,,
"Профлист НС-35x1000-A (ПЭ-01-6005-0,65) цвет RAL6005",1115,₽/кв.м,,,
"Профлист НС-35x1000-A (ПЭ-01-6005-0,45) цвет RAL6005",780,₽/кв.м,,,
"Профлист Н-75x750-A (ПЭ-01-6005-0,7) цвет RAL6005",1589.84,₽/кв.м,,,
"Профлист Н-75x750-A (ПЭ-01-6005-0,65) цвет RAL6005",1450,₽/кв.м,,,
"Профлист Н-60x845-A (ПЭ-01-6005-0,7) цвет RAL6005",1365,₽/кв.м,,,
"Профлист Н-60x845-A (ПЭ-01-6005-0,65) цвет RAL6005",1290,₽/кв.м,,,
"Профлист МП-35x1035-B (ПЭ-01-6005-0,7) цвет RAL6005",1200,₽/кв.м,,,
"Профлист МП-35x1035-B (ПЭ-01-6005-0,65) цвет RAL6005",1125,₽/кв.м,,,
"Профлист МП-35x1035-B (ПЭ-01-6005-0,45) цвет RAL6005",879.91,₽/кв.м,,,
"Профлист МП-20x1100-R (ПЭ-01-6005-0,7) цвет RAL6005",1100,₽/кв.м,,,
"Профлист МП-20x1100-R (ПЭ-01-6005-0,65) цвет RAL6005",1030,₽/кв.м,,,
"Профлист МП-20x1100-R (ПЭ-01-6005-0,45) цвет RAL6005",715,₽/кв.м,,,
"Профлист МП-20x1100-R (ПЭ-01-6005-0,4) цвет RAL6005",555,₽/кв.м,,,
"Профлист С-44x1000-A (ПЭ-01-1018-0,7) цвет RAL1018",1320,₽/кв.м,,,
"Профлист С-44x1000-A (ПЭ-01-1018-0,45) цвет RAL1018",860,₽/кв.м,,,
"Профлист С-21x1000-A (ПЭ-01-1018-0,7) цвет RAL1018",1305,₽/кв.м,,,
"Профлист С-21x1000-A (ПЭ-01-1018-0,45) цвет RAL1018",867,₽/кв.м,,,
"Профлист НС-35x1000-A (ПЭ-01-1018-0,45) цвет RAL1018",850,₽/кв.м,,,
"Профлист НС-35x1000-A (ПЭ-01-1018-0,7) цвет RAL1018",1295,₽/кв.м,,,
"Профлист Н-75x750-A (ПЭ-01-1018-0,7) цвет RAL1018",1685,₽/кв.м,,,
"Профлист Н-60x845-A (ПЭ-01-1018-0,7) цвет RAL1018",1485,₽/кв.м,,,
"Профлист МП-35x1035-B (ПЭ-01-1018-0,7) цвет RAL1018",1320,₽/кв.м,,,
"Профлист МП-35x1035-B (ПЭ-01-1018-0,45) цвет RAL1018",860,₽/кв.м,,,
"Профлист МП-20x1100-R (ПЭ-01-1018-0,7) цвет RAL1018",1220,₽/кв.м,,,
"Профлист МП-20x1100-R (ПЭ-01-1018-0,45) цвет RAL1018",797,₽/кв.м,,,
"Профлист С-44x1000-A (ПЭ-01-5002-0,7) цвет RAL5002",1265,₽/кв.м,,,
"Профлист С-44x1000-A (ПЭ-01-5002-0,45) цвет RAL5002",825,₽/кв.м,,,
"Профлист С-21x1000-A (ПЭ-01-5002-0,7) цвет RAL5002",1250,₽/кв.м,,,
"Профлист С-21x1000-A (ПЭ-01-5002-0,45) цвет RAL5002",854.91,₽/кв.м,,,
"Профлист НС-35x1000-A (ПЭ-01-5002-0,7) цвет RAL5002",1240,₽/кв.м,,,
"Профлист НС-35x1000-A (ПЭ-01-5002-0,45) цвет RAL5002",815,₽/кв.м,,,
"Профлист Н-75x750-A (ПЭ-01-5002-0,7) цвет RAL5002",1630,₽/кв.м,,,
"Профлист Н-60x845-A (ПЭ-01-5002-0,7) цвет RAL5002",1430,₽/кв.м,,,
"Профлист МП-35x1035-B (ПЭ-01-5002-0,7) цвет RAL5002",1265,₽/кв.м,,,
"Профлист МП-35x1035-B (ПЭ-01-5002-0,45) цвет RAL5002",825,₽/кв.м,,,
"Профлист МП-20x1100-R (ПЭ-01-5002-0,7) цвет RAL5002",1165,₽/кв.м,,,
"Профлист  МП-20x1100-R (ПЭ-01-5002-0,45) цвет RAL5002",750,₽/кв.м,,,
"Профлист С-44х1000-A (ПЭ-01-RR32-0,45) цвет RR32",790,₽/кв.м,,,
"Профлист С-21x1000-A (ПЭ-01-RR32-0,45) цвет RR32",785,₽/кв.м,,,
"Профлист НС-35x1000-A (ПЭ-01-RR32-0,45) цвет RR32",780,₽/кв.м,,,
"Профлист МП-35x1035-B (ПЭ-01-RR32-0,45) цвет RR32",790,₽/кв.м,,,
"Профлист МП-20x1100-R (ПЭ-01-RR32-0,45) цвет RR32",715,₽/кв.м,,,
"Профлист С-44x1000-A (ПЭ-01-9003-0,8) цвет RAL9003",1320,₽/кв.м,,,
"Профлист С-44x1000-A (ПЭ-01-9003-0,7) цвет RAL9003",1229.88,₽/кв.м,,,
"Профлист С-44x1000-A (ПЭ-01-9003-0,65) цвет RAL9003",1164.88,₽/кв.м,,,
"Профлист С-44x1000-A (ПЭ-01-9003-0,45) цвет RAL9003",894.91,₽/кв.м,,,
"Профлист С-21x1000-A (ПЭ-01-9003-0,7) цвет RAL9003",1185,₽/кв.м,,,
"Профлист С-21x1000-A (ПЭ-01-9003-0,65) цвет RAL9003",1125,₽/кв.м,,,
"Профлист С-21x1000-A (ПЭ-01-9003-0,45) цвет RAL9003",785,₽/кв.м,,,
"Профлист С-21x1000-A (ПЭ-01-9003-0,4) цвет RAL9003",605,₽/кв.м,,,
"Профлист НС-35x1000-A (ПЭ-01-9003-0,9) цвет RAL9003",1610,₽/кв.м,,,
"Профлист НС-35x1000-A (ПЭ-01-9003-0,8) цвет RAL9003",1315,₽/кв.м,,,
"Профлист НС-35x1000-A (ПЭ-01-9003-0,7) цвет RAL9003",1204.88,₽/кв.м,,,
"Профлист НС-35x1000-A (ПЭ-01-9003-0,65) цвет RAL9003",1144.89,₽/кв.м,,,
"Профлист НС-35x1000-A (ПЭ-01-9003-0,45) цвет RAL9003",780,₽/кв.м,,,
Профлист Н-75x750-A (ПЭ-01-9003-1) цвет RAL9003,2310,₽/кв.м,,,
"ПрофлистН-75x750-A (ПЭ-01-9003-0,9) цвет RAL9003",2215,₽/кв.м,,,
"Профлист Н-75x750-A (ПЭ-01-9003-0,8) цвет RAL9003",1730,₽/кв.м,,,
"Профлист Н-75x750-A (ПЭ-01-9003-0,7) цвет RAL9003",1565,₽/кв.м,,,
"Профлист Н-75x750-A (ПЭ-01-9003-0,65) цвет RAL9003",1484.85,₽/кв.м,,,
Профлист Н-60x845-A (ПЭ-01-9003-1) цвет RAL9003,2085,₽/кв.м,,,
"Профлист Н-60x845-A (ПЭ-01-9003-0,9) цвет RAL9003",1875,₽/кв.м,,,
"Профлист Н-60x845-A (ПЭ-01-9003-0,8) цвет RAL9003",1530,₽/кв.м,,,
"Профлист Н-60x845-A (ПЭ-01-9003-0,7) цвет RAL9003",1365,₽/кв.м,,,
"Профлист Н-60x845-A (ПЭ-01-9003-0,65) цвет RAL9003",1290,₽/кв.м,,,
Профлист Н-114x750-A (ПЭ-01-9003-1) цвет RAL9003,2545,₽/кв.м,,,
"Профлист Н-114x750-A (ПЭ-01-9003-0,9) цвет RAL9003",2435,₽/кв.м,,,
"Профлист Н-114x750-A (ПЭ-01-9003-0,8) цвет RAL9003",2215,₽/кв.м,,,
"Профлист МП-35x1035-B (ПЭ-01-9003-0,9) цвет RAL9003",1670,₽/кв.м,,,
"Профлист МП-35x1035-B (ПЭ-01-9003-0,8) цвет RAL9003",1315,₽/кв.м,,,
"Профлист МП-35x1035-B (ПЭ-01-9003-0,7) цвет RAL9003",1200,₽/кв.м,,,
"Профлист МП-35x1035-B (ПЭ-01-9003-0,65) цвет RAL9003",1125,₽/кв.м,,,
"Профлист МП-35x1035-B (ПЭ-01-9003-0,45) цвет RAL9003",790,₽/кв.м,,,
"Профлист МП-20x1100-R (ПЭ-01-9003-0,8) цвет RAL9003",1220,₽/кв.м,,,
"Профлист МП-20x1100-R (ПЭ-01-9003-0,7) цвет RAL9003",1100,₽/кв.м,,,
"Профлист МП-20x1100-R (ПЭ-01-9003-0,65) цвет RAL9003",1054.89,₽/кв.м,,,
"Профлист МП-20x1100-R (ПЭ-01-9003-0,45) цвет RAL9003",715,₽/кв.м,,,
"Профлист МП-20x1100-R (ПЭ-01-9003-0,4) цвет RAL9003",555,₽/кв.м,,,
"Профлист С-44x1000-A (ПЭ-01-2004-0,7) цвет RAL2004",1320,₽/кв.м,,,
"Профлист С-44x1000-A (ПЭ-01-2004-0,45) цвет RAL2004",860,₽/кв.м,,,
"Профлист С-21x1000-A (ПЭ-01-2004-0,7) цвет RAL2004",1305,₽/кв.м,,,
"Профлист С-21x1000-A (ПЭ-01-2004-0,45) цвет RAL2004",867,₽/кв.м,,,
"Профлист НС-35x1000-A (ПЭ-01-2004-0,7) цвет RAL2004",1295,₽/кв.м,,,
"Профлист НС-35x1000-A (ПЭ-01-2004-0,45) цвет RAL2004",850,₽/кв.м,,,
"Профлист Н-75x750-A (ПЭ-01-2004-0,7) цвет RAL2004",1685,₽/кв.м,,,
"Профлист Н-60x845-A (ПЭ-01-2004-0,7) цвет RAL2004",1485,₽/кв.м,,,
"Профлист МП-35x1035-B (ПЭ-01-2004-0,7) цвет RAL2004",1320,₽/кв.м,,,
"Профлист МП-35x1035-B (ПЭ-01-2004-0,45) цвет RAL2004",860,₽/кв.м,,,
"Профлист МП-20x1100-R (ПЭ-01-2004-0,7) цвет RAL2004",1220,₽/кв.м,,,
"Профлист МП-20x1100-R (ПЭ-01-2004-0,45) цвет RAL2004",797,₽/кв.м,,,
"Профлист С-44x1000-A (ПЭ-01-6002-0,7) цвет RAL6002",1269.87,₽/кв.м,,,
"Профлист С-44x1000-A (ПЭ-01-6002-0,45) цвет RAL6002",825,₽/кв.м,,,
"Профлист С-21x1000-A (ПЭ-01-6002-0,7) цвет RAL6002",1250,₽/кв.м,,,
"Профлист С-21x1000-A (ПЭ-01-6002-0,45) цвет RAL6002",820,₽/кв.м,,,
"Профлист НС-35x1000-A (ПЭ-01-6002-0,7) цвет RAL6002",1240,₽/кв.м,,,
"Профлист НС-35x1000-A (ПЭ-01-6002-0,45) цвет RAL6002",815,₽/кв.м,,,
"Профлист Н-75x750-A (ПЭ-01-6002-0,7) цвет RAL6002",1630,₽/кв.м,,,
"Профлист Н-60x845-A (ПЭ-01-6002-0,7) цвет RAL6002",1430,₽/кв.м,,,
"Профлист МП-35x1035-B (ПЭ-01-6002-0,7) цвет RAL6002",1265,₽/кв.м,,,
"Профлист МП-35x1035-B (ПЭ-01-6002-0,45) цвет RAL6002",825,₽/кв.м,,,
"Профлист МП-20x1100-R (ПЭ-01-6002-0,7) цвет RAL6002",1165,₽/кв.м,,,
"Профлист  МП-20x1100-R (ПЭ-01-6002-0,45) цвет RAL6002",750,₽/кв.м,,,
"Профлист С-44x1000-A (ПЭ-01-5005-0,7) цвет RAL5005",1200,₽/кв.м,,,
"Профлист С-44x1000-A (ПЭ-01-5005-0,65) цвет RAL5005",1135,₽/кв.м,,,
"Профлист С-44x1000-A (ПЭ-01-5005-0,45) цвет RAL5005",790,₽/кв.м,,,
"Профлист С-21x1000-A (ПЭ-01-5005-0,7) цвет RAL5005",1185,₽/кв.м,,,
"Профлист С-21x1000-A (ПЭ-01-5005-0,65) цвет RAL5005",1125,₽/кв.м,,,
"Профлист С-21x1000-A (ПЭ-01-5005-0,45) цвет RAL5005",785,₽/кв.м,,,
"Профлист С-21x1000-A (ПЭ-01-5005-0,4) цвет RAL5005",605,₽/кв.м,,,
"Профлист НС-35x1000-A (ПЭ-01-5005-0,7) цвет RAL5005",1175,₽/кв.м,,,
"Профлист НС-35x1000-A (ПЭ-01-5005-0,65) цвет RAL5005",1115,₽/кв.м,,,
"Профлист НС-35x1000-A (ПЭ-01-5005-0,45) цвет RAL5005",780,₽/кв.м,,,
"Профлист Н-75x750-A (ПЭ-01-5005-0,7) цвет RAL5005",1565,₽/кв.м,,,
"Профлист Н-75x750-A (ПЭ-01-5005-0,65) цвет RAL5005",1450,₽/кв.м,,,
"Профлист Н-60x845-A (ПЭ-01-5005-0,7) цвет RAL5005",1365,₽/кв.м,,,
"Профлист Н-60x845-A (ПЭ-01-5005-0,65) цвет RAL5005",1290,₽/кв.м,,,
"Профлист МП-35x1035-B (ПЭ-01-5005-0,7) цвет RAL5005",1200,₽/кв.м,,,
"Профлист МП-35x1035-B (ПЭ-01-5005-0,65) цвет RAL5005",1125,₽/кв.м,,,
"Профлист МП-35x1035-B (ПЭ-01-5005-0,45) цвет RAL5005",879.91,₽/кв.м,,,
"Профлист МП-20x1100-R (ПЭ-01-5005-0,7) цвет RAL5005",1100,₽/кв.м,,,
"Профлист МП-20x1100-R (ПЭ-01-5005-0,65) цвет RAL5005",1030,₽/кв.м,,,
"Профлист МП-20x1100-R (ПЭ-01-5005-0,45) цвет RAL5005",729.93,₽/кв.м,,,
"Профлист МП-20x1100-R (ПЭ-01-5005-0,4) цвет RAL5005",555,₽/кв.м,,,
"Профлист С-44x1000-A (ПЭ-01-7004-0,8) цвет RAL7004",1320,₽/кв.м,,,
"Профлист С-44x1000-A (ПЭ-01-7004-0,7) цвет RAL7004",1200,₽/кв.м,,,
"Профлист С-44x1000-A (ПЭ-01-7004-0,65) цвет RAL7004",1135,₽/кв.м,,,
"Профлист С-44x1000-A (ПЭ-01-7004-0,45) цвет RAL7004",804.92,₽/кв.м,,,
"Профлист НС-35x1000-A (ПЭ-01-7004-0,8) цвет RAL7004",1339.87,₽/кв.м,,,
"Профлист НС-35x1000-A (ПЭ-01-7004-0,7) цвет RAL7004",1175,₽/кв.м,,,
"Профлист НС-35x1000-A (ПЭ-01-7004-0,65) цвет RAL7004",1115,₽/кв.м,,,
"Профлист НС-35x1000-A (ПЭ-01-7004-0,45) цвет RAL7004",780,₽/кв.м,,,
"Профлист Н-75x750-A (ПЭ-01-7004-0,8) цвет RAL7004",1730,₽/кв.м,,,
"Профлист Н-75x750-A (ПЭ-01-7004-0,7) цвет RAL7004",1565,₽/кв.м,,,
"Профлист Н-75x750-A (ПЭ-01-7004-0,65) цвет RAL7004",1450,₽/кв.м,,,
"Профлист Н-60x845-A (ПЭ-01-7004-0,8) цвет RAL7004",1530,₽/кв.м,,,
"Профлист Н-60x845-A (ПЭ-01-7004-0,7) цвет RAL7004",1365,₽/кв.м,,,
"Профлист Н-60x845-A (ПЭ-01-7004-0,65) цвет RAL7004",1314.87,₽/кв.м,,,
"Профлист Н-114x750-A (ПЭ-01-7004-0,8) цвет RAL7004",2264.77,₽/кв.м,,,
"Профлист МП-35x1035-B (ПЭ-01-7004-0,8) цвет RAL7004",1315,₽/кв.м,,,
"Профлист МП-35x1035-B (ПЭ-01-7004-0,7) цвет RAL7004",1200,₽/кв.м,,,
"Профлист МП-35x1035-B (ПЭ-01-7004-0,65) цвет RAL7004",1125,₽/кв.м,,,
"Профлист МП-35x1035-B (ПЭ-01-7004-0,45) цвет RAL7004",790,₽/кв.м,,,
"Профлист МП-20x1100-R (ПЭ-01-7004-0,8) цвет RAL7004",1220,₽/кв.м,,,
"Профлист МП-20x1100-R (ПЭ-01-7004-0,7) цвет RAL7004",1114.89,₽/кв.м,,,
"Профлист МП-20x1100-R (ПЭ-01-7004-0,65) цвет RAL7004",1030,₽/кв.м,,,
"Профлист  МП-20x1100-R (ПЭ-01-7004-0,45) цвет RAL7004",769.92,₽/кв.м,,,
"Профлист МП-20x1100-R (ПЭ-01-7004-0,4) цвет RAL7004",555,₽/кв.м,,,
"Профлист С-44x1000-A (ПЭ-01-3005-0,7) цвет RAL3005",1200,₽/кв.м,,,
"Профлист С-44x1000-A (ПЭ-01-3005-0,65) цвет RAL3005",1135,₽/кв.м,,,
"Профлист С-44x1000-A (ПЭ-01-3005-0,45) цвет RAL3005",790,₽/кв.м,,,
"Профлист С-21x1000-A (ПЭ-01-3005-0,7) цвет RAL3005",1185,₽/кв.м,,,
"Профлист С-21x1000-A (ПЭ-01-3005-0,65) цвет RAL3005",1125,₽/кв.м,,,
"Профлист С-21x1000-A (ПЭ-01-3005-0,45) цвет RAL3005",785,₽/кв.м,,,
"Профлист  С-21x1000-A (ПЭ-01-3005-0,4) цвет RAL3005",609.94,₽/кв.м,,,
"Профлист  НС-35x1000-A (ПЭ-01-3005-0,7) цвет RAL3005",1175,₽/кв.м,,,
"Профлист  НС-35x1000-A (ПЭ-01-3005-0,65) цвет RAL3005",1115,₽/кв.м,,,
"Профлист  НС-35x1000-A (ПЭ-01-3005-0,45) цвет RAL3005",780,₽/кв.м,,,
"Профлист Н-75x750-A (ПЭ-01-3005-0,7) цвет RAL3005",1565,₽/кв.м,,,
"Профлист Н-75x750-A (ПЭ-01-3005-0,65) цвет RAL3005",1450,₽/кв.м,,,
"Профлист Н-60x845-A (ПЭ-01-3005-0,7) цвет RAL3005",1365,₽/кв.м,,,
"Профлист Н-60x845-A (ПЭ-01-3005-0,65) цвет RAL3005",1290,₽/кв.м,,,
"Профлист МП-35x1035-B (ПЭ-01-3005-0,7) цвет RAL3005",1200,₽/кв.м,,,
"Профлист МП-35x1035-B (ПЭ-01-3005-0,65) цвет RAL3005",1125,₽/кв.м,,,
"Профлист МП-35x1035-B (ПЭ-01-3005-0,45) цвет RAL3005",790,₽/кв.м,,,
"Профлист МП-20x1100-R (ПЭ-01-3005-0,7) цвет RAL3005",1100,₽/кв.м,,,
"Профлист МП-20x1100-R (ПЭ-01-3005-0,65) цвет RAL3005",1030,₽/кв.м,,,
"Профлист МП-20x1100-R (ПЭ-01-3005-0,45) цвет RAL3005",715,₽/кв.м,,,
"Профлист МП-20x1100-R (ПЭ-01-3005-0,4) цвет RAL3005",555,₽/кв.м,,,
Профлист МП-20x1100-R RETAIL (ПЭ-01-5005-СТ) цвет RAL5005,490,₽/кв.м,,,
Профлист МП-20x1100-R RETAIL (ПЭ-01-6005-СТ) цвет RAL6005,490,₽/кв.м,,,
Профлист МП-20x1100-R RETAIL (ПЭ-01-8017-ОТ) цвет RAL8017,435,₽/кв.м,,,
Профлист МП-20x1100-R RETAIL (ПЭ-01-8017-СТ) цвет RAL8017,490,₽/кв.м,,,
Профлист МП-20x1100-R RETAIL (ПЭ-01-5021-СТ) цвет RAL5021,490,₽/кв.м,,,
Профлист МП-20x1100-R RETAIL (ПЭ-01-3005-СТ) цвет RAL3005,490,₽/кв.м,,,
Профлист МП-20x1100-R RETAIL (ПЭ-01-1014-СТ) цвет RAL1014,490,₽/кв.м,,,
Профлист МП-20x1100-R RETAIL (ОЦ-01-БЦ-ОТ),401.74,₽/кв.м,,,
Профилированный лист С-8х1150 (8017-0.45мм) 2м,630.5,₽/кв.м,,,
Профилированный лист С-8х1150 (8017-0.5мм) 2м,810,₽/кв.м,,,
С-8 (Полиэстер 25 мкм) 0.45 мм слоновая кость,685,₽/кв.м,Цену уточняйте у менеджера,,
С-8 (оцинкованный) 0.45 мм,506.33,₽/кв.м,Цену уточняйте у менеджера,,
С-8 (оцинкованный) 0.5 мм,542.25,₽/кв.м,Цену уточняйте у менеджера,,
С-8 (оцинкованный) 0.55 мм,626.88,₽/кв.м,Цену уточняйте у менеджера,,
С-8 (оцинкованный) 0.65 мм,724.5,₽/кв.м,Цену уточняйте у менеджера,,
С-8 (оцинкованный) 0.7 мм,758.5,₽/кв.м,Цену уточняйте у менеджера,,
"Фиксатор ""Стойка многоуровневая"" (большой)",9.7,₽/шт,,,
"Фиксатор ""Стойка многоуровневая"" (средний) ",9.7,₽/шт,,,
"Фиксатор ""Стойка многоуровневая"" (малый)",9.7,₽/шт,,,
"Фиксатор ""Стойка многоэтажная"" ",5.05,₽/шт,,,
"Фиксатор ""ФС-60""",10.25,₽/шт,,,
"Фиксатор ""ФС-50""",8.99,₽/шт,,,
"Фиксатор ""ФС-40""",8.03,₽/шт,,,
"Фиксатор ""ФС-30""",7.23,₽/шт,,,
Подставка на грунт,7.23,₽/шт,,,
"Фиксатор ""Пробка"" 22",5.15,₽/шт,,,
"Фиксатор ""Конус"" 22",1.76,₽/шт,,,
"Фиксатор ""Опора"" 60;70;80 ",12.65,₽/шт,,,
"Фиксатор ""Опора"" 35;40;45;50",6.06,₽/шт,,,
"Фиксатор ""Опора"" 20;25;30;35",3.89,₽/шт,,,
"Фиксатор ""Опора"" 15;20;25;30",2.05,₽/шт,,,
"Фиксатор ""Косточка""",4.63,₽/шт,,,
"Фиксатор ""Стойка "" ",4.93,₽/шт,,,
"Фиксатор ""Стульчик"" 40",3.1,₽/шт,,,
"Фиксатор ""Стульчик"" 35",2.85,₽/шт,,,
"Фиксатор ""Стульчик"" 30",2.58,₽/шт,,,
"Фиксатор ""Стульчик"" 25",2.4,₽/шт,,,
"Фиксатор ""Стульчик"" 20",2.03,₽/шт,,,
"Фиксатор ""Стульчик"" 15",1.98,₽/шт,,,
"Фиксатор ""Стойка""",4.93,₽/шт,,,
"Фиксатор ""Стойка универсальная""",4.93,₽/шт,,,
"Фиксатор ""Звездочка"" 50",7.23,₽/шт,,,
"Фиксатор ""Звёздочка"" 40",4.39,₽/шт,,,
"Фиксатор ""Звёздочка"" 35",4.06,₽/шт,,,
"Фиксатор ""Звёздочка"" 30",3.24,₽/шт,,,
"Фиксатор ""Звёздочка"" 25",2,₽/шт,,,
"Фиксатор ""Звёздочка"" 20",1.56,₽/шт,,,
"Ригель опалубки чашечный 1,25 м",732.5,₽/шт,,,
"Двутавровая балка H20 2,5 м",1875,₽/шт,,,
Стойка телескопическая для опалубки,1731.25,₽/шт,,,
Тренога окрашенная,781.25,₽/шт,,,
Унивилка  окрашенная,325,₽/шт,,,
Ключ для зажима пружинного,2193.75,₽/шт,,,
Пружинный зажим для опалубки PROM усиленный,118.75,₽/шт,,,
Пружинный зажим для опалубки PROM,111.25,₽/шт,,,
Пружинный зажим для опалубки усиленный,93.75,₽/шт,,,
Пружинный зажим для опалубки,82.5,₽/шт,,,
Стальная щитовая опалубка,0,₽/шт,Под заказ,,
Алюминиевая стеновая опалубка,0,₽/шт,Под заказ ,,
Анкер торцевой для опалубки 15 мм,338.75,₽/шт,,,
Анкер торцевой для опалубки укороченный,310,₽/шт,,,
Гайка литая ватерстоп 60мм,193.75,₽/шт,,,
"Винт стяжной для опалубки холоднокатаный 1,0 м",192.5,₽/шт,,,
"Винт стяжной для опалубки холоднокатаный 0,8 м",162.5,₽/шт,,,
Гайка литая оцинкованная трехрожковая,146.25,₽/шт,,,
Гайка литая оцинкованная двухрожковая,123.75,₽/шт,,,
Шайба под анкер 100х100 мм,81.25,₽/шт,,,
Пластина соединительная оцинкованная 480х40х2 PS-40х480,138.9,₽/шт,,,
Крепежный уголок оц. 90х90х65х2мм KU-90х65 (50 фасовка),62.59,₽/шт,,,
Гвозди 40х2 (1 кг.),154.4,₽/кг,,,Тех-Креп
Гвозди 50х2.5 (1 кг.),154.4,₽/кг,,,Тех-Креп
Гвозди 60х2.5 (1 кг.),154.4,₽/кг,,,Тех-Креп
Гвозди 70х3 (1 кг.),154.4,₽/кг,,,Тех-Креп
Гвозди 80х3 (1 кг.),154.4,₽/кг,,,Тех-Креп
"Гвозди 90х3,5 (1 кг.)",154.4,₽/кг,,,Тех-Креп
Гвозди 100х4 (1 кг.),154.4,₽/кг,,,Тех-Креп
Гвозди 120х4 (1 кг.),154.4,₽/кг,,,Тех-Креп
Гвозди 150х5 (1 кг.),154.4,₽/кг,,,Тех-Креп
Гвозди шиферные 120х5 (1 кг.),298,₽/кг,,,Тех-Креп
Дюбель - гвоздь 40х6 (грибок). (200 шт.),301.37,₽/ упаковка,,,Тех-Креп
Дюбель - гвоздь 40х6 (потайной головкой). (200 шт.),562.17,₽/ упаковка,,,Тех-Креп
Дюбель - гвоздь 6х60 (К) Tech-KREP (200 шт),372.2,₽/ упаковка,,,Тех-Креп
Дюбель - гвоздь 60х6 (грибок),2.77,₽/шт,,,Тех-Креп
Дюбель - гвоздь 60х6 (с потайной головкой). (150 шт.),301.19,₽/ упаковка,,,Тех-Креп
Дюбель - гвоздь 80х6 (грибок). (100 шт.),573.19,₽/ упаковка,,,Тех-Креп
Дюбель - гвоздь 80х6 (с потайной головкой). (100 шт.),362.05,₽/ упаковка,,,Тех-Креп
Дюбель для изоляции 10х90 (1 шт.),7.3,₽/шт,,,Тех-Креп
Дюбель для изоляции с пластмассовым гвоздем 10х140,9.3,₽/шт,,,Тех-Креп
Дюбель для пеноплекса и утеплителя 100х10 (1 шт.),6.5,₽/шт,,,Тех-Креп
Шпилька М18х2000,1059.89,₽/шт,,,
Шпилька М24х1000,954.35,₽/шт,,,
Шпилька М16х1000,423.85,₽/шт,,,
Шпилька  М27х1000,2204.22,₽/шт,,,
Шпилька М14х1000,348.85,₽/шт,,,
Шпилька М20х1000,666.6,₽/шт,,,
Шпилька М10 ,178.87,₽/шт,,,
Шпилька резьбовая 12х1000 мм,317.75,₽/шт,,,
Шпилька резьбовая 8х2000 мм ,198.87,₽/шт,,,
Шпилька М 6х1000,82.21,₽/шт,,,
Кнопка толевая (1 кг).,317.75,₽/ упаковка,,,Тех-Креп
"Саморез по дереву 3,5х35 (1000 фасовка)",466.62,₽/шт,,,
SG Саморез универсальный 5*90 желтый (100 фасовка),477.73,₽/шт,,,
"Саморез 3,5х45 по дереву (1000шт.)",682,₽/тыс.шт,,,
Саморез по дереву 3.5х51 (навалом),0.95,₽/шт,,,
Саморез 32х3.5 (по дереву). (1000 шт.),767.7,₽/ упаковка,,,Тех-Креп
Саморез 35х3.5 (по металлу) (1000 шт.),784.37,₽/ упаковка,,,Тех-Креп
Саморез 9.5х3.5 острый оксидированный (для металл. профилей). (1000 шт.),736.2,₽/ упаковка,,,Тех-Креп
Саморез 11х3.5 острый оксидированный (для металл. профилей). (1000 шт.),768.75,₽/ упаковка,,,Тех-Креп
Саморез 100х4.8 (по дереву). (200 шт.),995.36,₽/ упаковка,,,Тех-Креп
Саморез для ГКЛ 25х3.5 (по дереву). (1000 шт.),1030.38,₽/ упаковка,,,Тех-Креп
Саморез для ГКЛ 41х3.5 (по дереву). (500 шт.),358.82,₽/ упаковка,,,Тех-Креп
Саморез для ГКЛ 41х3.5 (по металлу). (500 шт.),315.11,₽/ упаковка,,,Тех-Креп
Саморез для ГКЛ 3.5x45 (по дереву). (500 шт.),388.51,₽/ тыс.шт,,,Тех-Креп
Саморез для ГКЛ 51х3.5 (по дереву). (500 шт.),413.44,₽/ упаковка,,,Тех-Креп
Саморез для ГКЛ 55х3.5 (по дереву). (400 шт.),301.73,₽/ упаковка,,,Тех-Креп
Саморез для ГКЛ 65х3.8 (по дереву). (250 шт.),391.07,₽/ упаковка,,,Тех-Креп
Саморез для ГКЛ 75х4.2 (по дереву). (200 шт.),623.27,₽/ упаковка,,,Тех-Креп
Саморез для ГКЛ 90х4.2 (по дереву). (250 шт.),635.27,₽/ упаковка,,,Тех-Креп
Саморез для ГКЛ 95х4.8 (по дереву). (200 шт.),663.59,₽/ упаковка,,,Тех-Креп
Саморез 3.5 * 32 (дерево 1000 шт),377.74,₽/ упаковка,,,
Саморез для ГКЛ 110х4.8 (по дереву). (200 шт.),1378.75,₽/ упаковка,,,Тех-Креп
Саморез с прессшайбой острый 4.2х25 (160 шт.),352,₽/ упаковка,,,Тех-Креп
Саморез с прессшайбой острый 16х4.2 (210 шт.),352,₽/ упаковка,,,Тех-Креп
Саморез с прессшайбой острый 13х4.2 (1000 шт.),709.17,₽/ упаковка,,,Тех-Креп
Саморез с прессшайбой острый 19х4.2 (1000 шт.),1035.5,₽/ упаковка,,,Тех-Креп
Саморез с прессшайбой сверло 19х4.2 (1000 шт.),754.09,₽/ упаковка,,,Тех-Креп
Саморез для ГКЛ 19х3.5 (черный) (1000 шт.),843.83,₽/ упаковка,,,Тех-Креп
Саморез для ГКЛ 25х3.5 (черный) (1000 шт.),1022.99,₽/ упаковка,,,Тех-Креп
"Саморез кровельный 51х4.8 (цинк, сверло). (400 шт.)",1518.5,₽/ упаковка,,,Тех-Креп
"Саморез кровельный 64х4.8 (цинк, сверло). (250 шт.)",1645.19,₽/ упаковка,,,Тех-Креп
"Саморез кровельный 19х5.5 (цинк, сверло). (600 шт.)",2062.06,₽/ упаковка,,,Тех-Креп
"Саморез кровельный 51х5.5 (цинк, сверло). (300 шт.)",1169.61,₽/ упаковка,,,Тех-Креп
"Саморез ""Ростов"" 19х4.8 зеленый. (250 шт.)",561.18,₽/ упаковка,,,Тех-Креп
"Саморез ""Ростов"" 19х4.8 бежевый. (250 шт.)",950.03,₽/ упаковка,,,Тех-Креп
"Саморез ""Ростов"" 19х4.8 шоколад. (250 шт.)",950.03,₽/ упаковка,,,Тех-Креп
"Саморез ""Ростов"" 19х4.8 синий. (250 шт.)",1227.78,₽/ упаковка,,,Тех-Креп
"Саморез ""Ростов"" 19х4.8 белый. (250 шт.)",1227.78,₽/ упаковка,,,Тех-Креп
"Саморез ""Ростов"" 4.8х19 по дереву и металлу (250 шт.) цветные",1535.96,₽/ упаковка,,,Тех-Креп
Саморез RAL5015 5.5X19 кровельный ,4.51,₽/шт,,,Тех-Креп
Саморез RAL5005 5.5X19 кровельный ,6.16,₽/шт,,,Тех-Креп
"Саморез ""Ростов"" 4.8х28 по дереву и металлу (250 шт.) цветные",1569.29,₽/ упаковка,,,Тех-Креп
"Саморез ""Ростов"" 4.8х35 по дереву и металлу (250 шт.) цветные",1862.31,₽/ упаковка,,,Тех-Креп
"Саморез ""Ростов"" 4.8х70 по дереву и металлу (250 шт.) цветные",2200.62,₽/ упаковка,,,Тех-Креп
"Саморез ""Ростов"" 4.2х19 по металлу (1000шт) белый ",615,₽/ упаковка,,,Тех-Креп
"Саморез ""Ростов"" 4.2х16 по металлу (250 шт.) оцинкованные",436.49,₽/ упаковка,,,Тех-Креп
"Саморез ""Ростов"" 4.8х28 по дереву и металлу (250 шт.) оцинкованные. ",1191.56,₽/ упаковка,,,Тех-Креп
"Саморез ""Ростов"" 4.8х50 по дереву и металлу (200 шт.) оцинкованные с термощайбой. ",1472.25,₽/ упаковка,,,Тех-Креп
"Саморез ""Ростов"" 4.8х70 по дереву и металлу (100 шт.) оцинкованные. ",1731.15,₽/ упаковка,,,Тех-Креп
"Саморез ""Ростов"" 5.5х19 по металлу (250 шт.) оцинкованные с сверлом 5 мм. ",1046.01,₽/ упаковка,,,Тех-Креп
"Саморез ""Ростов"" 5.5х32 по металлу (250 шт.) оцинкованные со сверлом 12 мм. ",605.5,₽/ упаковка,,,Тех-Креп
"Шуруп-Кнауф для ГКЛ и металла, 35 (1000)",1623.17,₽/ упаковка,,,Knauf
"Шуруп-Кнауф для ГКЛ и металла, 25 (1000)",1315.42,₽/ упаковка,,,Knauf
Шуруп 25х3.5 (1000 шт.),1080.02,₽/ упаковка,,,Тех-Креп
Шуруп 11х3.5 (1000 шт.),1864.42,₽/ упаковка,,,Тех-Креп
Шуруп оцинк. 25х4.2 острый (1000 шт.),1466.69,₽/ упаковка,,,Тех-Креп
Анкер-крюк 10х120,111.1,₽/шт,,,
8*45 Анкерный болт с шестигранной головкой НВМ,55.55,₽/кг,,,
Анкер-клин 6*40,27.78,₽/ упаковка,,,
ЛВ-1 ; Л от 4 до 7 ; ЛТ от 1-6-3 до 1-9-9,18786,₽/кг,1шт,,Гирейский комбинат 
Плита аэродромная ПАГ-14,33835,₽/шт,Под заказ,,Гирейский комбинат 
Утяжелители УБП,1010,₽/кг,1шт,,Гирейский комбинат 
Утяжелители УТК,1212,₽/кг,1шт,,Гирейский комбинат 
Утяжелитель УБКм,2121,₽/кг,1шт,,Гирейский комбинат 
Утяжелители УБО,3535,₽/кг,1шт,,Гирейский комбинат 
ФБС 24.3-6т,5088,₽/шт,,,Гирейский комбинат 
ФБС 24.4-6т,7584,₽/шт,,,Гирейский комбинат 
ФБС 24.5-6т,8544,₽/шт,,,Гирейский комбинат 
ФБС 24.6-6т,10248,₽/шт,,,Гирейский комбинат 
ФБС 12.3-6т,3341,₽/шт,,,Гирейский комбинат 
ФБС 12.4-6т,3705,₽/шт,,,Гирейский комбинат 
ФБС 12.5-6т,4152,₽/шт,,,Гирейский комбинат 
ФБС 12.6-6т,5028,₽/шт,,,Гирейский комбинат 
ФБС 9.4-6т,3133,₽/шт,,,Гирейский комбинат 
ФБС 9.3-6т,2782,₽/шт,,,Гирейский комбинат 
ФБС 9.5-6т,3757,₽/шт,,,Гирейский комбинат 
ФБС 9.6-6т,4121,₽/шт,,,Гирейский комбинат 
Ф 12-9-4,0,₽/шт,,,Гирейский комбинат 
Ф 18-9-6,0,₽/шт,,,Гирейский комбинат 
Ф 21-9-6,0,₽/шт,,,Гирейский комбинат 
ПБ 57-15-8АтVт-а,23050,₽/шт,,,
ПБ 58-12-8АтVт-а,19185,₽/шт,,,
ПБ 58-10-8АтVт-а,19185,₽/шт,,,
ПБ 58-18-8АтVт-а,34249.1,₽/шт,,,
ПБ 59-12-8АтVт-а,19390,₽/шт,,,
ПБ 59-15-8АтVт-а,23900,₽/шт,,,
ПБ 60-12-8АтVт-а,19640,₽/шт,,,
ПБ 60-15-8АтVт-а,24700,₽/шт,,,
ПБ 60-18-8АтVт-а,35824.7,₽/шт,,,
ПБ 61-10-8АтVт-а,19729,₽/шт,,,
ПБ 61-12-8АтVт-а,19792,₽/шт,,,
ПБ 61-15-8АтVт-а,24453,₽/шт,,,
ПБ 61-18-8АтVт-а,35986.3,₽/шт,,,
ПБ 62-10-8АтVт-а,19900,₽/шт,,,
ПБ 62-12-8АтVт-а,19900,₽/шт,,,
ПБ 62-15-8АтVт-а,24607,₽/шт,,,
ПБ 62-18-8АтVт-а,36349.9,₽/шт,,,
ПБ 63-10-8АтVт-а,20330,₽/шт,,,
ПБ 63-12-8АтVт-а,20330,₽/шт,,,
ПБ 63-15-8АтVт-а,24630,₽/шт,,,
ПБ 63-18-8АтVт-а,36501.4,₽/шт,,,
ПБ 64-10-8АтVт-а,23017.9,₽/шт,,,
ПБ 64-12-8А800т-а,23017.9,₽/шт,,,
ПБ 64-15-8А800т-а,27522.5,₽/шт,,,
ПБ 65-10-8АтVт-а,23310.8,₽/шт,,,
ПБ 65-12-8А800т-а,23310.8,₽/шт,,,
ПБ 65-15-8А800т-а,28916.3,₽/шт,,,
ПБ 66-10-8АтVт-а,23583.5,₽/шт,,,
ПБ 66-12-8А800т-а,23583.5,₽/шт,,,
ПБ 66-15-8А800т-а,29158.7,₽/шт,,,
ПБ 67-10-8АтVт-а,23805.7,₽/шт,,,
ПБ 67-12-8А800т-а,23805.7,₽/шт,,,
ПБ 67-15-8А800т-а,29471.8,₽/шт,,,
ПБ 68-10-8АтVт-а,23947.1,₽/шт,,,
ПБ 68-12-8А800т-а,23947.1,₽/шт,,,
ПБ 68-15-8А800т-а,29643.5,₽/шт,,,
ПБ 69-10-8АтVт-а,24361.2,₽/шт,,,
ПБ 69-12-8А800т-а,24361.2,₽/шт,,,
ПБ 69-15-8А800т-а,29926.3,₽/шт,,,
ПБ 70-10-8АтVт-а,24694.5,₽/шт,,,
ПБ 70-12-8А800т-а,24694.5,₽/шт,,,
ПБ 70-15-8А800т-а,31380.7,₽/шт,,,
ПБ 71-10-8АтVт-а,25189.4,₽/шт,,,
ПБ 71-12-8А800т-а,25189.4,₽/шт,,,
ПБ 71-15-8А800т-а,31582.7,₽/шт,,,
ПБ 72-12-8А800т-а,25593.4,₽/шт,,,
ПБ 72-15-8А800т-а,31865.5,₽/шт,,,
ПБ 73-12-8АIIIв-т-а,30794.9,₽/шт,,,
ПБ 73-15-8АIIIв-т-а,38127.5,₽/шт,,,
ПБ 74-12-8АIIIв-т-а,31118.1,₽/шт,,,
ПБ 74-15-8АIIIв-т-а,38430.5,₽/шт,,,
ПБ 75-12-8АIIIв-т-а,31360.5,₽/шт,,,
ПБ 76-12-8АIIIв-т-а,31542.3,₽/шт,,,
ПБ 75-15-8АIIIв-т-а,39864.7,₽/шт,,,
ПБ 84-12-8АIIIв-т-а,38854.7,₽/шт,,,
ПБ 77-12-8АIIIв-т-а,32188.7,₽/шт,,,
ПБ 76-15-8АIIIв-т-а,40086.9,₽/шт,,,
ПБ 77-15-8АIIIв-т-а,40450.5,₽/шт,,,
ПБ 78-12-8АIIIв-т-а,32572.5,₽/шт,,,
ПБ 78-15-8АIIIв-т-а,47106.4,₽/шт,,,
ПБ 79-12-8АIIIв-т-а,32814.9,₽/шт,,,
ПБ 79-15-8АIIIв-т-а,41399.9,₽/шт,,,
ПБ 80-12-8АIIIв-т-а,33239.1,₽/шт,,,
ПБ 80-15-8АIIIв-т-а,43409.8,₽/шт,,,
ПБ 81-12-8АIIIв-т-а,38935.5,₽/шт,,,
ПБ 81-15-8АIIIв-т-а,46389.3,₽/шт,,,
ПБ 82-12-8АIIIв-т-а,39733.4,₽/шт,,,
ПБ 82-15-8АIIIв-т-а,46874.1,₽/шт,,,
ПБ 83-12-8АIIIв-т-а,38561.8,₽/шт,,,
ПБ 83-15-8АIIIв-т-а,47389.2,₽/шт,,,
ПБ 84-15-8АIIIв-т-а,46207.5,₽/шт,,,
1ПК 90-15-8АIIIв-т-а,49883.9,₽/шт,,,
1ПК 90-12-8АIIIв-т-а,41399.9,₽/шт,,,
1ПК 89-15-8АIIIв-т-а,49469.8,₽/шт,,,
1ПК 89-12-8АIIIв-т-а,41147.4,₽/шт,,,
1ПК 88-15-8АIIIв-т-а,49055.7,₽/шт,,,
1ПК 88-12-8АIIIв-т-а,40733.3,₽/шт,,,
1ПК 87-15-8АIIIв-т-а,48732.5,₽/шт,,,
1ПК 87-12-8АIIIв-т-а,40319.2,₽/шт,,,
1ПК 86-15-8АIIIв-т-а,48227.5,₽/шт,,,
1ПК 86-12-8АIIIв-т-а,40107.1,₽/шт,,,
1ПК 85-15-8АIIIв-т-а,479144,₽/шт,,,
1ПК 85-12-8АIIIв-т-а,38632.5,₽/шт,,,
1ПК 84-15-8АIIIв-т-а,46207.5,₽/шт,,,
1ПК 83-15-8АIIIв-т-а,47389.2,₽/шт,,,
1ПК 83-12-8АIIIв-т-а,38561.8,₽/шт,,,
1ПК 82-15-8АIIIв-т-а,46874.1,₽/шт,,,
1ПК 82-12-8АIIIв-т-а,39733.4,₽/шт,,,
1ПК 81-15-8АIIIв-т-а,46389.3,₽/шт,,,
1ПК 81-12-8АIIIв-т-а,38935.5,₽/шт,,,
1ПК 80-15-8АIIIв-т-а,43409.8,₽/шт,,,
1ПК 80-12-8АIIIв-т-а,33239.1,₽/шт,,,
1ПК 79-15-8АIIIв-т-а,41399.9,₽/шт,,,
1ПК 79-12-8АIIIв-т-а,32814.9,₽/шт,,,
1ПК 78-15-8АIIIв-т-а,47106.4,₽/шт,,,
1ПК 78-12-8АIIIв-т-а,32572.5,₽/шт,,,
1ПК 77-15-8АIIIв-т-а,40450.5,₽/шт,,,
1ПК 76-15-8АIIIв-т-а,40086.9,₽/шт,,,
1ПК 77-12-8АIIIв-т-а,32188.7,₽/шт,,,
1ПК 84-12-8АIIIв-т-а,38854.7,₽/шт,,,
1ПК 75-15-8АIIIв-т-а,39864.7,₽/шт,,,
1ПК 76-12-8АIIIв-т-а,31542.3,₽/шт,,,
1ПК 75-12-8АIIIв-т-а,31360.5,₽/шт,,,
1ПК 74-15-8АIIIв-т-а,38430.5,₽/шт,,,
1ПК 74-12-8АIIIв-т-а,31118.1,₽/шт,,,
1ПК 73-15-8АIIIв-т-а,38127.5,₽/шт,,,
1ПК 73-12-8АIIIв-т-а,30794.9,₽/шт,,,
1ПК 72-15-8А800т-а,31865.5,₽/шт,,,
1ПК 72-12-8А800т-а,25593.4,₽/шт,,,
1ПК 71-15-8А800т-а,31582.7,₽/шт,,,
1ПК 71-12-8А800т-а,25189.4,₽/шт,,,
1ПК 71-10-8АтVт-а,25189.4,₽/шт,,,
1ПК 70-15-8А800т-а,31380.7,₽/шт,,,
1ПК 70-12-8А800т-а,24694.5,₽/шт,,,
1ПК 70-10-8АтVт-а,24694.5,₽/шт,,,
1ПК 69-15-8А800т-а,29926.3,₽/шт,,,
1ПК 69-12-8А800т-а,24361.2,₽/шт,,,
1ПК 69-10-8АтVт-а,24361.2,₽/шт,,,
1ПК 68-15-8А800т-а,29643.5,₽/шт,,,
1ПК 68-12-8А800т-а,23947.1,₽/шт,,,
1ПК 68-10-8АтVт-а,23947.1,₽/шт,,,
1ПК 67-15-8А800т-а,29471.8,₽/шт,,,
1ПК 67-12-8А800т-а,23805.7,₽/шт,,,
1ПК 67-10-8АтVт-а,23805.7,₽/шт,,,
1ПК 66-15-8А800т-а,29158.7,₽/шт,,,
1ПК 66-12-8А800т-а,23583.5,₽/шт,,,
1ПК 66-10-8АтVт-а,23583.5,₽/шт,,,
1ПК 65-15-8А800т-а,28916.3,₽/шт,,,
1ПК 65-12-8А800т-а,23310.8,₽/шт,,,
1ПК 65-10-8АтVт-а,23310.8,₽/шт,,,
1ПК 64-15-8А800т-а,27522.5,₽/шт,,,
1ПК 64-12-8А800т-а,23017.9,₽/шт,,,
1ПК 64-10-8АтVт-а,23017.9,₽/шт,,,
ПК 63-18-8АтVт-а,36501.4,₽/шт,,,
ПК 63-15-8АтVт-а,24630,₽/шт,,,
ПК 63-12-8АтVт-а,20330,₽/шт,,,
ПК 63-10-8АтVт-а,20330,₽/шт,,,
ПК 62-18-8АтVт-а,36349.9,₽/шт,,,
ПК 62-15-8АтVт-а,24607,₽/шт,,,
ПК 62-12-8АтVт-а,19900,₽/шт,,,
ПК 62-10-8АтVт-а,19900,₽/шт,,,
ПК 61-18-8АтVт-а,35986.3,₽/шт,,,
ПК 61-15-8АтVт-а,24453,₽/шт,,,
ПК 61-12-8АтVт-а,19792,₽/шт,,,
ПК 61-10-8АтVт-а,19729,₽/шт,,,
ПК 60-18-8АтVт-а,35824.7,₽/шт,,,
ПК 60-15-8АтVт-а,24700,₽/шт,,,
ПК 60-12-8АтVт-а,19640,₽/шт,,,
ПК 59-15-8АтVт-а,23900,₽/шт,,,
ПК 59-12-8АтVт-а,19390,₽/шт,,,
ПК 58-18-8АтVт-а,34249.1,₽/шт,,,
ПК 58-10-8АтVт-а,19185,₽/шт,,,
ПК 58-12-8АтVт-а,19185,₽/шт,,,
ПК 57-15-8АтVт-а,23050,₽/шт,,,
ПК 57-18-8АтVт-а,35097.5,₽/шт,,,
ПК 57-10-8АтVт-а,18826,₽/шт,,,
ПК 57-12-8АтVт-а,18826,₽/шт,,,
ПК 56-15-8АтVт-а,22720,₽/шт,,,
ПК 56-18-8АтVт-а,34794.5,₽/шт,,,
ПК 56-10-8АтVт-а,18570,₽/шт,,,
ПК 56-12-8АтVт-а,18570,₽/шт,,,
ПК 55-18-8АтVт-а,34572.3,₽/шт,,,
ПК 55-15-8АтVт-а,22420,₽/шт,,,
ПК 55-10-8АтVт-а,18179,₽/шт,,,
ПК 55-12-8АтVт-а,18179,₽/шт,,,
ПК 54-15-8АтVт-а,21890,₽/шт,,,
ПК 54-18-8АтVт-а,33562.3,₽/шт,,,
ПК 54-12-8АтVт-а,17520,₽/шт,,,
ПК 54-10-8АтVт-а,17520,₽/шт,,,
ПК 53-15-8АтVт-а,21770,₽/шт,,,
ПК 53-18-8АтVт-а,33410.8,₽/шт,,,
ПК 53-10-8АтVт-а,16930,₽/шт,,,
ПК 53-12-8АтVт-а,16930,₽/шт,,,
ПК 52-18-8АтVт-а,34016.8,₽/шт,,,
ПК 52-15-8АтVт-а,21521,₽/шт,,,
ПК 52-10-8АтVт-а,16680,₽/шт,,,
ПК 52-12-8АтVт-а,16680,₽/шт,,,
ПК 51-18-8АтVт-а,33097.7,₽/шт,,,
ПК 51-15-8АтVт-а,21100,₽/шт,,,
ПК 51-12-8АтVт-а,16470,₽/шт,,,
ПК 51-10-8АтVт-а,16470,₽/шт,,,
ПК 50-18-8АтVт-а,32976.5,₽/шт,,,
ПК 50-15-8АтVт-а,20950,₽/шт,,,
ПК 50-12-8АтVт-а,16240,₽/шт,,,
ПК 50-10-8АтVт-а,16240,₽/шт,,,
ПК 49-18-8АтVт-а,32552.3,₽/шт,,,
ПК 49-15-8АтVт-а,20855,₽/шт,,,
ПК 49-12-8АтVт-а,16050,₽/шт,,,
ПК 49-10-8АтVт-а,16050,₽/шт,,,
ПК 48-18-8АтVт-а,31724.1,₽/шт,,,
ПК 48-15-8АтVт-а,19940,₽/шт,,,
ПК 48-12-8АтVт-а,15690,₽/шт,,,
ПК 48-10-8АтVт-а,15960,₽/шт,,,
ПК 47-18-8АтVт-а,31501.9,₽/шт,,,
ПК 47-15-8АтVт-а,19630,₽/шт,,,
ПК 47-12-8АтVт-а,15320,₽/шт,,,
ПК 47-10-8АтVт-а,15320,₽/шт,,,
ПК 46-18-8АтVт-а,31259.5,₽/шт,,,
ПК 46-15-8АтVт-а,19750,₽/шт,,,
ПК 46-12-8АтVт-а,15193,₽/шт,,,
ПК 46-10-8АтVт-а,15193,₽/шт,,,
ПК 45-18-8АтVт-а,29936.4,₽/шт,,,
ПК 45-15-8АтVт-а,19840,₽/шт,,,
ПК 45-12-8АтVт-а,14930,₽/шт,,,
ПК 45-10-8АтVт-а,14930,₽/шт,,,
ПК 44-18-8АтVт-а,30047.5,₽/шт,,,
ПК 44-15-8АтVт-а,19950,₽/шт,,,
ПК 44-12-8АтVт-а,14725,₽/шт,,,
ПК 44-10-8АтVт-а,14725,₽/шт,,,
ПК 43-18-8АтVт-а,29683.9,₽/шт,,,
ПК 43-15-8АтVт-а,19105,₽/шт,,,
ПК 43-12-8АтVт-а,14403,₽/шт,,,
ПК 43-10-8АтVт-а,14403,₽/шт,,,
ПК 42-18-8т-а,28936.5,₽/шт,,,
ПК 42-15-8т-а,17950,₽/шт,,,
ПК 42-12-8т-а,13890,₽/шт,,,
ПК 42-10-8т-а,13890,₽/шт,,,
ПК 41-15-8т-а,17690,₽/шт,,,
ПК 41-12-8т-а,13385,₽/шт,,,
ПК 41-10-8т-а,13385,₽/шт,,,
ПК 40-15-8т-а,17070,₽/шт,,,
ПК 40-12-8т-а,13247,₽/шт,,,
ПК 40-10-8т-а,13247,₽/шт,,,
ПК 39-15-8т-а,16491,₽/шт,,,
ПК 39-12-8т-а,12770,₽/шт,,,
ПК 39-10-8т-а,12770,₽/шт,,,
ПК 38-15-8т-а,16105,₽/шт,,,
ПК 38-12-8т-а,12605,₽/шт,,,
ПК 38-10-8т-а,12605,₽/шт,,,
ПК 37-15-8т-а,15675,₽/шт,,,
ПК 37-12-8т-а,12527,₽/шт,,,
ПК 37-10-8т-а,12527,₽/шт,,,
ПК 36-15-8т-а,15433,₽/шт,,,
ПК 36-12-8т-а,12335,₽/шт,,,
ПК 36-10-8т-а,12335,₽/шт,,,
ПК 35-15-8т-а,14905,₽/шт,,,
ПК 35-12-8т-а,11880,₽/шт,,,
ПК 35-10-8т-а,11880,₽/шт,,,
ПК 34-15-8т-а,14498,₽/шт,,,
ПК 34-12-8т-а,11589,₽/шт,,,
ПК 34-10-8т-а,11589,₽/шт,,,
ПК 33-15-8т-а,13840,₽/шт,,,
ПК 33-12-8т-а,11470,₽/шт,,,
ПК 33-10-8т-а,11470,₽/шт,,,
ПК 32-15-8т-а,13248,₽/шт,,,
ПК 32-12-8т-а,11350,₽/шт,,,
ПК 32-10-8т-а,11350,₽/шт,,,
ПК 31-15-8т-а,13211,₽/шт,,,
ПК 31-12-8т-а,11120,₽/шт,,,
ПК 31-10-8т-а,11120,₽/шт,,,
ПК 30-15-8т-а,13050,₽/шт,,,
ПК 30-12-8т-а,10891,₽/шт,,,
ПК 30-10-8т-а,10891,₽/шт,,,
ПК 29-15-8т-а,12850,₽/шт,,,
ПК 29-12-8т-а,10456,₽/шт,,,
ПК 29-10-8т-а,10456,₽/шт,,,
ПК 28-15-8т-а,12344,₽/шт,,,
ПК 28-12-8т-а,10377,₽/шт,,,
ПК 28-10-8т-а,10377,₽/шт,,,
ПК 27-15-8т-а,11572,₽/шт,,,
ПК 27-12-8т-а,10270,₽/шт,,,
ПК 27-10-8т-а,10270,₽/шт,,,
ПК 26-15-8т-а,11319,₽/шт,,,
ПК 26-12-8т-а,9910,₽/шт,,,
ПК 26-10-8т-а,9910,₽/шт,,,
ПК 25-15-8т-а,9850,₽/шт,,,
ПК 25-12-8т-а,9655,₽/шт,,,
ПК 25-10-8т-а,9850,₽/шт,,,
ПК 24-15-8т-а,11242,₽/шт,,,
ПК 24-12-8т-а,9507,₽/шт,,,
ПК 24-10-8т-а,9655,₽/шт,,,
Ф 1 (объединеный),0,₽/шт,,,Гирейский комбинат 
Ф 1,0,₽/шт,,,Гирейский комбинат 
Ф 3,0,₽/шт,,,Гирейский комбинат 
ФМ 1,0,₽/шт,,,Гирейский комбинат 
ФМ 2,0,₽/шт,,,Гирейский комбинат 
ФМ 3,0,₽/шт,,,Гирейский комбинат 
Ф 21.21-14,0,₽/шт,,,Гирейский комбинат 
Ф 32.32-4,0,₽/шт,,,Гирейский комбинат 
ФЛ 24.8-4,12917.9,₽/шт,,,Гирейский комбинат 
ФЛ 24.12-4,15261.1,₽/шт,,,Гирейский комбинат 
ФЛ 24.24-4,30279.8,₽/шт,,,Гирейский комбинат 
ФЛ 24.30-4,40016.2,₽/шт,,,Гирейский комбинат 
ФЛ 28.8-4,15705.5,₽/шт,,,Гирейский комбинат 
ФЛ 28.12-4,22139.2,₽/шт,,,Гирейский комбинат 
ФЛ 32.8-3,17493.2,₽/шт,,,Гирейский комбинат 
ФЛ 32.12-3,25260.1,₽/шт,,,Гирейский комбинат 
ФЛ 6.12-4,3770,₽/шт,,,Гирейский комбинат 
ФЛ 6.24-4,6804,₽/шт,,,Гирейский комбинат 
ФЛ 8.12-4,4680,₽/шт,,,Гирейский комбинат 
ФЛ 8.24-4,9348,₽/шт,,,Гирейский комбинат 
ФЛ 10.8-4,3660,₽/шт,,,Гирейский комбинат 
ФЛ 10.12-4,5448,₽/шт,,,Гирейский комбинат 
ФЛ 12.8-4,4560,₽/шт,,,Гирейский комбинат 
ФЛ 12.12-4,6864,₽/шт,,,Гирейский комбинат 
ФЛ 16.12-4,9972,₽/шт,,,Гирейский комбинат 
ФЛ 16.24-4,18293,₽/шт,,,Гирейский комбинат 
ЛПР 22-12К,23001,₽/шт,,,Гирейский комбинат 
ЛМ 28-11,30514,₽/шт,,,Гирейский комбинат 
ЛМП 57-11-17-5с,57574,₽/шт,,,Гирейский комбинат 
Ф12.7.5,5504.5,₽/шт,,,Гирейский комбинат 
Ф9.7.5 (для забор 3ПБ 40.20),5100,₽/шт,,,Гирейский комбинат 
ПЗ 6 ЖБИ,28105,₽/шт,,,Гирейский комбинат 
3ПБ 40.20,20889,₽/шт,,,Гирейский комбинат 
Ф1 (для забора П-6в),5100,₽/шт,,,Гирейский комбинат 
Ф2 (для забора П6вц),6600,₽/шт,,,Гирейский комбинат 
П-6в,20449,₽/шт,,,Гирейский комбинат 
П 6вц (с фартуком),26048,₽/шт,,,Гирейский комбинат 
ПЗ 1,2117.97,₽/шт,Под заказ,,Гирейский комбинат 
"ФБ длиной от 5,95 м. до 4.75 м.",0,₽/шт,,,Гирейский комбинат 
"ФБ длиной от 4,45 м. до 4.30 м.",0,₽/шт,,,Гирейский комбинат 
ПН-1,0,₽/шт,,,Гирейский комбинат 
ПН т-2,0,₽/шт,,,Гирейский комбинат 
ПН ту-2,0,₽/шт,,,Гирейский комбинат 
1П 7-4,0,₽/шт,,,Гирейский комбинат 
2П 1-4,0,₽/шт,,,Гирейский комбинат 
П 6.3-1,0,₽/шт,,,Гирейский комбинат 
П 6.4-1-1,0,₽/шт,,,Гирейский комбинат 
4ПГ 6-2АтV,0,₽/шт,,,Гирейский комбинат 
4ПГ 6-3АтV,0,₽/шт,,,Гирейский комбинат 
4ПГ 6-4АтV,0,₽/шт,,,Гирейский комбинат 
4ПГ 6-5АШв,0,₽/шт,,,Гирейский комбинат 
4ПВ 6-2АтV,0,₽/шт,,,Гирейский комбинат 
4ПВ 6-4АтV,0,₽/шт,,,Гирейский комбинат 
ПКЖ 1-8,0,₽/шт,,,Гирейский комбинат 
ИП 1-2,0,₽/шт,,,Гирейский комбинат 
ИП 1-4,0,₽/шт,,,Гирейский комбинат 
ИП 1-5,0,₽/шт,,,Гирейский комбинат 
1П 7-3,0,₽/шт,,,Гирейский комбинат 
1П 8-5,0,₽/шт,,,Гирейский комбинат 
ИП 2-1,0,₽/шт,,,Гирейский комбинат 
ИП 2-5,0,₽/шт,,,Гирейский комбинат 
ИП 7-4,0,₽/шт,,,Гирейский комбинат 
ПТП 6-8,0,₽/шт,Под заказ,,Гирейский комбинат 
П 6-15а,0,₽/шт,Под заказ,,Гирейский комбинат 
УКБ 32-12,19360,₽/шт,,,Гирейский комбинат 
"ПД 2-9,5",17600,₽/шт,,,Гирейский комбинат 
ПД 2-6,16500,₽/шт,,,Гирейский комбинат 
ПД 20.20.14-30,16500,₽/шт,,,Гирейский комбинат 
ПД 20.15.6,13200,₽/шт,,,Гирейский комбинат 
ПД 20.15.25,16500,₽/шт,,,Гирейский комбинат 
ПД 20.15.17,15950,₽/шт,,,Гирейский комбинат 
2П 18.18.10,12650,₽/шт,,,Гирейский комбинат 
2П 18.18.30,13090,₽/шт,,,Гирейский комбинат 
1П 18.18.30,14250,₽/шт,,,Гирейский комбинат 
2П 18.15.10,10890,₽/шт,,,Гирейский комбинат 
2П 18.15.30,11220,₽/шт,,,Гирейский комбинат 
1П 30.20.30,22900,₽/шт,,,Гирейский комбинат 
2П 35.28.10,40150,₽/шт,,,Гирейский комбинат 
2П 35.28.30,41250,₽/шт,,,Гирейский комбинат 
1П 35.28.30,42900,₽/шт,,,Гирейский комбинат 
2П 60.15.30,40480,₽/шт,,,Гирейский комбинат 
1П 60.15.30,40700,₽/шт,,,Гирейский комбинат 
2П 60.18.30,41580,₽/шт,,,Гирейский комбинат 
1П 60.18.30,41800,₽/шт,,,Гирейский комбинат 
1П 60.20.30,42900,₽/шт,,,Гирейский комбинат 
2П 30.18.30,17270,₽/шт,,,Гирейский комбинат 
2П 30.18.10,16060,₽/шт,,,Гирейский комбинат 
2П 30.15.30,15840,₽/шт,,,Гирейский комбинат 
2П 30.15.10,14245,₽/шт,,,Гирейский комбинат 
1П 30.18.30,19250,₽/шт,,,Гирейский комбинат 
1П 30.18.10,18150,₽/шт,,,Гирейский комбинат 
1П 30.15.30,18150,₽/шт,,,Гирейский комбинат 
1П 30.15.10,16280,₽/шт,,,Гирейский комбинат 
1П 18.18.10,12430,₽/шт,,,Гирейский комбинат 
1П 18.15.30,11990,₽/шт,,,Гирейский комбинат 
1П 18.15.10,10670,₽/шт,,,Гирейский комбинат 
2П 30.18-10,17765.9,₽/шт,,,Гирейский комбинат 
ПРС 68-15-11АтV,0,₽/шт,,,Гирейский комбинат 
ПРС 56-15-11АтV,0,₽/шт,,,Гирейский комбинат 
ПРС 56-15-15АтV,0,₽/шт,,,Гирейский комбинат 
С12-40 Т1-Т7 (400х400),0,₽/шт,,,Гирейский комбинат 
С11-40 Т1-Т7 (400х400),0,₽/шт,,,Гирейский комбинат 
С10-40 Т1-Т7 (400х400),0,₽/шт,,,
С10-40 Т1-Т7 (400х400),0,₽/шт,,,Гирейский комбинат 
С9-40 Т1-Т7 (400х400),0,₽/шт,,,Гирейский комбинат 
С8-40 Т1-Т7 (400х400),0,₽/шт,,,Гирейский комбинат 
С7-40 Т1-Т7 (400х400),0,₽/шт,,,Гирейский комбинат 
С16-35 Т1-Т7 (350х350),0,₽/шт,,,Гирейский комбинат 
С15-35 Т1-Т7 (350х350),0,₽/шт,,,Гирейский комбинат 
С14-35 Т1-Т7 (350х350),0,₽/шт,,,Гирейский комбинат 
С13-35 Т1-Т7 (350х350),0,₽/шт,,,Гирейский комбинат 
С12-35 Т1-Т7 (350х350),0,₽/шт,,,Гирейский комбинат 
С11-35 Т1-Т7 (350х350),0,₽/шт,,,Гирейский комбинат 
С10-35 Т1-Т7 (350х350),0,₽/шт,,,Гирейский комбинат 
С9-35 Т1-Т7 (350х350),0,₽/шт,,,Гирейский комбинат 
С8-35 Т1-Т7 (350х350),0,₽/шт,,,Гирейский комбинат 
С7-35 Т1-Т7 (350х350),0,₽/шт,,,Гирейский комбинат 
C 80.40-8.1,0,₽/шт,,,Гирейский комбинат 
C 100.40-10.1,0,₽/шт,,,Гирейский комбинат 
C 120.40-13,0,₽/шт,,,Гирейский комбинат 
C 40.30-8.1,0,₽/шт,,,Гирейский комбинат 
C 60.30-6.1,0,₽/шт,,,Гирейский комбинат 
C 70.30-9.1,0,₽/шт,,,Гирейский комбинат 
C 80.30-9.1,0,₽/шт,,,Гирейский комбинат 
C 90.30-6.1,0,₽/шт,,,Гирейский комбинат 
C 100.30-6.1,0,₽/шт,,,Гирейский комбинат 
C 110.30-8.1,0,₽/шт,,,Гирейский комбинат 
C 120.30-8.1,0,₽/шт,,,Гирейский комбинат 
C 60.35-8.1,0,₽/шт,,,Гирейский комбинат 
C 70.35-8.1,0,₽/шт,,,Гирейский комбинат 
C 80.35-6.1,0,₽/шт,,,Гирейский комбинат 
C 90.35-6.1,0,₽/шт,,,Гирейский комбинат 
C 100.35-9.1,0,₽/шт,,,Гирейский комбинат 
C 110.35-9.1,0,₽/шт,,,Гирейский комбинат 
C 120.35-9.1,0,₽/шт,,,Гирейский комбинат 
C 130.35-8.1,0,₽/шт,,,Гирейский комбинат 
C 140.35-10.1,0,₽/шт,,,Гирейский комбинат 
C 150.35-10.1,0,₽/шт,,,Гирейский комбинат 
C 160.35-10.1,0,₽/шт,,,Гирейский комбинат 
C 40.40-6.1,0,₽/шт,,,Гирейский комбинат 
С 160.30-Св (80+80-2),0,₽/шт,,,Гирейский комбинат 
С 180.30-Св (60-1+120-3),0,₽/шт,,,Гирейский комбинат 
С 210.30-Св (90-2+120-3),0,₽/шт,,,Гирейский комбинат 
С 240.30-Св (120+120-)3,0,₽/шт,,,Гирейский комбинат 
С 160.35-Св (80+80-2),0,₽/шт,,,Гирейский комбинат 
С 180.35-Св (60-2+120-3),0,₽/шт,,,Гирейский комбинат 
С 210.35-Св (90-2+120-3),0,₽/шт,,,Гирейский комбинат 
С 240.35-Св (120+120-3),0,₽/шт,,,Гирейский комбинат 
С 260.35-Св (120-3+140-4),0,₽/шт,,,Гирейский комбинат 
С 280.35-Св (140+140-4),0,₽/шт,,,Гирейский комбинат 
С 140.40-Св (60+80-2),0,₽/шт,,,Гирейский комбинат 
С 160.40-Св (80+80-2),0,₽/шт,,,Гирейский комбинат 
С 180.40-Св (60-1+120-4),0,₽/шт,,,Гирейский комбинат 
С 240.40-Св (120+120-4),0,₽/шт,,,Гирейский комбинат 
2ПБ10-1п,689,₽/шт,,,Гирейский комбинат 
2ПБ22-3п,1560,₽/шт,,,Гирейский комбинат 
2ПБ16-2п,1066,₽/шт,,,Гирейский комбинат 
3ПБ 25-8 п,2431,₽/шт,,,Гирейский комбинат 
3ПБ 27-8 п,3029,₽/шт,,,Гирейский комбинат 
3ПБ 30-8 п,3289,₽/шт,,,Гирейский комбинат 
3ПБ 34-4 п,3601,₽/шт,,,Гирейский комбинат 
3ПБ 36-4 п,3913,₽/шт,,,Гирейский комбинат 
Бу 18 (3ПБ-18-37-П),2210,₽/шт,,,Гирейский комбинат 
Бу 21 (5ПБ-21-27-П),2210,₽/шт,,,Гирейский комбинат 
Бу 25 (5ПБ-25-27-П),4644,₽/шт,,,Гирейский комбинат 
Бу 27 (5ПБ-27-27-П),5112,₽/шт,,,Гирейский комбинат 
Бу 30 (5ПБ-30-27-П),6036,₽/шт,,,Гирейский комбинат 
3ПБ 18-8 п,1560,₽/шт,,,Гирейский комбинат 
3ПБ 21-8 п,2275,₽/шт,,,Гирейский комбинат 
Бу 16 (3ПБ-16-37-П),1963,₽/шт,,,Гирейский комбинат 
Б 13 (1ПБ-13-1п),936,₽/шт,,,Гирейский комбинат 
2ПБ-13-1п,884,₽/шт,,,Гирейский комбинат 
Б 17 (2ПБ-17-2п),1287,₽/шт,,,Гирейский комбинат 
Б 19 (2ПБ-19-3п),1378,₽/шт,,,Гирейский комбинат 
Б 22 (2ПБ-22-3п),1560,₽/шт,,,Гирейский комбинат 
Б 25 (2ПБ-25-3п),1820,₽/шт,,,Гирейский комбинат 
Б 26 (2ПБ-26-4п),1937,₽/шт,,,Гирейский комбинат 
29 (2ПБ-29-4п),2132,₽/шт,,,Гирейский комбинат 
Б 30 (2ПБ-30-4п),2210,₽/шт,,,Гирейский комбинат 
Бу 13 (3ПБ-13-37-П),1625,₽/шт,,,Гирейский комбинат 
ПРГ 28-1.3.4АIII,11880,₽/шт,,,Гирейский комбинат 
ПРГ 32-1.4.4АIII,13475,₽/шт,,,Гирейский комбинат 
ПРГ 45-2.5.4АIII,24695,₽/шт,,,Гирейский комбинат 
ПРГ 36-1.4.4АIII,14894,₽/шт,,,Гирейский комбинат 
ПРГ 60-2.5.4АIII,38885,₽/шт,,,Гирейский комбинат 
ПФ 6-3,0,₽/шт,,,Гирейский комбинат 
ПФ 6-3-01,0,₽/шт,,,Гирейский комбинат 
Панель стеновая угловая,0,₽/шт,,,Гирейский комбинат 
ПЛ 8-4,0,₽/шт,,,Гирейский комбинат 
ПЛ 8-4а,0,₽/шт,,,Гирейский комбинат 
ПС 1-36-Б3,0,₽/шт,,,Гирейский комбинат 
ПС 1-36-Б4,0,₽/шт,,,Гирейский комбинат 
ПС 2-36-Б4,0,₽/шт,,,Гирейский комбинат 
ПС 1,0,₽/шт,,,Гирейский комбинат 
ПС 2,0,₽/шт,,,Гирейский комбинат 
ПС 3,0,₽/шт,,,Гирейский комбинат 
ПС 4,0,₽/шт,,,Гирейский комбинат 
ПСЖ 4,20977.7,₽/шт,,,Гирейский комбинат 
ПСЖ 5,29380.9,₽/шт,,,Гирейский комбинат 
K5 (Lx500x600),0,₽/шт,,,Гирейский комбинат 
K4 (Lx500x500),0,₽/шт,,,Гирейский комбинат 
K3 (Lx400x600),0,₽/шт,,,Гирейский комбинат 
K2 (Lx400x500),0,₽/шт,,,Гирейский комбинат 
K1 (Lx400x400),0,₽/шт,,,Гирейский комбинат 
К 1.1-1,0,₽/шт,,,Гирейский комбинат 
К 2.1-2,0,₽/шт,,,Гирейский комбинат 
К 3.1-1,0,₽/шт,,,Гирейский комбинат 
К 3.4-1-1,0,₽/шт,,,Гирейский комбинат 
К 3-1-1,0,₽/шт,,,Гирейский комбинат 
К 3-2-2,0,₽/шт,,,Гирейский комбинат 
К 4.-1-1,0,₽/шт,,,Гирейский комбинат 
К 4-2-1,0,₽/шт,,,Гирейский комбинат 
К 4а,0,₽/шт,,,Гирейский комбинат 
2КВ 33.52-4с12,0,₽/шт,,,Гирейский комбинат 
2КС 33.61-1с71,0,₽/шт,,,Гирейский комбинат 
2КС 33.66-4с11,0,₽/шт,,,Гирейский комбинат 
5КС 36.72-3-с2,0,₽/шт,,,Гирейский комбинат 
5КВ 33.24-1сн71,0,₽/шт,,,Гирейский комбинат 
5КВ 30.51-1-сн-1,0,₽/шт,,,Гирейский комбинат 
5КВ 30.81-1сн1,0,₽/шт,,,Гирейский комбинат 
5КВ 30.73-1-сн1,0,₽/шт,,,Гирейский комбинат 
5КВ 30.103-1-сн1,0,₽/шт,,,Гирейский комбинат 
1КР 36,0,₽/шт,,,Гирейский комбинат 
3КР 36,0,₽/шт,,,Гирейский комбинат 
РП 4.53-2-с,0,₽/шт,,,Гирейский комбинат 
1РП 4.53-2-с,0,₽/шт,,,Гирейский комбинат 
2Р 4.53-3-с,0,₽/шт,,,Гирейский комбинат 
РП 4.83-3-с,0,₽/шт,,,Гирейский комбинат 
2Р 4.9-2с1,0,₽/шт,,,Гирейский комбинат 
1РП 4.23-1с,0,₽/шт,,,Гирейский комбинат 
2Р 4.38-2с1,0,₽/шт,,,Гирейский комбинат 
2Р 4.53-3с,0,₽/шт,,,Гирейский комбинат 
2Р 62.38-2с1,0,₽/шт,,,Гирейский комбинат 
1РП 6.2.53-2с1,0,₽/шт,,,Гирейский комбинат 
2Р 62.53-4с,0,₽/шт,,,Гирейский комбинат 
Б 1-1,0,₽/шт,,,Гирейский комбинат 
Б 1-1а,0,₽/шт,,,Гирейский комбинат 
Блок угловой,0,₽/шт,,,
Блок угловой,0,₽/шт,,,Гирейский комбинат 
1Д 41.28-2с28,0,₽/шт,,,Гирейский комбинат 
1Д 41.33-2-с3,0,₽/шт,,,Гирейский комбинат 
1Д 41.36-2-с9,0,₽/шт,,,Гирейский комбинат 
2Д 22.28-2с37,0,₽/шт,,,Гирейский комбинат 
2Д 22.36-2с-20,0,₽/шт,,,Гирейский комбинат 
2Д 34.33-2-2-с,0,₽/шт,,,Гирейский комбинат 
2Д 34.28-2с32,0,₽/шт,,,Гирейский комбинат 
2Д 34.36-2с7,0,₽/шт,,,Гирейский комбинат 
ВБ 4,0,₽/шт,,,Гирейский комбинат 
ВБ 12и,0,₽/шт,,,Гирейский комбинат 
ВБ 13и,0,₽/шт,,,Гирейский комбинат 
ВБ 15и,0,₽/шт,,,Гирейский комбинат 
Вентиляционные блоки от ВБ 4 до ВБ 15и,0,₽/кг,,,Гирейский комбинат 
СБ-1,0,₽/шт,,,Гирейский комбинат 
Б 55-2.4,0,₽/шт,,,Гирейский комбинат 
Б 55-2.6,0,₽/шт,,,Гирейский комбинат 
В 3.1,0,₽/шт,,,Гирейский комбинат 
В 3.2,0,₽/шт,,,Гирейский комбинат 
В 3.3,0,₽/шт,,,Гирейский комбинат 
Сут-1,0,₽/шт,Под заказ,,Гирейский комбинат 
СП т,0,₽/шт,Под заказ,,Гирейский комбинат 
Д 1,0,₽/шт,Под заказ,,Гирейский комбинат 
Д 2,0,₽/шт,Под заказ,,Гирейский комбинат 
Д 3,0,₽/шт,Под заказ,,Гирейский комбинат 
Д 4,0,₽/шт,Под заказ,,Гирейский комбинат 
КС 20-9,11880,₽/шт,,,
КС 20-6,10560,₽/шт,,,
КС 20-3,5400,₽/шт,,,
КС 15-9,7680,₽/шт,,,
КС 15-6,6360,₽/шт,,,
КС 15-3,4440,₽/шт,,,
КС 10-9,6000,₽/шт,,,
КС 10-6,4320,₽/шт,,,
КС 10-3,2600,₽/шт,,,
КС 7-9,4680,₽/шт,,,
КС 7-6,3120,₽/шт,,,
КС 7-3,2470,₽/шт,,,
ПП 11,4674,₽/шт,,,
ПП 10,4314,₽/шт,,,
ПП 9,3954,₽/шт,,,
ПП 8,3894,₽/шт,,,
ПП 7,3504,₽/шт,,,
ПП 6,3114,₽/шт,,,
ПП 5,2464,₽/шт,,,
ПП 4,2074,₽/шт,,,
ПП 3,1424,₽/шт,,,
ПП 2,1164,₽/шт,,,
ПП 1,878,₽/шт,,,
ОП 9,12975,₽/шт,,,
ОП 8,10194,₽/шт,,,
ОП 7,5034,₽/шт,,,
ОП 6,3954,₽/шт,,,
ОП 5,2854,₽/шт,,,
ОП 4,2594,₽/шт,,,
ОП 3,1294,₽/шт,,,
ОП 2,813,₽/шт,,,
ОП 1,683,₽/шт,,,
Б13,30795,₽/шт,,,
Б12,29695,₽/шт,,,
Б11,27495,₽/шт,,,
Б10,11215,₽/шт,,,
Б9,11754,₽/шт,,,
Б8,7674,₽/шт,,,
Б7,14295,₽/шт,,,
Б6,12425,₽/шт,,,
Б5,11325,₽/шт,,,
Б4,8154,₽/шт,,,
Б3,7194,₽/шт,,,
Б2,6474,₽/шт,,,
Б1,3894,₽/шт,,,
БЛОК Б1 22-75,4414,₽/шт,,,
БЛОК Б1 20-75,3504,₽/шт,,,
БЛОК Б2-20-25,1099,₽/шт,,,
БЛОК Б2-18-25,1073,₽/шт,,,
БЛОК Б2-22-40,1164,₽/шт,,,
БЛОК Б1-20-50,2464,₽/шт,,,
БЛОК Б1-18-50,2464,₽/шт,,,
БЛОК Б-8,1034,₽/шт,,,
БЛОК Б-5,2074,₽/шт,,,
БЛОК УПОРА Б-9а,2984,₽/шт,,,
БЛОК УПОРА Б-9,2854,₽/шт,,,
Плита ФПд-СК,109995,₽/шт,,,
Плита ФП-СК,98995,₽/шт,,,
Панель  СП-СК,109995,₽/шт,,,
Панель НСП-СК,54995,₽/шт,,,
Блок плиты БДЛ 40.6 (УБК-9а),19338,₽/шт,,,
Стойка УСО 1А,18969,₽/шт,,,
Стойка УСО 5А,11736,₽/шт,,,
Косоур КЛ 615.270,27971,₽/шт,,,
Косоур КЛ 655.270,28103,₽/шт,,,
Площадка ПЛ 150.75.7,6178,₽/шт,,,
Площадка ПЛ 150.75.7-1,3650,₽/шт,,,
Ступень СЛ 150.35.7,3151,₽/шт,,,
Ступень СЛ 75.35.7-1,3588,₽/шт,,,
Фундамент Ф 60.60.130,11075,₽/шт,,,
Фундамент ФЛ 10.12-2,6466,₽/шт,,,
Бетон М-100 ,4900,₽/м.куб,,,КСМ-14
Бетон М-100 (под бетононасос),5100,₽/м.куб,,,КСМ-14
Бетон М-150 ,5150,₽/м.куб,,,КСМ-14
Бетон М-150 (под бетононасос),5350,₽/м.куб,,,КСМ-14
Бетон М-200,5400,₽/м.куб,,,КСМ-14
Бетон М-200 (под бетононасос),5600,₽/м.куб,,,КСМ-14
Бетон М-250,5750,₽/м.куб,,,КСМ-14
Бетон М-250 (под бетононасос),5950,₽/м.куб,,,КСМ-14
Бетон М-300,6200,₽/м.куб,,,КСМ-14
Бетон М-300 (под бетононасос),6400,₽/м.куб,,,КСМ-14
Бетон М-350,6600,₽/м.куб,,,КСМ-14
Бетон М-350 (под бетононасос),6800,₽/м.куб,,,КСМ-14
Бетон М-400,6900,₽/м.куб,,,КСМ-14
Бетон М-400 (под бетононасос),7100,₽/м.куб,,,КСМ-14
Раствор цементный М 75,4848,₽/м.куб,,,КСМ-14
Раствор цементный М 50,4696.5,₽/шт,,,КСМ-14
Раствор цементный М100,5050,₽/м.куб,,,КСМ-14
Раствор цементный М150,5252,₽/м.куб,,,КСМ-14
Раствор цементный М200,5504.5,₽/м.куб,,,КСМ-14
Раствор цементный М 250,5757,₽/шт,,,КСМ-14
ТАЙГА ПЕРВАЯ УРАЛЬСКАЯ,1096,₽/кв.м,,,
ТАЙГА ПЕРВАЯ СИБИРСКАЯ,1412,₽/кв.м,,,
MARCO POLO,1490,₽/кв.м,,,
EFFECT,1590,₽/кв.м,,,
ARMONIA LARGE,1490,₽/кв.м,,,
BERING,1590,₽/кв.м,,,
EMOTIONS WR,2750,₽/кв.м,,,
LEGEND WR,2710,₽/кв.м,,,
HARMONY FORTE WR,2550,₽/кв.м,,,
EUPHORIA WR,2580,₽/кв.м,,,
EXPEDITION WR,2490,₽/кв.м,,,
MARCO POLO PREMIUM,2100,₽/кв.м,,,
EFFECT ELEGANCE,2100,₽/кв.м,,,
BERING,1590,₽/кв.м,,,
GALLERY,2130,₽/кв.м,,,
DYNASTY,2082,₽/кв.м,,,
NAVIGATOR,2033,₽/кв.м,,,
POEM,1975,₽/кв.м,,,
PILOT,1975,₽/кв.м,,,
ESTETICA,1873,₽/кв.м,,,
IMPERATOR,1728,₽/кв.м,,,
BALLET,1646,₽/кв.м,,,
TIMBER FORESTER,1912,₽/кв.м,,,
TIMBER HARVEST,1619,₽/кв.м,,,
COTTAGE,1190,₽/кв.м,,,
PRO 8/33 LARGE 4VAQ+,1765,₽/кв.м,,,
PRO 8/33 CLASSIC 4VAQ+,1645,₽/кв.м,,,
PRO 12/33 CLASSIC 4V,1630,₽/кв.м,,,
PRO 10/33 CLASSIC 4V,1515,₽/кв.м,,,
PRO 8/33 LARGE 4V,1299,₽/кв.м,,,
PRO 8/33 CLASSIC 4V,1180,₽/кв.м,,,
PRO 8/33 CLASSIC,1045,₽/кв.м,,,
BRAVO 8/33 4V,1040,₽/кв.м,,,
MONTE CRISTALLO,1730,₽/кв.м,,,
BELLAMONTE,1670,₽/кв.м,,,
SUNFLOOR 12/33 4V,1390,₽/кв.м,,,
VIOLET 10/33 4V,1260,₽/кв.м,,,
SUNFLOOR 8/33 4V,1140,₽/кв.м,,,
BLACK 4V новый замок,1090,₽/кв.м,,,
BLACK 4V,1090,₽/кв.м,,,
CHEVRON,3490,₽/кв.м,,,
CROSSBOW,2490,₽/кв.м,,,
ARROW,2390,₽/кв.м,,,
OPERA,2190,₽/кв.м,,,
Линолеум Sinteros Delta Kent M 2,490,₽/кв.м,,,
Линолеум Sinteros Delta Dakota M 5,490,₽/кв.м,,,
Линолеум Sinteros Delta Concord M 2,490,₽/кв.м,,,
Линолеум Sinteros Eruption Venezia 2,595,₽/кв.м,,,
Линолеум Sinteros Eruption Larson 1,595,₽/кв.м,,,
Линолеум Sinteros Комфорт Kadet 1,625,₽/кв.м,,,
Линолеум Sinteros Комфорт Bengal 3,625,₽/кв.м,,,
Линолеум Sinteros Комфорт Bengal 1,625,₽/кв.м,,,
Линолеум Tarkett Caprice Kvebek 2,750,₽/кв.м,,,
Линолеум Tarkett Caprice Gloriosa 1,750,₽/кв.м,,,
Линолеум Tarkett Caprice Dolce 1,750,₽/кв.м,,,
Линолеум Tarkett Caprice Aventura 1,750,₽/кв.м,,,
Линолеум Tarkett Европа Akron 6,950,₽/кв.м,,,
Линолеум Tarkett Acczent Pro Tobago 2,1020,₽/кв.м,,,
Линолеум Tarkett Acczent Pro Tobago 1,1020,₽/кв.м,,,
Линолеум Tarkett Acczent Pro Select 1,1020,₽/кв.м,,,
Линолеум Tarkett Acczent Pro Samson 3,1020,₽/кв.м,,,
Линолеум Tarkett Acczent Pro Samson 2,1020,₽/кв.м,,,
Линолеум Tarkett Acczent Pro Samson 1,1020,₽/кв.м,,,
Линолеум Tarkett Acczent Pro Oak 01,1020,₽/кв.м,,,
Линолеум Tarkett Acczent Pro Nara 6,1020,₽/кв.м,,,
Линолеум Tarkett Acczent Pro Nara 5,1020,₽/кв.м,,,
Линолеум Tarkett Acczent Pro Nara 4,1020,₽/кв.м,,,
Линолеум Tarkett Acczent Pro Nara 3,1020,₽/кв.м,,,
Линолеум Tarkett Acczent Pro Nara 2,1020,₽/кв.м,,,
Линолеум Tarkett Acczent Pro Nara 1,1020,₽/кв.м,,,
Линолеум Tarkett Acczent Pro Montreal 2,1020,₽/кв.м,,,
Линолеум Tarkett Acczent Pro Denim 6,1020,₽/кв.м,,,
Линолеум Tarkett Acczent Pro Concrete 2,1020,₽/кв.м,,,
Линолеум Tarkett Acczent Pro Concrete 1,1020,₽/кв.м,,,
Линолеум Tarkett Acczent Pro Berne 2,1020,₽/кв.м,,,
Линолеум Tarkett Acczent Pro Berne 1,1020,₽/кв.м,,,
Линолеум Tarkett Acczent Pro Aspect 9,1020,₽/кв.м,,,
Линолеум Tarkett Acczent Pro Aspect 8,1020,₽/кв.м,,,
Линолеум Tarkett Acczent Pro Aspect 7,1020,₽/кв.м,,,
Линолеум Tarkett Acczent Pro Aspect 6,1020,₽/кв.м,,,
Линолеум Tarkett Acczent Pro Aspect 5,1020,₽/кв.м,,,
Линолеум Tarkett Acczent Pro Aspect 4,1020,₽/кв.м,,,
Линолеум Tarkett Acczent Pro Aspect 3,1020,₽/кв.м,,,
Линолеум Tarkett Acczent Pro Aspect 22M,1020,₽/кв.м,,,
Линолеум Tarkett Acczent Pro Aspect 21M,1020,₽/кв.м,,,
Линолеум Tarkett Acczent Pro Aspect 2,1020,₽/кв.м,,,
Линолеум Tarkett Acczent Pro Aspect 13,1020,₽/кв.м,,,
Линолеум Tarkett Acczent Pro Aspect 11,1020,₽/кв.м,,,
Линолеум Tarkett Acczent Pro Aspect 10,1020,₽/кв.м,,,
Линолеум Tarkett Acczent Pro Aspect 1,1020,₽/кв.м,,,
Tarkett Discovery Hudson 2,890,₽/кв.м,,,
Tarkett Discovery California 1,890,₽/кв.м,,,
Tarkett Фаворит Carter 1,970,₽/кв.м,,,
Tarkett Фаворит Belmond 2,970,₽/кв.м,,,
Tarkett Фаворит Ashland 2,970,₽/кв.м,,,
Tarkett Престиж Ellison 4,1020,₽/кв.м,,,
Tarkett Престиж Dallas 6,1020,₽/кв.м,,,
Tarkett Престиж Dallas 5,1020,₽/кв.м,,,
Tarkett Philosophy Concrete 3,1010,₽/кв.м,,,
Tarkett Philosophy Coen 1,1010,₽/кв.м,,,
Tarkett Aero Calisto 1,1015,₽/кв.м,,,
Tarkett Aero Adams 2,1050,₽/кв.м,,,
Tarkett Aero Adams 1,1080,₽/кв.м,,,
Tarkett Club Jane 1,1015,₽/кв.м,,,
Tarkett Club Evora 1,1050,₽/кв.м,,,
Tarkett Club Arma 1,1080,₽/кв.м,,,
Tarkett Gladiator Calvados 1,1015,₽/кв.м,,,
Tarkett Gladiator Antea 2,1050,₽/кв.м,,,
Tarkett Gladiator Adalia 1,1080,₽/кв.м,,,
Tarkett Grand Wilson 1,1005,₽/кв.м,,,
Tarkett Grand Togo 2,1005,₽/кв.м,,,
Tarkett Grand Soho 2,1005,₽/кв.м,,,
Tarkett Grand Aston 2,1005,₽/кв.м,,,
Tarkett Moda 121603,799,₽/кв.м,,,
Tarkett Moda 121602,799,₽/кв.м,,,
Tarkett Idylle Nova Oxford 1,1050,₽/кв.м,,,
Tarkett Idylle Nova Marlon 1,1050,₽/кв.м,,,
Tarkett Idylle Nova Atlanta 3,1050,₽/кв.м,,,
Tarkett Idylle Nova Atlanta 1,1050,₽/кв.м,,,
Tarkett Force R Sorbona 2,945,₽/кв.м,,,
Tarkett Force R Canasta 4,945,₽/кв.м,,,
Tarkett Sprint Pro Arizona 1,885,₽/кв.м,,,
Sinteros Bonus Bolton 1,610,₽/кв.м,,,
Tarkett Galaxy Bismarck 3,885,₽/кв.м,,,
Force R Canasta 3,945,₽/кв.м,Коричневый,,
Sinteros Activa R Aurora 10,610,₽/кв.м,,,
Мускат dusk,1232,₽/кв.м,,,
Zebrano stripe,3341,₽/кв.м,,,
Woodstock peace,1862,₽/кв.м,,,
Woodstock harmony,2060,₽/кв.м,,,
Woodstock fest,1965,₽/кв.м,,,
Wink blink,3833,₽/кв.м,,,
Vivanta vivacity,3143,₽/кв.м,,,
Vivanta life,3143,₽/кв.м,,,
Victory glory,1468,₽/кв.м,,,
Victory conquest,1468,₽/кв.м,,,
Vibe aura,2355,₽/кв.м,,,
Verona romance,2159,₽/кв.м,,,
Verano sun,2946,₽/кв.м,,,
Verano summer,2946,₽/кв.м,,,
Velaska luxury,2552,₽/кв.м,,,
Velaska allure,2552,₽/кв.м,,,
Ultra edge,3243,₽/кв.м,,,
Typhoon force,2848,₽/кв.м,,,
Twist turn,2946,₽/кв.м,,,
Twist spiral,2946,₽/кв.м,,,
Turon ridge,1271,₽/кв.м,,,
Turon peak,1271,₽/кв.м,,,
Turon cliff,1271,₽/кв.м,,,
Tulip spring,2946,₽/кв.м,,,
Tulip petal,2946,₽/кв.м,,,
Tulip bulb,2946,₽/кв.м,,,
Tulip bloom,2946,₽/кв.м,,,
Tropical breeze,2848,₽/кв.м,,,
Triumph valor,1962,₽/кв.м,,,
Trick серый illusion,1271,₽/кв.м,,,
Treviso prosecco,3735,₽/кв.м,,,
Tramonto sunset,1172,₽/кв.м,,,
Tramonto dusk,1172,₽/кв.м,,,
Topaz gem,1271,₽/кв.м,,,
Timeline moment,2946,₽/кв.м,,,
Timeline matte era,2946,₽/кв.м,,,
Timeline epoch,2946,₽/кв.м,,,
Thor серый thunder,1468,₽/кв.м,,,
Thor серый shield,1468,₽/кв.м,,,
Thor серый power,1468,₽/кв.м,,,
Thor серый legend,1468,₽/кв.м,,,
Thor серый guardian,1468,₽/кв.м,,,
Thor серый forge,1468,₽/кв.м,,,
Thor бежежный storm,1468,₽/кв.м,,,
Thor бежевый valor,1468,₽/кв.м,,,
Thor бежевый might,1468,₽/кв.м,,,
Thor бежевый hammer,1468,₽/кв.м,,,
Terme spring,2060,₽/кв.м,,,
Terme flow,2060,₽/кв.м,,,
Tango passion,1113,₽/кв.м,,,
Tango fire,1113,₽/кв.м,,,
Sunny glow,1764,₽/кв.м,,,
Sunny cheer,1764,₽/кв.м,,,
Storm surge,1428,₽/кв.м,,,
Stonela rock,2946,₽/кв.м,,,
Statuario Elite prestige,2749,₽/кв.м,,,
Stardust sparkle,2355,₽/кв.м,,,
Stardust shimmer,2355,₽/кв.м,,,
Stardust nebula,2355,₽/кв.м,,,
Stardust glitter,2355,₽/кв.м,,,
Stardust galaxy,2355,₽/кв.м,,,
Stardust cosmos,2355,₽/кв.м,,,
Stardust comet,2355,₽/кв.м,,,
Stain shadow,1301,₽/кв.м,,,
Spanito spark,2946,₽/кв.м,,,
Spanito glint,2946,₽/кв.м,,,
Somerset meadow,2060,₽/кв.м,,,
Somerset cider,2060,₽/кв.м,,,
Sombra veil,1271,₽/кв.м,,,
Sombra shade,1271,₽/кв.м,,,
Sombra phantom,1271,₽/кв.м,,,
Sombra enigma,1271,₽/кв.м,,,
Sombra depth,1271,₽/кв.м,,,
Solo_ focus,2454,₽/кв.м,,,
Solo PR solo,1232,₽/кв.м,,,
Solo PR essence,1232,₽/кв.м,,,
Solis sun,2651,₽/кв.м,,,
Sogdiana silk,3449,₽/кв.м,,,
Sogdiana road,3449,₽/кв.м,,,
Smoky haze,2848,₽/кв.м,,,
Smart wit,1862,₽/кв.м,,,
Slumber rest,1172,₽/кв.м,,,
Sintra dream,1113,₽/кв.м,,,
Silver luster,3735,₽/кв.м,,,
Sigma sum,1862,₽/кв.м,,,
Sigma sign,1862,₽/кв.м,,,
Sigma formula,1862,₽/кв.м,,,
Sierra range,3243,₽/кв.м,,,
Segovia aqueduct,2060,₽/кв.м,,,
Sandra poise,1301,₽/кв.м,,,
Samanta bloom,1172,₽/кв.м,,,
Saga epic,1764,₽/кв.м,,,
Sacramento river,2454,₽/кв.м,,,
Roxy bloom,1073,₽/кв.м,,,
Roxy aura,1073,₽/кв.м,,,
Romantic serenade,2257,₽/кв.м,,,
Romantic amore,2257,₽/кв.м,,,
Rocket trail,2060,₽/кв.м,,,
Rocket surge,2060,₽/кв.м,,,
Richard stone,1301,₽/кв.м,,,
Ravenna mosaic,2060,₽/кв.м,,,
Rapolano terroir,1428,₽/кв.м,,,
Rapolano earth,1428,₽/кв.м,,,
Rapolano clay,1428,₽/кв.м,,,
Princess tiara,2060,₽/кв.м,,,
Princess royal,2060,₽/кв.м,,,
Princess jewel,2060,₽/кв.м,,,
Pride honor,1468,₽/кв.м,,,
Pride crest,1468,₽/кв.м,,,
Piemonte vine,2946,₽/кв.м,,,
Piemonte hill,2946,₽/кв.м,,,
Pegasus flight,3341,₽/кв.м,,,
Paradise bliss,2946,₽/кв.м,,,
Pallada shine,3341,₽/кв.м,,,
Oscar award,2946,₽/кв.м,,,
Ortus genesis,1301,₽/кв.м,,,
Ortus dawn,1301,₽/кв.м,,,
Ortus bloom,1301,₽/кв.м,,,
Orinda grace,2749,₽/кв.м,,,
Orinda bloom,2749,₽/кв.м,,,
Opera aria,2946,₽/кв.м,,,
Onyx void,2257,₽/кв.м,,,
Onyx depth,2257,₽/кв.м,,,
Ontario breeze,1172,₽/кв.м,,,
Onega wave,1962,₽/кв.м,,,
Onega lake,1962,₽/кв.м,,,
Onega depth,1962,₽/кв.м,,,
Onda wave,2257,₽/кв.м,,,
Onda ripple,2257,₽/кв.м,,,
Onda flow,2257,₽/кв.м,,,
Omega infinity,2946,₽/кв.м,,,
Olivia_P bloom,3341,₽/кв.м,,,
Olivia petal,1303,₽/кв.м,,,
Olivia bloom,1303,₽/кв.м,,,
Olimpia games,3143,₽/кв.м,,,
Oleanna bloom,1172,₽/кв.м,,,
Oasis_ haven,1862,₽/кв.м,,,
Nylo thread,1962,₽/кв.м,,,
Nylo fiber,1965,₽/кв.м,,,
Nutwood grain,1301,₽/кв.м,,,
Nostrum essence,1428,₽/кв.м,,,
Nostrum cure,1428,₽/кв.м,,,
Norse saga,1468,₽/кв.м,,,
Norse rune,1468,₽/кв.м,,,
Norse myth,1468,₽/кв.м,,,
Norse helm,1468,₽/кв.м,,,
Norse fjord,1468,₽/кв.м,,,
Nioba tear,3243,₽/кв.м,,,
Nioba myth,3243,₽/кв.м,,,
Newton law,2060,₽/кв.м,,,
Newton gravity,2060,₽/кв.м,,,
New York tempo,1172,₽/кв.м,,,
New York pulse,1172,₽/кв.м,,,
Mumbai spice,3243,₽/кв.м,,,
Mumbai hub,3243,₽/кв.м,,,
Moonlight glow,2060,₽/кв.м,,,
Monza speed,1962,₽/кв.м,,,
Montera peak,2946,₽/кв.м,,,
Montecatini spring,1764,₽/кв.м,,,
Montecatini hill,1764,₽/кв.м,,,
Minger whisper,1271,₽/кв.м,,,
Miller Onyx mystery,2749,₽/кв.м,,,
Miller Onyx depth,2749,₽/кв.м,,,
Melissa bee,1468,₽/кв.м,,,
Medusa gaze,3735,₽/кв.м,,,
Maximus prime,2060,₽/кв.м,,,
Marmoles marble,2060,₽/кв.м,,,
Marmo vein,2552,₽/кв.м,,,
Marmo strata,2552,₽/кв.м,,,
Majestic reign,2503,₽/кв.м,,,
Majestic Luxe opulence,2503,₽/кв.м,,,
Majestic crown,2503,₽/кв.м,,,
Magic spell,2946,₽/кв.м,,,
Lumber timber,1301,₽/кв.м,,,
Lucciano light,2651,₽/кв.м,,,
Lucciano charm,2651,₽/кв.м,,,
Lonic vine,2454,₽/кв.м,,,
Lids shade,3243,₽/кв.м,,,
Lids cover,3243,₽/кв.м,,,
Levenburg grace,1271,₽/кв.м,,,
Levenburg charm,1271,₽/кв.м,,,
Leo roar,1301,₽/кв.м,,,
Leo pride,1301,₽/кв.м,,,
Leo mane,1301,₽/кв.м,,,
Legend myth,3735,₽/кв.м,,,
Laurent stream,1764,₽/кв.м,,,
Lakeside shore,2651,₽/кв.м,,,
Lakeside calm,2651,₽/кв.м,,,
Korinthos pillar,2749,₽/кв.м,,,
Korinthos order,2749,₽/кв.м,,,
Korinthos column,2749,₽/кв.м,,,
Korinthos classic,2749,₽/кв.м,,,
Kolan root,2749,₽/кв.м,,,
Kolan earth,2749,₽/кв.м,,,
Karakum dune,1172,₽/кв.м,,,
Juno queen,975,₽/кв.м,,,
Isfahan rug,3737,₽/кв.м,,,
Inspiro muse,1764,₽/кв.м,,,
Indigo dye,2848,₽/кв.м,,,
Imperador throne,2060,₽/кв.м,,,
Imperador reign,2060,₽/кв.м,,,
Hit impact,1468,₽/кв.м,,,
Helga shield,1172,₽/кв.м,,,
Harmony unity,2651,₽/кв.м,,,
Harmony symphony,2651,₽/кв.м,,,
Harmony peace,2651,₽/кв.м,,,
Harmony melody,2651,₽/кв.м,,,
Harmony chord,2651,₽/кв.м,,,
Harmony blend,2651,₽/кв.м,,,
Harmony balance,2651,₽/кв.м,,,
Harmony accord,2651,₽/кв.м,,,
Glissando sweep,2651,₽/кв.м,,,
Glissando slide,2651,₽/кв.м,,,
Glissando grace,2651,₽/кв.м,,,
Glissando flow,2651,₽/кв.м,,,
Geo stone,2651,₽/кв.м,,,
Geo earth,2651,₽/кв.м,,,
Garda lake,1862,₽/кв.м,,,
Gabriel message,2651,₽/кв.м,,,
Gabriel arch,2651,₽/кв.м,,,
Frost whisper,1301,₽/кв.м,,,
Freya goddess,3439,₽/кв.м,,,
Fontanedo fountain,1962,₽/кв.м,,,
Florida sun,1428,₽/кв.м,,,
Florida palm,1428,₽/кв.м,,,
Favorito star,2946,₽/кв.м,,,
Favorito gem,2946,₽/кв.м,,,
Favorito choice,2946,₽/кв.м,,,
Fame renown,1172,₽/кв.м,,,
Fabula tale,2651,₽/кв.м,,,
Everest peak,1862,₽/кв.м,,,
Espero hope,3341,₽/кв.м,,,
Esmeralda gem,3449,₽/кв.м,,,
Escada style,3735,₽/кв.м,,,
Escada grace,3735,₽/кв.м,,,
Ergon Aqua flow,1962,₽/кв.м,,,
Encanto spell,3143,₽/кв.м,,,
Encanto magic,3143,₽/кв.м,,,
Encanto charm,3143,₽/кв.м,,,
Encanto allure,3143,₽/кв.м,,,
Elegant Statuario grandeur,2749,₽/кв.м,,,
Elegant Statuario elegance,2749,₽/кв.м,,,
Edinburg spire,1073,₽/кв.м,,,
Edinburg mist,1073,₽/кв.м,,,
Dorato gild,3341,₽/кв.м,,,
Donna style,3143,₽/кв.м,,,
Donna muse,3143,₽/кв.м,,,
Donna lady,3143,₽/кв.м,,,
Donna grace,3143,₽/кв.м,,,
Denver peak,1428,₽/кв.м,,,
Denver mile,1428,₽/кв.м,,,
Delgado slim,1862,₽/кв.м,,,
Deimos orbit,975,₽/кв.м,,,
Decorum grace,3143,₽/кв.м,,,
Dacota plain,1428,₽/кв.м,,,
Crystal clarity,2060,₽/кв.м,,,
Crescendo rise,1172,₽/кв.м,,,
Cosy comfort,1428,₽/кв.м,,,
Cortez sea,3243,₽/кв.м,,,
Coral Rock reef,1428,₽/кв.м,,,
Coral Rock lagoon,1428,₽/кв.м,,,
Coral Rock cove,1428,₽/кв.м,,,
Coral Rock atoll,1428,₽/кв.м,,,
Cometa tail,3833,₽/кв.м,,,
Colorado canyon,2946,₽/кв.м,,,
Cloud onyx mist,1665,₽/кв.м,,,
Chillout peace,2355,₽/кв.м,,,
Chillout calm,2355,₽/кв.м,,,
Charisma charm,3735,₽/кв.м,,,
Celino sky,2946,₽/кв.м,,,
Celestia sky,1764,₽/кв.м,,,
Cassini ring,2651,₽/кв.м,,,
Cassini probe,2651,₽/кв.м,,,
Carrara Bronze gleam,2355,₽/кв.м,,,
Carina keel,3833,₽/кв.м,,,
Canberra capital,3735,₽/кв.м,,,
Camlin stream,3143,₽/кв.м,,,
Camlin river,3143,₽/кв.м,,,
Camlin flow,3143,₽/кв.м,,,
Calacatta Royal splendor,936,₽/кв.м,,,
Calacatta Royal majesty,936,₽/кв.м,,,
Calacatta Imperial splendor,936,₽/кв.м,,,
Calacatta Imperial reign,936,₽/кв.м,,,
Calacatta Imperial crown,936,₽/кв.м,,,
Bottochino ink,2159,₽/кв.м,,,
Bottochino depth,2159,₽/кв.м,,,
Boreal taiga,1764,₽/кв.м,,,
Boreal forest,1764,₽/кв.м,,,
Boreal chill,1764,₽/кв.м,,,
Bolero dance,3143,₽/кв.м,,,
Bolero cloak,3143,₽/кв.м,,,
Bliss serenity,1862,₽/кв.м,,,
Bliss joy,1862,₽/кв.м,,,
Bliss euphoria,1862,₽/кв.м,,,
Bizarre oddity,3341,₽/кв.м,,,
Biscotti crunch,3735,₽/кв.м,,,
Bellagio fountain,1862,₽/кв.м,,,
Avery field,1962,₽/кв.м,,,
Aventin rise,1271,₽/кв.м,,,
Aventin peak,1271,₽/кв.м,,,
Avangard avant,1172,₽/кв.м,,,
Atlant tide,1862,₽/кв.м,,,
Atlant surge,1862,₽/кв.м,,,
Atlant depth,1862,₽/кв.м,,,
Arrow flight,3755,₽/кв.м,,,
Armany prestige,1764,₽/кв.м,,,
Armany elegance,1764,₽/кв.м,,,
Aristocrat noble,2651,₽/кв.м,,,
Ariana air,2060,₽/кв.м,,,
Argos watch,3341,₽/кв.м,,,
Arcadia idyll,2060,₽/кв.м,,,
Apollo sun,3143,₽/кв.м,,,
Apollo moon,3143,₽/кв.м,,,
Antares темно-серый star,1428,₽/кв.м,,,
Antares темно-серый giant,1428,₽/кв.м,,,
Antares белый nova,1428,₽/кв.м,,,
Anima soul,2651,₽/кв.м,,,
Anima PR spirit,2651,₽/кв.м,,,
Anima PR core,2651,₽/кв.м,,,
Angel Statuario purity,2749,₽/кв.м,,,
Angel Statuario divine,2749,₽/кв.м,,,
Andrea courage,3833,₽/кв.м,,,
Anatolia land,3243,₽/кв.м,,,
Anatolia ancient,3243,₽/кв.м,,,
Amorantes love,2060,₽/кв.м,,,
Amare serenade,1301,₽/кв.м,,,
Amare embrace,1301,₽/кв.м,,,
Amalia grace,1300,₽/кв.м,,,
Amalia charm,1300,₽/кв.м,,,
Alfanzo noble,2970,₽/кв.м,,,
Alfanzo grace,2970,₽/кв.м,,,
Alcarz fort,2970,₽/кв.м,,,
Albus purity,1300,₽/кв.м,,,
Alaska frontier,1170,₽/кв.м,,,
Agra taj,3870,₽/кв.м,,,
Agra fort,3870,₽/кв.м,,,
Adani rise,3170,₽/кв.м,,,
Adani port,3170,₽/кв.м,,,
Accord harmony,2370,₽/кв.м,,,
Accord chord,2370,₽/кв.м,,,
Parker Bianco,2200,₽/кв.м,,,
Oxido Grey,2200,₽/кв.м,,,
Olga White,2200,₽/кв.м,,,
Marvel Gold,2200,₽/кв.м,,,
Marfil Classic,2200,₽/кв.м,,,
Madrid Dove,2200,₽/кв.м,,,
Luce Grey,2200,₽/кв.м,,,
Justu White,2200,₽/кв.м,,,
JD,2200,₽/кв.м,,,
Italiano Black,2200,₽/кв.м,,,
Indic Saphire,2200,₽/кв.м,,,
H3,2200,₽/кв.м,,,
Grand Armani Grey,2200,₽/кв.м,,,
Gleshire White,2200,₽/кв.м,,,
Genova Gris,2200,₽/кв.м,,,
Galaxy Grey,2200,₽/кв.м,,,
Galaxy Brown,2200,₽/кв.м,,,
Even White,2200,₽/кв.м,,,
Endmatch 60.60,1800,₽/кв.м,,,
Endmatch  60.120,2200,₽/кв.м,,,
Мускат dusk,1232,₽/кв.м,,,
Zebrano stripe,3341,₽/кв.м,,,
Woodstock peace,1862,₽/кв.м,,,
Woodstock harmony,2060,₽/кв.м,,,
Woodstock fest,1965,₽/кв.м,,,
Wink blink,3833,₽/кв.м,,,
Vivanta vivacity,3143,₽/кв.м,,,
Vivanta life,3143,₽/кв.м,,,
Victory glory,1468,₽/кв.м,,,
Victory conquest,1468,₽/кв.м,,,
Vibe aura,2355,₽/кв.м,,,
Verona romance,2159,₽/кв.м,,,
Verano sun,2946,₽/кв.м,,,
Verano summer,2946,₽/кв.м,,,
Velaska luxury,2552,₽/кв.м,,,
Velaska allure,2552,₽/кв.м,,,
Ultra edge,3243,₽/кв.м,,,
Typhoon force,2848,₽/кв.м,,,
Twist turn,2946,₽/кв.м,,,
Twist spiral,2946,₽/кв.м,,,
Turon ridge,1271,₽/кв.м,,,
Turon peak,1271,₽/кв.м,,,
Turon cliff,1271,₽/кв.м,,,
Tulip spring,2946,₽/кв.м,,,
Tulip petal,2946,₽/кв.м,,,
Tulip bulb,2946,₽/кв.м,,,
Tulip bloom,2946,₽/кв.м,,,
Tropical breeze,2848,₽/кв.м,,,
Triumph valor,1962,₽/кв.м,,,
Trick серый illusion,1271,₽/кв.м,,,
Treviso prosecco,3735,₽/кв.м,,,
Tramonto sunset,1172,₽/кв.м,,,
Tramonto dusk,1172,₽/кв.м,,,
Topaz gem,1271,₽/кв.м,,,
Timeline moment,2946,₽/кв.м,,,
Timeline matte era,2946,₽/кв.м,,,
Timeline epoch,2946,₽/кв.м,,,
Thor серый thunder,1468,₽/кв.м,,,
Thor серый shield,1468,₽/кв.м,,,
Thor серый power,1468,₽/кв.м,,,
Thor серый legend,1468,₽/кв.м,,,
Thor серый guardian,1468,₽/кв.м,,,
Thor серый forge,1468,₽/кв.м,,,
Thor бежежный storm,1468,₽/кв.м,,,
Thor бежевый valor,1468,₽/кв.м,,,
Thor бежевый might,1468,₽/кв.м,,,
Thor бежевый hammer,1468,₽/кв.м,,,
Terme spring,2060,₽/кв.м,,,
Terme flow,2060,₽/кв.м,,,
Tango step,1113,₽/кв.м,,,
Tango passion,1113,₽/кв.м,,,
Tango fire,1113,₽/кв.м,,,
Sunny glow,1764,₽/кв.м,,,
Sunny cheer,1764,₽/кв.м,,,
Storm surge,1428,₽/кв.м,,,
Stonela rock,2946,₽/кв.м,,,
Statuario Elite prestige,2749,₽/кв.м,,,
Stardust sparkle,2355,₽/кв.м,,,
Stardust shimmer,2355,₽/кв.м,,,
Stardust nebula,2355,₽/кв.м,,,
Stardust glitter,2355,₽/кв.м,,,
Stardust galaxy,2355,₽/кв.м,,,
Stardust cosmos,2355,₽/кв.м,,,
Stardust comet,2355,₽/кв.м,,,
Stain shadow,1301,₽/кв.м,,,
Spanito spark,2946,₽/кв.м,,,
Spanito glint,2946,₽/кв.м,,,
Somerset meadow,2060,₽/кв.м,,,
Somerset cider,2060,₽/кв.м,,,
Sombra veil,1271,₽/кв.м,,,
Sombra shade,1271,₽/кв.м,,,
Sombra phantom,1271,₽/кв.м,,,
Sombra enigma,1271,₽/кв.м,,,
Sombra depth,1271,₽/кв.м,,,
Solo_ focus,2454,₽/кв.м,,,
Solo PR solo,1232,₽/кв.м,,,
Solo PR essence,1232,₽/кв.м,,,
Solis sun,2651,₽/кв.м,,,
Sogdiana silk,3449,₽/кв.м,,,
Sogdiana road,3449,₽/кв.м,,,
Smoky haze,2848,₽/кв.м,,,
Smart wit,1862,₽/кв.м,,,
Slumber rest,1172,₽/кв.м,,,
Sintra dream,1113,₽/кв.м,,,
Silver luster,3735,₽/кв.м,,,
Sigma sum,1862,₽/кв.м,,,
Sigma sign,1862,₽/кв.м,,,
Sigma formula,1862,₽/кв.м,,,
Sierra range,3243,₽/кв.м,,,
Segovia aqueduct,2060,₽/кв.м,,,
Sandra poise,1301,₽/кв.м,,,
Samanta bloom,1172,₽/кв.м,,,
Saga epic,1764,₽/кв.м,,,
Sacramento river,2454,₽/кв.м,,,
Roxy bloom,1073,₽/кв.м,,,
Roxy aura,1073,₽/кв.м,,,
Romantic serenade,2257,₽/кв.м,,,
Romantic amore,2257,₽/кв.м,,,
Rocket trail,2060,₽/кв.м,,,
Rocket surge,2060,₽/кв.м,,,
Richard stone,1301,₽/кв.м,,,
Ravenna mosaic,2060,₽/кв.м,,,
Rapolano terroir,1428,₽/кв.м,,,
Rapolano earth,1428,₽/кв.м,,,
Rapolano clay,1428,₽/кв.м,,,
Princess tiara,2060,₽/кв.м,,,
Princess royal,2060,₽/кв.м,,,
Princess jewel,2060,₽/кв.м,,,
Pride honor,1468,₽/кв.м,,,
Pride crest,1468,₽/кв.м,,,
Piemonte vine,2946,₽/кв.м,,,
Piemonte hill,2946,₽/кв.м,,,
Pegasus flight,3341,₽/кв.м,,,
Paradise bliss,2946,₽/кв.м,,,
Atlant depth,1862,₽/кв.м,,,
Arrow flight,3755,₽/кв.м,,,
Armany prestige,1764,₽/кв.м,,,
Armany elegance,1764,₽/кв.м,,,
Aristocrat noble,2651,₽/кв.м,,,
Ariana air,2060,₽/кв.м,,,
Argos watch,3341,₽/кв.м,,,
Arcadia idyll,2060,₽/кв.м,,,
Apollo sun,3143,₽/кв.м,,,
Apollo moon,3143,₽/кв.м,,,
Antares темно-серый star,1428,₽/кв.м,,,
Antares темно-серый giant,1428,₽/кв.м,,,
Antares белый nova,1428,₽/кв.м,,,
Anima soul,2651,₽/кв.м,,,
Anima PR spirit,2651,₽/кв.м,,,
Anima PR core,2651,₽/кв.м,,,
Angel Statuario purity,2749,₽/кв.м,,,
Angel Statuario divine,2749,₽/кв.м,,,
Andrea courage,3833,₽/кв.м,,,
Anatolia land,3243,₽/кв.м,,,
Anatolia ancient,3243,₽/кв.м,,,
Amorantes love,2060,₽/кв.м,,,
Amare serenade,1301,₽/кв.м,,,
Amare embrace,1301,₽/кв.м,,,
Amalia grace,1300,₽/кв.м,,,
Amalia charm,1300,₽/кв.м,,,
Alfanzo noble,2970,₽/кв.м,,,
Alfanzo grace,2970,₽/кв.м,,,
Alcarz fort,2970,₽/кв.м,,,
Albus purity,1300,₽/кв.м,,,
Alaska frontier,1170,₽/кв.м,,,
Agra taj,3870,₽/кв.м,,,
Agra fort,3870,₽/кв.м,,,
Adani rise,3170,₽/кв.м,,,
Adani port,3170,₽/кв.м,,,
Accord harmony,2370,₽/кв.м,,,
Accord chord,2370,₽/кв.м,,,
White Heaven,2200,₽/кв.м,,,
Tokio Wood Crema,2200,₽/кв.м,,,
Terrazzo,2200,₽/кв.м,,,
Statuario Beige,2200,₽/кв.м,,,
Silver Gris,2200,₽/кв.м,,,
Sandra Dove,2200,₽/кв.м,,,
Perso Satuario,2200,₽/кв.м,,,
Parker Grey,2200,₽/кв.м,,,
Parker Bianco,2200,₽/кв.м,,,
Oxido Grey,2200,₽/кв.м,,,
Olga White,2200,₽/кв.м,,,
Marvel Gold,2200,₽/кв.м,,,
Marfil Classic,2200,₽/кв.м,,,
Madrid Dove,2200,₽/кв.м,,,
Luce Grey,2200,₽/кв.м,,,
Justu White,2200,₽/кв.м,,,
JD,2200,₽/кв.м,,,
Italiano Black,2200,₽/кв.м,,,
Indic Saphire,2200,₽/кв.м,,,
H3,2200,₽/кв.м,,,
Grand Armani Grey,2200,₽/кв.м,,,
Gleshire White,2200,₽/кв.м,,,
Genova Gris,2200,₽/кв.м,,,
Galaxy Grey,2200,₽/кв.м,,,
Galaxy Brown,2200,₽/кв.м,,,
Even White,2200,₽/кв.м,,,
Endmatch 60.60,1800,₽/кв.м,,,
Endmatch  60.120,2200,₽/кв.м,,,
Elite Satuario Grey,2200,₽/кв.м,,,
Egyptian Carbon,2200,₽/кв.м,,,
Country Wood Crema,2200,₽/кв.м,,,
Christ Ten,2200,₽/кв.м,,,
Charm White 60.60,1800,₽/кв.м,,,
Charm White  60.120,2200,₽/кв.м,,,
Centralia White Golden,2200,₽/кв.м,,,
Centralia White 3,2200,₽/кв.м,,,
Calacata Marmi,2200,₽/кв.м,,,
Brio Ivory,2200,₽/кв.м,,,
Brio Carbon,2200,₽/кв.м,,,
Atalantic Grey-R1,2200,₽/кв.м,,,
Arena Bianco,2200,₽/кв.м,,,
Arctic Statuario,1800,₽/кв.м,,,
Aquarius Onyx Grey,2200,₽/кв.м,,,
Antique grey,2200,₽/кв.м,,,
Angelo Stratuario 1,2200,₽/кв.м,,,
Angel White,2200,₽/кв.м,,,
Alex Light Grey R1,2200,₽/кв.м,,,
Pallada shine,3341,₽/кв.м,,,
Oscar award,2946,₽/кв.м,,,
Ortus genesis,1301,₽/кв.м,,,
Ortus dawn,1301,₽/кв.м,,,
Ortus bloom,1301,₽/кв.м,,,
Orinda grace,2749,₽/кв.м,,,
Orinda bloom,2749,₽/кв.м,,,
Opera aria,2946,₽/кв.м,,,
Onyx void,2257,₽/кв.м,,,
Onyx depth,2257,₽/кв.м,,,
Ontario breeze,1172,₽/кв.м,,,
Onega wave,1962,₽/кв.м,,,
Onega lake,1962,₽/кв.м,,,
Onega depth,1962,₽/кв.м,,,
Onda wave,2257,₽/кв.м,,,
Onda ripple,2257,₽/кв.м,,,
Onda flow,2257,₽/кв.м,,,
Omega infinity,2946,₽/кв.м,,,
Olivia_P bloom,3341,₽/кв.м,,,
Olivia petal,1303,₽/кв.м,,,
Olivia bloom,1303,₽/кв.м,,,
Olimpia games,3143,₽/кв.м,,,
Oleanna bloom,1172,₽/кв.м,,,
Oasis_ haven,1862,₽/кв.м,,,
Nylo thread,1962,₽/кв.м,,,
Nylo fiber,1965,₽/кв.м,,,
Nutwood grain,1301,₽/кв.м,,,
Nostrum essence,1428,₽/кв.м,,,
Nostrum cure,1428,₽/кв.м,,,
Norse saga,1468,₽/кв.м,,,
Norse rune,1468,₽/кв.м,,,
Norse myth,1468,₽/кв.м,,,
Norse helm,1468,₽/кв.м,,,
Norse fjord,1468,₽/кв.м,,,
Nioba tear,3243,₽/кв.м,,,
Nioba myth,3243,₽/кв.м,,,
Newton law,2060,₽/кв.м,,,
Newton gravity,2060,₽/кв.м,,,
New York tempo,1172,₽/кв.м,,,
New York pulse,1172,₽/кв.м,,,
Mumbai spice,3243,₽/кв.м,,,
Mumbai hub,3243,₽/кв.м,,,
Moonlight glow,2060,₽/кв.м,,,
Monza speed,1962,₽/кв.м,,,
Montera peak,2946,₽/кв.м,,,
Montecatini spring,1764,₽/кв.м,,,
Montecatini hill,1764,₽/кв.м,,,
Minger whisper,1271,₽/кв.м,,,
Miller Onyx mystery,2749,₽/кв.м,,,
Miller Onyx depth,2749,₽/кв.м,,,
Melissa bee,1468,₽/кв.м,,,
Medusa gaze,3735,₽/кв.м,,,
Maximus prime,2060,₽/кв.м,,,
Marmoles marble,2060,₽/кв.м,,,
Marmo vein,2552,₽/кв.м,,,
Marmo strata,2552,₽/кв.м,,,
Majestic reign,2503,₽/кв.м,,,
Majestic Luxe opulence,2503,₽/кв.м,,,
Majestic crown,2503,₽/кв.м,,,
Magic spell,2946,₽/кв.м,,,
Lumber timber,1301,₽/кв.м,,,
Lucciano light,2651,₽/кв.м,,,
Lucciano charm,2651,₽/кв.м,,,
Lonic vine,2454,₽/кв.м,,,
Lids shade,3243,₽/кв.м,,,
Lids cover,3243,₽/кв.м,,,
Levenburg grace,1271,₽/кв.м,,,
Levenburg charm,1271,₽/кв.м,,,
Leo roar,1301,₽/кв.м,,,
Leo pride,1301,₽/кв.м,,,
Leo mane,1301,₽/кв.м,,,
Legend myth,3735,₽/кв.м,,,
Laurent stream,1764,₽/кв.м,,,
Lakeside shore,2651,₽/кв.м,,,
Lakeside calm,2651,₽/кв.м,,,
Korinthos pillar,2749,₽/кв.м,,,
Korinthos order,2749,₽/кв.м,,,
Korinthos column,2749,₽/кв.м,,,
Korinthos classic,2749,₽/кв.м,,,
Kolan root,2749,₽/кв.м,,,
Kolan earth,2749,₽/кв.м,,,
Karakum dune,1172,₽/кв.м,,,
Juno queen,975,₽/кв.м,,,
Isfahan rug,3737,₽/кв.м,,,
Inspiro muse,1764,₽/кв.м,,,
Indigo dye,2848,₽/кв.м,,,
Imperador throne,2060,₽/кв.м,,,
Imperador reign,2060,₽/кв.м,,,
Hit impact,1468,₽/кв.м,,,
Helga shield,1172,₽/кв.м,,,
Harmony unity,2651,₽/кв.м,,,
Harmony symphony,2651,₽/кв.м,,,
Harmony peace,2651,₽/кв.м,,,
Harmony melody,2651,₽/кв.м,,,
Harmony chord,2651,₽/кв.м,,,
Harmony blend,2651,₽/кв.м,,,
Harmony balance,2651,₽/кв.м,,,
Harmony accord,2651,₽/кв.м,,,
Glissando sweep,2651,₽/кв.м,,,
Glissando slide,2651,₽/кв.м,,,
Glissando grace,2651,₽/кв.м,,,
Glissando flow,2651,₽/кв.м,,,
Geo stone,2651,₽/кв.м,,,
Geo earth,2651,₽/кв.м,,,
Garda lake,1862,₽/кв.м,,,
Gabriel message,2651,₽/кв.м,,,
Gabriel arch,2651,₽/кв.м,,,
Frost whisper,1301,₽/кв.м,,,
Freya goddess,3439,₽/кв.м,,,
Fontanedo fountain,1962,₽/кв.м,,,
Florida sun,1428,₽/кв.м,,,
Florida palm,1428,₽/кв.м,,,
Favorito star,2946,₽/кв.м,,,
Favorito gem,2946,₽/кв.м,,,
Favorito choice,2946,₽/кв.м,,,
Fame renown,1172,₽/кв.м,,,
Fabula tale,2651,₽/кв.м,,,
Everest peak,1862,₽/кв.м,,,
Espero hope,3341,₽/кв.м,,,
Esmeralda gem,3449,₽/кв.м,,,
Escada style,3735,₽/кв.м,,,
Escada grace,3735,₽/кв.м,,,
Ergon Aqua flow,1962,₽/кв.м,,,
Encanto spell,3143,₽/кв.м,,,
Encanto magic,3143,₽/кв.м,,,
Encanto charm,3143,₽/кв.м,,,
Encanto allure,3143,₽/кв.м,,,
Elegant Statuario grandeur,2749,₽/кв.м,,,
Elegant Statuario elegance,2749,₽/кв.м,,,
Edinburg spire,1073,₽/кв.м,,,
Edinburg mist,1073,₽/кв.м,,,
Dorato gild,3341,₽/кв.м,,,
Donna style,3143,₽/кв.м,,,
Donna muse,3143,₽/кв.м,,,
Donna lady,3143,₽/кв.м,,,
Donna grace,3143,₽/кв.м,,,
Denver peak,1428,₽/кв.м,,,
Denver mile,1428,₽/кв.м,,,
Delgado slim,1862,₽/кв.м,,,
Deimos orbit,975,₽/кв.м,,,
Decorum grace,3143,₽/кв.м,,,
Dacota plain,1428,₽/кв.м,,,
Crystal clarity,2060,₽/кв.м,,,
Crescendo rise,1172,₽/кв.м,,,
Cosy comfort,1428,₽/кв.м,,,
Corvina noir,1113,₽/кв.м,,,
Cortez sea,3243,₽/кв.м,,,
Coral Rock reef,1428,₽/кв.м,,,
Coral Rock lagoon,1428,₽/кв.м,,,
Coral Rock cove,1428,₽/кв.м,,,
Coral Rock atoll,1428,₽/кв.м,,,
Cometa tail,3833,₽/кв.м,,,
Colorado canyon,2946,₽/кв.м,,,
Cloud onyx mist,1665,₽/кв.м,,,
Chillout peace,2355,₽/кв.м,,,
Chillout calm,2355,₽/кв.м,,,
Charisma charm,3735,₽/кв.м,,,
Celino sky,2946,₽/кв.м,,,
Celestia sky,1764,₽/кв.м,,,
Cassini ring,2651,₽/кв.м,,,
Cassini probe,2651,₽/кв.м,,,
Carrara Bronze gleam,2355,₽/кв.м,,,
Carina keel,3833,₽/кв.м,,,
Canberra capital,3735,₽/кв.м,,,
Camlin stream,3143,₽/кв.м,,,
Camlin river,3143,₽/кв.м,,,
Camlin flow,3143,₽/кв.м,,,
Calacatta Royal splendor,936,₽/кв.м,,,
Calacatta Royal majesty,936,₽/кв.м,,,
Calacatta Imperial splendor,936,₽/кв.м,,,
Calacatta Imperial reign,936,₽/кв.м,,,
Calacatta Imperial crown,936,₽/кв.м,,,
Bottochino ink,2159,₽/кв.м,,,
Bottochino depth,2159,₽/кв.м,,,
Boreal taiga,1764,₽/кв.м,,,
Boreal forest,1764,₽/кв.м,,,
Boreal chill,1764,₽/кв.м,,,
Bolero dance,3143,₽/кв.м,,,
Bolero cloak,3143,₽/кв.м,,,
Bliss serenity,1862,₽/кв.м,,,
Bliss joy,1862,₽/кв.м,,,
Bliss euphoria,1862,₽/кв.м,,,
Bizarre oddity,3341,₽/кв.м,,,
Biscotti crunch,3735,₽/кв.м,,,
Bellagio fountain,1862,₽/кв.м,,,
Avery field,1962,₽/кв.м,,,
Aventin rise,1271,₽/кв.м,,,
Aventin peak,1271,₽/кв.м,,,
Avangard avant,1172,₽/кв.м,,,
Atlant tide,1862,₽/кв.м,,,
Atlant surge,1862,₽/кв.м,,,
Плитка Техногрес Пазолини 25x40 см,660,₽/кв.м,Бежевый,,
Плитка Техногрес Премиум 20x30 см,461,₽/кв.м,Белый,,
Плитка Техногрес Фрида 25x40 см,678,₽/кв.м,Темно-серая,,
Плитка Техногрес Фрида 25x40 см,689,₽/кв.м,Светло-серый,,
Плитка Техногрес светло-серая 30x30 см,815,₽/кв.м,Светло-серый,,
Плитка Техногрес Белая 20x30 см,526,₽/кв.м,Белый,,
Плитка Техногрес Бежевая 30x30 см,637,₽/кв.м,Бежевый,,
Плитка Техногрес Мона 20x30 см,439,₽/кв.м,Бежевый,,
Плитка облицовочная Юнона 200х300 (Желтый),589,₽/кв.м,Желтый.,,
Плитка облицовочная Юнона 200х300 (Желтый),589,₽/кв.м,Желтый.,,
Плитка облицовочная Юнона 200х300 (Желтый),589,₽/кв.м,Желтый.,,
Плитка облицовочная Юнона 200х300 (Серый),689,₽/кв.м,Серый.,,
Плитка облицовочная Юнона 200х300 (Серый),689,₽/кв.м,Серый.,,
Плитка облицовочная Юнона 200х300 (Серый),689,₽/кв.м,Серый.,,
Плитка облицовочная Ладога 200х300 (Голубой),689,₽/кв.м,Голубой.,,
Плитка облицовочная Ладога 200х300 (Розовый),689,₽/кв.м,Розовый.,,
Плитка облицовочная Ладога 200х300 (Розовый),689,₽/кв.м,Розовый.,,
Плитка облицовочная Ладога 200х300 (Розовый),689,₽/кв.м,Розовый.,,
Плитка керамогранит София 330х330,789,₽/кв.м,"Зеленый, голубой, розовый",,
Плитка керамогранит София 330х330,789,₽/кв.м,"Зеленый, голубой, розовый",,
Плитка керамогранит София 330х330,789,₽/кв.м,"Зеленый, голубой, розовый",,
Плитка керамогранит Венера 330х330,789,₽/кв.м,"Голубой, бежевый.",,
Плитка керамогранит Венера 330х330,789,₽/кв.м,"Голубой, бежевый.",,
Плитка керамогранит Венера 330х330,789,₽/кв.м,"Голубой, бежевый.",,
Сетка виниловые обои,2287,₽/рулон,,,
Кора виниловые обои,2287,₽/рулон,,,
Вьюга виниловые обои,2287,₽/рулон,,,
Бриз виниловые обои,2287,₽/рулон,,,
Берк обои виниловые,2287,₽/рулон,,,
Альтаир виниловые обои,2287,₽/рулон,,,
Winner Stadium Lights,2700,₽/рулон,,,
Магна Тёмно-серый цвет,2590,₽/рулон,,,
Обсидиан Светло-зеленый цвет,2590,₽/рулон,,,
Winner Laurel Green,2700,₽/рулон,,,
Tropic Banana Leaf,2590,₽/рулон,,,
Магна Бежевый цвет,2590,₽/рулон,,,
Tropic Ocean Teal,2590,₽/рулон,,,
Обсидиан Бежевый,2590,₽/рулон,Тёмно-серый,,
Магна Серый цвет,2590,₽/рулон,,,
Winner Podium Blue,2700,₽/рулон,,,
Tropic Hibiscus Bloom,2590,₽/рулон,,,
Магна Белый цвет,2590,₽/рулон,,,
Oliver 2 Dried Thyme,2650,₽/рулон,,,
Магна Черный цвет,2590,₽/рулон,,,
Oliver 2 Linen Ochre,2650,₽/рулон,,,
Oliver 2 Forest Charcoal,2650,₽/рулон,,,
Tropic Palm Jade,2590,₽/рулон,,,
Oliver 2 Burnt Clay,2650,₽/рулон,,,
Oliver 2 Stone Tannin,2650,₽/рулон,,,
Winner Trophy Brass,2700,₽/рулон,,,
The Best Titanium Shade,2700,₽/рулон,,,
The Best Diamond Frost,2700,₽/рулон,,,
The Best Eternal Beige,2700,₽/рулон,,,
The Best Cashmere Mist,2700,₽/рулон,,,
The Best Crown Gold,2700,₽/рулон,,,
The Best Velvet Noir,2700,₽/рулон,,,
The Best Platinum Silk,2700,₽/рулон,,,
Winner Champion Red,2700,₽/рулон,,,
Winner Gold Medal,2700,₽/рулон,,,
Arta Bauhaus Red,2700,₽/рулон,,,
Arta Sculptor's Stone,2700,₽/рулон,,,
Arta Fresco Terracotta,2700,₽/рулон,,,
Arta Clay Palette,2700,₽/рулон,,,
Arta Brushstroke,2700,₽/рулон,,,
Arta Canvas White,2700,₽/рулон,,,
Travel Wall Postcard Red,2700,₽/рулон,,,
Travel Wall Sunrise Departure,2700,₽/рулон,,,
Travel Wall Vintage Map,2700,₽/рулон,,,
Travel Wall Jetstream Blue,2700,₽/рулон,,,
Travel Wall Suitcase Taupe,2700,₽/рулон,,,
Обсидиан Тёмно-беженый цвет,2590,₽/рулон,,,
Friburg Medieval Ink,2290,₽/рулон,,,
Friburg Chalet Wood,2290,₽/рулон,,,
Friburg Chestnut Lane,2290,₽/рулон,,,
Friburg Glacier Blue,2290,₽/рулон,,,
Friburg Old Town Taupe,2290,₽/рулон,,,
Friburg Alpine Meadow,2290,₽/рулон,,,
Friburg Cathedral Stone,2290,₽/рулон,,,
Oliver Thyme Mist,2290,₽/рулон,,,
Oliver Canvas Taupe,2290,₽/рулон,,,
Oliver Stonewashed,2290,₽/рулон,,,
Olive Branch,2290,₽/рулон,,,
Oliver Wheat Whisper,2290,₽/рулон,,,
Oliver Moss Veil,2290,₽/рулон,,,
Oliver Sage Grain,2290,₽/рулон,,,
Oliver Linen Dusk,2290,₽/рулон,,,
Paris Moulin Rouge,2610,₽/рулон,,,
Portugal Fado Navy,2610,₽/рулон,,,
Portugal Douro Valley,2610,₽/рулон,,,
Portugal Lisbon Sunset,2610,₽/рулон,,,
Portugal Porto Wine,2610,₽/рулон,,,
Portugal Algarve Sand,2610,₽/рулон,,,
Portugal Azulejo Blue,2610,₽/рулон,,,
Paris Eiffel Iron,2610,₽/рулон,,,
Paris Louvre Beige,2610,₽/рулон,,,
Paris Patisserie Cream,2610,₽/рулон,,,
Paris Seine Blue,2610,₽/рулон,,,
Polynesia Sunset Glow,2590,₽/рулон,,,
Polynesia Ocean Depth,2590,₽/рулон,,,
Polynesia Hibiscus Pink,2590,₽/рулон,,,
Polynesia Tiki Fire,2590,₽/рулон,,,
Polynesia Coral Bloom,2590,₽/рулон,,,
Polynesia Palm Jade,2590,₽/рулон,,,
Polynesia Lagoon Teal,2590,₽/рулон,,,
Multicolor 2 Sugar Swirl,2590,₽/рулон,,,
Multicolor 2 Pop Art Sky,2590,₽/рулон,,,
Multicolor 2 Kaleido Mist,2590,₽/рулон,,,
Multicolor 2 Pixel Garden,2590,₽/рулон,,,
Multicolor 2 Carnival Dust,2590,₽/рулон,,,
Multicolor 2 Mosaic Breeze,2590,₽/рулон,,,
Multicolor 2 Confetti Dream,2590,₽/рулон,,,
Multicolor 2 Prism Bloom,2590,₽/рулон,,,
Обсидиан Белый цвет,2590,₽/рулон,Белый,,
Monochrome Dove Carbon,2320,₽/рулон,,,
Monochrome Silver Grain,2320,₽/рулон,,,
Monochrome Frosted Ebony,2320,₽/рулон,,,
Monochrome Iron Mist,2320,₽/рулон,,,
Monochrome Pearl Smoke,2320,₽/рулон,,,
Monochrome Moonstone Shadow,2320,₽/рулон,,,
Monochrome Charcoal Lace,2320,₽/рулон,,,
Monochrome Graphite Veil,2320,₽/рулон,,,
Monochrome Alabaster Whisper,2320,₽/рулон,,,
TREND Glam Shimmering Nude,2700,₽/рулон,,,
TREND Glam Frosted Lavender,2700,₽/рулон,,,
TREND Glam Dusted Rose Gold,2700,₽/рулон,,,
TREND Glam Moonlit Silk,2700,₽/рулон,,,
TREND Glam Crystal Bloom,2700,₽/рулон,,,
TREND Glam Opal Whisper,2700,₽/рулон,,,
TREND Glam Velvet Dawn,2700,₽/рулон,,,
TREND Glam Gilded Mist,2700,₽/рулон,,,
TREND Glam Blush Chiffon,2700,₽/рулон,,,
TREND Glam Pearl Mirage,2700,₽/рулон,,,
TREND Geo Chalk Horizon,2610,₽/рулон,,,
TREND Geo Desert Veil,2610,₽/рулон,,,
TREND Geo Pearl Ash,2610,₽/рулон,,,
TREND Geo Frosted Mint,2610,₽/рулон,,,
TREND Geo Blushed Cloud,2610,₽/рулон,,,
TREND Geo Misty Dune,2610,₽/рулон,,,
TREND Archway Sky Cotton,2720,₽/рулон,,,
TREND Archway Lilac Dream,2720,₽/рулон,,,
TREND Archway Velvet Dawn,2720,₽/рулон,,,
TREND Archway Sand Haze,2720,₽/рулон,,,
TREND Archway Mint Breeze,2720,₽/рулон,,,
TREND Archway Dusty Rose,2720,₽/рулон,,,
TREND Archway Morning Mist,2720,₽/рулон,,,
TREND Archway Lavender Whisper,2720,₽/рулон,,,
Обсидиан Тёмно-серый цвет,2590,₽/рулон,,,
Хлоя Тёмно-серый цвет,2290,₽/рулон,Тёмно-серый,,
Хлоя Серый цвет,2290,₽/рулон,Тёмно-серый,,
Хлоя Коричневый цвет,2290,₽/рулон,,,
Хлоя Бежевый цвет,2290,₽/рулон,,,
Хлоя белый цвет,2290,₽/рулон,Тёмно-серый,,
Арктика Белый,2290,₽/рулон,Светло-серый,,
Арктика Бежевый,2290,₽/рулон,,,
Арктика Коричневый,2290,₽/рулон,Светло-серый,,
Арктика Серый,2290,₽/рулон,Светло-серый,,
Арктика Светло-серый,2290,₽/рулон,Светло-серый,,
Pineapple Gold,2590,₽/рулон,,,
Магна Бежевый цвет,2590,₽/рулон,,,
Tropic Ocean Teal,2590,₽/рулон,,,
Обсидиан Бежевый,2590,₽/рулон,Тёмно-серый,,
Магна Серый цвет,2590,₽/рулон,,,
Winner Podium Blue,2700,₽/рулон,,,
Tropic Hibiscus Bloom,2590,₽/рулон,,,
Магна Белый цвет,2590,₽/рулон,,,
Oliver 2 Dried Thyme,2650,₽/рулон,,,
Магна Черный цвет,2590,₽/рулон,,,
Oliver 2 Linen Ochre,2650,₽/рулон,,,
Oliver 2 Forest Charcoal,2650,₽/рулон,,,
Tropic Palm Jade,2590,₽/рулон,,,
Oliver 2 Burnt Clay,2650,₽/рулон,,,
Oliver 2 Stone Tannin,2650,₽/рулон,,,
Winner Trophy Brass,2700,₽/рулон,,,
The Best Titanium Shade,2700,₽/рулон,,,
The Best Diamond Frost,2700,₽/рулон,,,
The Best Eternal Beige,2700,₽/рулон,,,
The Best Cashmere Mist,2700,₽/рулон,,,
The Best Crown Gold,2700,₽/рулон,,,
The Best Velvet Noir,2700,₽/рулон,,,
The Best Platinum Silk,2700,₽/рулон,,,
Winner Champion Red,2700,₽/рулон,,,
Winner Gold Medal,2700,₽/рулон,,,
Arta Bauhaus Red,2700,₽/рулон,,,
Arta Sculptor's Stone,2700,₽/рулон,,,
Arta Fresco Terracotta,2700,₽/рулон,,,
Arta Clay Palette,2700,₽/рулон,,,
Arta Brushstroke,2700,₽/рулон,,,
Arta Canvas White,2700,₽/рулон,,,
Travel Wall Postcard Red,2700,₽/рулон,,,
Travel Wall Sunrise Departure,2700,₽/рулон,,,
Travel Wall Vintage Map,2700,₽/рулон,,,
Travel Wall Jetstream Blue,2700,₽/рулон,,,
Travel Wall Suitcase Taupe,2700,₽/рулон,,,
Обсидиан Тёмно-беженый цвет,2590,₽/рулон,,,
Friburg Medieval Ink,2290,₽/рулон,,,
Friburg Chalet Wood,2290,₽/рулон,,,
Friburg Chestnut Lane,2290,₽/рулон,,,
Friburg Glacier Blue,2290,₽/рулон,,,
Friburg Old Town Taupe,2290,₽/рулон,,,
Friburg Alpine Meadow,2290,₽/рулон,,,
Friburg Cathedral Stone,2290,₽/рулон,,,
Oliver Thyme Mist,2290,₽/рулон,,,
Oliver Canvas Taupe,2290,₽/рулон,,,
Oliver Stonewashed,2290,₽/рулон,,,
Olive Branch,2290,₽/рулон,,,
Oliver Wheat Whisper,2290,₽/рулон,,,
Oliver Moss Veil,2290,₽/рулон,,,
Oliver Sage Grain,2290,₽/рулон,,,
Oliver Linen Dusk,2290,₽/рулон,,,
Paris Moulin Rouge,2610,₽/рулон,,,
Portugal Fado Navy,2610,₽/рулон,,,
Portugal Douro Valley,2610,₽/рулон,,,
Portugal Lisbon Sunset,2610,₽/рулон,,,
Portugal Porto Wine,2610,₽/рулон,,,
Portugal Algarve Sand,2610,₽/рулон,,,
Portugal Azulejo Blue,2610,₽/рулон,,,
Paris Eiffel Iron,2610,₽/рулон,,,
Paris Louvre Beige,2610,₽/рулон,,,
Paris Patisserie Cream,2610,₽/рулон,,,
Paris Seine Blue,2610,₽/рулон,,,
Polynesia Sunset Glow,2590,₽/рулон,,,
Polynesia Ocean Depth,2590,₽/рулон,,,
Polynesia Hibiscus Pink,2590,₽/рулон,,,
Polynesia Tiki Fire,2590,₽/рулон,,,
Polynesia Coral Bloom,2590,₽/рулон,,,
Polynesia Palm Jade,2590,₽/рулон,,,
Polynesia Lagoon Teal,2590,₽/рулон,,,
Multicolor 2 Sugar Swirl,2590,₽/рулон,,,
Multicolor 2 Pop Art Sky,2590,₽/рулон,,,
Multicolor 2 Kaleido Mist,2590,₽/рулон,,,
Multicolor 2 Pixel Garden,2590,₽/рулон,,,
Multicolor 2 Carnival Dust,2590,₽/рулон,,,
Multicolor 2 Mosaic Breeze,2590,₽/рулон,,,
Multicolor 2 Confetti Dream,2590,₽/рулон,,,
Multicolor 2 Prism Bloom,2590,₽/рулон,,,
Обсидиан Белый цвет,2590,₽/рулон,Белый,,
Monochrome Dove Carbon,2320,₽/рулон,,,
Monochrome Silver Grain,2320,₽/рулон,,,
Monochrome Frosted Ebony,2320,₽/рулон,,,
Monochrome Iron Mist,2320,₽/рулон,,,
Monochrome Pearl Smoke,2320,₽/рулон,,,
Monochrome Moonstone Shadow,2320,₽/рулон,,,
Monochrome Charcoal Lace,2320,₽/рулон,,,
Monochrome Graphite Veil,2320,₽/рулон,,,
Monochrome Alabaster Whisper,2320,₽/рулон,,,
TREND Glam Shimmering Nude,2700,₽/рулон,,,
TREND Glam Frosted Lavender,2700,₽/рулон,,,
TREND Glam Dusted Rose Gold,2700,₽/рулон,,,
TREND Glam Moonlit Silk,2700,₽/рулон,,,
TREND Glam Crystal Bloom,2700,₽/рулон,,,
TREND Glam Opal Whisper,2700,₽/рулон,,,
TREND Glam Velvet Dawn,2700,₽/рулон,,,
TREND Glam Gilded Mist,2700,₽/рулон,,,
TREND Glam Blush Chiffon,2700,₽/рулон,,,
TREND Glam Pearl Mirage,2700,₽/рулон,,,
TREND Geo Chalk Horizon,2610,₽/рулон,,,
TREND Geo Desert Veil,2610,₽/рулон,,,
TREND Geo Pearl Ash,2610,₽/рулон,,,
TREND Geo Frosted Mint,2610,₽/рулон,,,
TREND Geo Blushed Cloud,2610,₽/рулон,,,
TREND Geo Misty Dune,2610,₽/рулон,,,
TREND Archway Sky Cotton,2720,₽/рулон,,,
TREND Archway Lilac Dream,2720,₽/рулон,,,
TREND Archway Velvet Dawn,2720,₽/рулон,,,
TREND Archway Sand Haze,2720,₽/рулон,,,
TREND Archway Mint Breeze,2720,₽/рулон,,,
TREND Archway Dusty Rose,2720,₽/рулон,,,
TREND Archway Morning Mist,2720,₽/рулон,,,
TREND Archway Lavender Whisper,2720,₽/рулон,,,
Обсидиан Тёмно-серый цвет,2590,₽/рулон,,,
Хлоя Тёмно-серый цвет,2290,₽/рулон,Тёмно-серый,,
Хлоя Серый цвет,2290,₽/рулон,Тёмно-серый,,
Хлоя Коричневый цвет,2290,₽/рулон,,,
Хлоя Бежевый цвет,2290,₽/рулон,,,
Хлоя белый цвет,2290,₽/рулон,Тёмно-серый,,
Арктика Белый,2290,₽/рулон,Светло-серый,,
Арктика Бежевый,2290,₽/рулон,,,
Арктика Коричневый,2290,₽/рулон,Светло-серый,,
Арктика Серый,2290,₽/рулон,Светло-серый,,
Арктика Светло-серый,2290,₽/рулон,Светло-серый,,
Сетка виниловые обои,2287,₽/рулон,,,
Крис виниловые обои,2287,₽/рулон,,,
Кора виниловые обои,2287,₽/рулон,,,
Вьюга виниловые обои,2287,₽/рулон,,,
Бриз виниловые обои,2287,₽/рулон,,,
Берк обои виниловые,2287,₽/рулон,,,
Альтаир виниловые обои,2287,₽/рулон,,,
Winner Stadium Lights,2700,₽/рулон,,,
Магна Тёмно-серый цвет,2590,₽/рулон,,,
Обсидиан Светло-зеленый цвет,2590,₽/рулон,,,
Winner Laurel Green,2700,₽/рулон,,,
Tropic Banana Leaf,2590,₽/рулон,,,
Стеклохолст X-Glass 40 гр/м.кв (1м х 50м),2580.55,₽/ рулон,,,
Стеклохолст малярный SD-GLASS 40 гр/м.кв. (1м х 50м),1919,₽/ рулон,,,
Стеклохолст Wellton W45 (50 м2),3006.77,₽/ комплект,,,
Материал кровельный Техноэласт ЭКП-5.3,522,₽/кв.м,,,
Материал звукоизоляционный Техноэласт Акустик,599,₽/кв.м,,,
Техноэласт Альфа ЭПП 10 м2,839,₽/кв.м,,,
Техноэласт Вент ЭКВ-6 8 м2,552,₽/кв.м,,,
Техноэласт Грин ЭКП 10 м2,1029,₽/кв.м,,,
Техноэласт Грин ЭПП-5 10 м2,897,₽/кв.м,,,
Техноэласт Декор ЭКП-5.4 10 м2,670,₽/кв.м,,,
Техноэласт Грин ЭПП-5 10 м²,897,₽/кв.м,,,
Техноэласт Альфа ЭПП 10 м²,839,₽/кв.м,,,
"Рулонная гидроизоляция ТЕХНОНИКОЛЬ Флекс 500, 4 м2",1287,₽/пог. м,,,
Гидрошпонка ПВХ 20м,1172,₽/кв.м,,,
Пароизоляционная мембрана Паробарьер СФ 1000,477,₽/кв.м,,,
Пароизоляционная мембрана Паробарьер СА 500 108 см,353,₽/кв.м,,,
Унифлекс (white pack) ТПП,381.44,₽/кв.м,,,
Бикрост ТКП сланец серый 10 м2,260.26,₽/кв.м,,,
Бикрост ТПП 15 м2,231.63,₽/кв.м,,,
Бикрост ХКП сланец серый 10 м2,227.73,₽/кв.м,,,
Бикрост ХПП 15 м2,191.95,₽/кв.м,,,
Биполь ТКП сланец серый 10 м2,321.42,₽/кв.м,,,
Биполь ТПП 15 м2,295.3,₽/кв.м,,,
Биполь ХКП сланец серый 10 м2,266.27,₽/кв.м,,,
Биполь ХПП 15 м2,240.24,₽/кв.м,,,
Биполь ЭКП сланец серый 10 м2,345.35,₽/кв.м,,,
Биполь ЭПП 15 м2,317.32,₽/кв.м,,,
Гидроизоляция пола ТехноНИКОЛЬ 7.5 м2,392.39,₽/кв.м,,,
Гидроизоляция плоской кровли ТехноНИКОЛЬ 8 м2,513.51,₽/кв.м,,,
Звукоизоляция пола ТехноНИКОЛЬ 7 м2,3647.52,₽/рулон,,,
Линокром ТКП РЕМ сланец серый 8 м2,313.31,₽/кв.м,,,
Линокром ТКП сланец серый 10 м2,291.29,₽/кв.м,,,
Линокром ТПП 15 м2,265.27,₽/кв.м,,,
Линокром ХПП 15 м2,200.2,₽/кв.м,,,
Отсечная гидроизоляция ТехноНИКОЛЬ 200,48.15,₽/кв.м,,,
Линокром ХКП сланец серый 10 м2,239.24,₽/кв.м,,,
Линокром ХКП сланец зеленый 10 м2,244.24,₽/кв.м,,,
Отсечная гидроизоляция ТехноНИКОЛЬ 400,88.09,₽/кв.м,,,
Отсечная гидроизоляция ТехноНИКОЛЬ 600,127.13,₽/кв.м,,,
Паробарьер СА 500 108 см.,354.35,₽/кв.м,,,
Стеклоизол Р ТКП сланец серый 9 м2,194.19,₽/кв.м,,,
Стеклоизол Р ТПП 9 м2,156.16,₽/кв.м,,,
Стеклоизол Р ХКП сланец серый 9 м2,154.15,₽/кв.м,,,
Стеклоизол Р ХПП 9 м2,127.13,₽/кв.м,,,
Стеклоизол ТКП 4.0 сланец серый 10 м2,207.21,₽/кв.м,,,
Стеклоизол ТПП 3.0 15 м2,192.19,₽/кв.м,,,
Стеклоизол ХКП 4.0 сланец серый 10 м2,194.19,₽/кв.м,,,
Стеклоизол ХПП 3.0 15 м2,164.16,₽/кв.м,,,
Унифлекс Вент ЭПВ 10 м2,446.45,₽/кв.м,,,
Унифлекс ТКП сланец серый 10 м2,454.45,₽/кв.м,,,
Унифлекс ТПП 10 м2,393.39,₽/кв.м,,,
Унифлекс ХКП сланец серый 10 м2,384.38,₽/кв.м,,,
Унифлекс ХПП 10 м2,325.33,₽/кв.м,,,
Унифлекс ЭКП сланец серый 10 м2,480.48,₽/кв.м,,,
Унифлекс ЭПП 10 м2,416.42,₽/кв.м,,,
Битум 70/30 25кг ,2730,₽/шт,,,
Битум 90/10 25кг ,2665,₽/шт,,,
Битум БНК 90/30 крафт-мешок 25кг,2067,₽/шт,,,
Герметик №45 бутилкаучуковый (межпанельный) серый 16 кг.,10463.7,₽/шт,,,
Мастика битумная AquaMast 18 кг. (фундамент),4739.8,₽/шт,,,
Мастика битумно-резиновая AquaMast 18 кг. (кровля),5239,₽/шт,,,
Мастика битумная универсальная 18л. ТУ,1625,₽/шт,,,
Мастика БПХ ТЕХНОМАСТ №21 10 кг.,5509.4,₽/шт,,,
Мастика БПХ ТЕХНОМАСТ №21 20 кг.,11018.8,₽/шт,,,
Мастика защитная алюминевая №57 20 кг.,25383.8,₽/шт,,,
Мастика кровельная эмульсионная №31 18 кг.,11033.1,₽/шт,,,
Мастика гидроизоляционная ТехноНИКОЛЬ № 24 (МГТН) 10 кг.,3395.6,₽/шт,,,
Мастика гидроизоляционная ТехноНИКОЛЬ № 24 (МГТН) 20 кг.,6791.2,₽/шт,,,
Мастика приклеивающая №22 Вишера 20 кг.,10479.3,₽/шт,,,
Мастика приклеивающая №27 22 кг.,7460.7,₽/шт,,,
Мастика ФИКСЕР в картридже 310 мл.,566.8,₽/шт,,,
Праймер битумный AquaMast 10 л.,4262,₽/шт,,,
Праймер битумный AquaMast 18 л.,4850.3,₽/шт,,,
Праймер битумный ТН №01 10 л.,3264.3,₽/шт,,,
Праймер битумный ТН №01 20 л.,6531.2,₽/шт,,,
Праймер битумный эмульсионный ТН №04 16 кг.,3617.9,₽/шт,,,
Праймер битумный 18 л ТУ ,1794,₽/шт,,,
Рубероид РКП-350 Самарский (15 м2),1387,₽/рулон,,,
Рубероид РКП-350 Самарский (15 м2) ТУ,1195.21,₽/рулон,,,
Рубероид РКК-350 Самарский (10 м2),1352.01,₽/рулон,,,
Рубероид Самарский РПП-300 (15 кв.м.),854.11,₽/рулон,,,
Рубероид РПП-350 (15 кв.м.),715.01,₽/рулон,,,
Бордюр дорожный 1000х300х150 / гладкая поверхность цвет серый,637,₽/шт,серый,,
Поребрик 1000х200х80 / гладкая поверхность цвет серый,383.5,₽/шт,серый,,
Поребрик 1000х200х60 / гладкая поверхность цвет серый,357.5,₽/шт,серый,,
Лоток малый 500х200х60 / гладкая поверхность цвет серый,299,₽/шт,серый,,
Поребрик шарнирный / гладкая поверхность,124,₽/шт,серый,,
Тротуарная плитка «Классико 40 мм» / гладкая поверхность цвет белый,1352,₽/кв.м,белый,,
Тротуарная плитка «Классико 40 мм» / гладкая поверхность цвет желтый,1258.4,₽/кв.м,желтый,,
Тротуарная плитка «Классико 40 мм» / гладкая поверхность цвет черный,1320,₽/кв.м,черный,,
Тротуарная плитка «Классико 40 мм» / гладкая поверхность цвет красный,1227.2,₽/кв.м,красный,,
Тротуарная плитка «Классико 40 мм» / гладкая поверхность цвет коричневый,1320.8,₽/кв.м,коричневый,,
Тротуарная плитка «Классико 40 мм» / гладкая поверхность цвет серый,1061,₽/кв.м,серый,,
Брусчатка 60 мм / гладкая поверхность цвет белый,1684.8,₽/кв.м,белый,,
Брусчатка 60 мм / гладкая поверхность цвет желтый,1268,₽/кв.м,желтый,,
Брусчатка 60 мм / гладкая поверхность цвет ультра-белый,1807,₽/кв.м,ультра-белый,,
Брусчатка 60 мм / гладкая поверхность цвет бежевый,1755,₽/кв.м,бежевый,,
Брусчатка 60 мм / гладкая поверхность цвет черный,1674.4,₽/кв.м,черный,,
Брусчатка 60 мм / гладкая поверхность цвет красный,1466.4,₽/кв.м,красный,,
Брусчатка 60 мм / гладкая поверхность цвет коричневый,1674.4,₽/кв.м,коричневый,,
Брусчатка 60 мм / гладкая поверхность цвет серый,1331.2,₽/кв.м,серый,,
"Тротуарная плитка ""Санторини 60 мм"" / гладкая поверхность.цвет макадам",2080,₽/кв.м,макадам,,
"Тротуарная плитка Мультитек 60 мм"" / гладкая поверхность цвет белый",2275,₽/кв.м,белый,,
"Тротуарная плитка Мультитек 60 мм"" / гладкая поверхность цвет ультра-белый",1885,₽/кв.м,ультра-белый,,
"Тротуарная плитка Мультитек 60 мм"" / гладкая поверхность цвет коричневый",2080,₽/кв.м,коричневый,,
"Тротуарная плитка Мультитек 60 мм"" / гладкая поверхность цвет серый",1404,₽/кв.м,серый,,
"Тротуарная плитка Мультитек 60 мм"" / гладкая поверхность цвет песочный",2540,₽/кв.м,песочный,,
"Тротуарная плитка ""Классико 40 мм"" / гладкая поверхность цвет терракота",1950,₽/кв.м,терракота,,
"Тротуарная плитка ""Классико 40 мм"" / гладкая поверхность цвет сансет",2015,₽/кв.м,сансет,,
Тротуарная плитка Глади / промывной гранит цвет серый,1469,₽/кв.м,серый,,
Тротуарная плитка Глади / непромывной гранит цвет ультра-белый,2288,₽/кв.м,ультра-белый,,
Тротуарная плитка Глади / непромывной гранит цвет серый,1768,₽/кв.м,серый,,
"Тротуарная плитка ""Аурико 40 мм"" / гладкая поверхность цвет песочный",1573,₽/кв.м,песочный,,
Тротуарная плитка Глади / гладкая поверхность цвет ультра-белый,1950,₽/кв.м,ультра-белый,,
Тротуарная плитка Глади / гладкая поверхность цвет серый,1469,₽/кв.м,серый,,
"Тротуарная плитка ""Лагранж 60 мм"" / непромывной гранит цвет терракота",2548,₽/кв.м,терракота,,
"Тротуарная плитка ""Лагранж 60 мм"" / непромывной гранит цвет сансет",2366,₽/кв.м,сансет,,
"Тротуарная плитка ""Лагранж 60 мм"" / непромывной гранит цвет сахара",2548,₽/кв.м,сахара,,
"Тротуарная плитка ""Лагранж 60 мм"" / непромывной гранит цвет амбер",2548,₽/кв.м,амбер,,
"Тротуарная плитка ""Лагранж 60 мм"" / гладкая поверхность цвет макадам",2080,₽/кв.м,макадам,,
"Тротуарная плитка ""Лагранж 60 мм"" / гладкая поверхность цвет терракота",2275,₽/кв.м,терракота,,
"Тротуарная плитка ""Лагранж 60 мм"" / гладкая поверхность цвет сансет",2080,₽/кв.м,сансет,,
"Тротуарная плитка ""Лагранж 60 мм"" / гладкая поверхность цвет папирус",2275,₽/кв.м,папирус,,
"Тротуарная плитка ""Лагранж 60 мм"" / гладкая поверхность цвет орлеан",2275,₽/кв.м,орлеан,,
"Тротуарная плитка ""Лагранж 60 мм"" / гладкая поверхность цвет амбер",2275,₽/кв.м,амбер,,
"Тротуарная плитка ""Лагранж 60 мм"" / гладкая поверхность цвет сахара",2275,₽/кв.м,сахара,,
Брусчатка 80 мм / гладкая поверхность цвет коричневый,1950,₽/кв.м,коричневый,,
Брусчатка 80 мм / гладкая поверхность цвет серый,1742,₽/кв.м,серый,,
"Тротуарная плитка ""Лагранж 60 мм"" / непромывной гранит цвет черный",2067,₽/кв.м,черный,,
"Тротуарная плитка ""Лагранж 60 мм"" / непромывной гранит цвет темно-серый",1833,₽/кв.м,темно-серый,,
"Тротуарная плитка ""Лагранж 60 мм"" / непромывной гранит цвет серый",1716,₽/кв.м,серый,,
Брусчатка 60 мм / промывной гранит Купер цвет серый,1300,₽/кв.м,серый,,
Брусчатка 60 мм / непромывной гранит цвет терракота,2444,₽/кв.м,терракота,,
Брусчатка 60 мм / непромывной гранит цвет сансет,2288,₽/кв.м,сансет,,
Брусчатка 60 мм / непромывной гранит цвет муссон,2444,₽/кв.м,муссон,,
Брусчатка 40 мм / промывной гранит Купер цвет ультра-белый,1651,₽/кв.м,ультра-белый,,
"Тротуарная плитка ""Дакота 40 мм"" / непромывной гранит цвет черный",1898,₽/кв.м,черный,,
"Тротуарная плитка ""Дакота 40 мм"" / непромывной гранит цвет коричневый",1846,₽/кв.м,коричневый,,
"Тротуарная плитка ""Дакота 40 мм"" / непромывной гранит цвет желтый",1963,₽/кв.м,желтый,,
Брусчатка 40 мм / непромывной гранит цвет сансет,2106,₽/кв.м,сансет,,
Брусчатка 40 мм / непромывной гранит цвет муссон,2301,₽/кв.м,муссон,,
Брусчатка 40 мм / непромывной гранит цвет амиант,2106,₽/кв.м,амиант,,
Брусчатка 40 мм / непромывной гранит цвет авант,2106,₽/кв.м,авант,,
Брусчатка 40 мм / непромывной гранит цвет серый,1469,₽/кв.м,серый,,
"Тротуарная плитка ""Дакота 40 мм"" / гладкая поверхность цвет оранжевый",1625,₽/кв.м,оранжевый,,
"Тротуарная плитка ""Дакота 40 мм"" / гладкая поверхность цвет черный",1404,₽/кв.м,черный,,
"Тротуарная плитка ""Дакота 40 мм"" / гладкая поверхность цвет темно-серый",1300,₽/кв.м,темно-серый,,
"Тротуарная плитка ""Дакота 40 мм"" / гладкая поверхность цвет светло-коричневый",1495,₽/кв.м,светло-коричневый,,
"Тротуарная плитка ""Дакота 40 мм"" / гладкая поверхность цвет красный",1391,₽/кв.м,красный,,
"Тротуарная плитка ""Дакота 40 мм"" / гладкая поверхность цвет коричневый",1391,₽/кв.м,коричневый,,
"Тротуарная плитка ""Дакота 40 мм"" / гладкая поверхность цвет желтый",1612,₽/кв.м,желтый,,
"Тротуарная плитка ""Дакота 40 мм"" / гладкая поверхность цвет ультра-белый",1716,₽/кв.м,ультра-белый,,
"Тротуарная плитка ""Дакота 40 мм"" / гладкая поверхность цвет серый",1196,₽/кв.м,серый,,
Брусчатка 40 мм / гладкая поверхность цвет белый,1352,₽/кв.м,белый,,
Брусчатка 40 мм / гладкая поверхность цвет желтый,1217,₽/кв.м,желтый,,
Брусчатка 40 мм / гладкая поверхность цвет ультра-белый,1300,₽/кв.м,ультра-белый,,
Брусчатка 40 мм / гладкая поверхность цвет красный,1040,₽/кв.м,красный,,
Брусчатка 40 мм / гладкая поверхность цвет коричневый,1040,₽/кв.м,коричневый,,
Брусчатка 40 мм / гладкая поверхность цвет горчичный,1430,₽/кв.м,горчичный,,
Брусчатка 40 мм / гладкая поверхность цвет серый,873.8,₽/кв.м,серый,,
"Тротуарная плитка ""Дакота 60 мм"" / непромывной гранит цвет сахара",2548,₽/кв.м,сахара,,
"Тротуарная плитка ""Дакота 60 мм"" / непромывной гранит цвет муссон",2548,₽/кв.м,муссон,,
"Тротуарная плитка ""Дакота 60 мм"" / непромывной гранит цвет маренго",2366,₽/кв.м,маренго,,
"Тротуарная плитка ""Дакота 60 мм"" / непромывной гранит цвет амбер",2548,₽/кв.м,амбер,,
"Тротуарная плитка ""Дакота 60 мм"" / непромывной гранит цвет амиант",2366,₽/кв.м,амиант,,
Брусчатка 40 мм / гладкая поверхность Extra цвет каллисто,1560,₽/кв.м,каллисто,,
Брусчатка 40 мм / гладкая поверхность Extra цвет авант,1435,₽/кв.м,авант,,
Брусчатка 100 мм / гладкая поверхность цвет желтый,2574,₽/кв.м,желтый,,
Брусчатка 100 мм / гладкая поверхность цвет черный,2301,₽/кв.м,черный,,
Брусчатка 100 мм / гладкая поверхность цвет серый,2145,₽/кв.м,серый,,
Тротуарная плитка «Аурико 60 мм» / промывной гранит Купер цвет ультра-белый,1488,₽/кв.м,ультра-белый,,
"Тротуарная плитка ""Дакота 60 мм"" / непромывной гранит цвет черный",2067,₽/кв.м,черный,,
"Тротуарная плитка ""Дакота 60 мм"" / непромывной гранит цвет коричневый",1976,₽/кв.м,коричневый,,
"Тротуарная плитка ""Дакота 60 мм"" / непромывной гранит цвет желтый",2158,₽/кв.м,желтый,,
Тротуарная плитка «Аурико 60 мм» / непромывной гранит цвет терракота,2548,₽/кв.м,терракота,,
Тротуарная плитка «Аурико 60 мм» / непромывной гранит цвет амбер,2548,₽/кв.м,амбер,,
Тротуарная плитка «Аурико 60 мм» / непромывной гранит цвет сансет,2366,₽/кв.м,сансет,,
Тротуарная плитка «Аурико 60 мм» / непромывной гранит цвет муссон,2548,₽/кв.м,муссон,,
Тротуарная плитка «Аурико 40 мм» / непромывной гранит цвет сахара,2366,₽/кв.м,сахара,,
Тротуарная плитка «Аурико 40 мм» / непромывной гранит цвет орлеан,2366,₽/кв.м,орлеан,,
Тротуарная плитка «Аурико 40 мм» / непромывной гранит цвет сансет,2171,₽/кв.м,сансет,,
Тротуарная плитка «Аурико 40 мм» / гладкая поверхность цвет амбер,2015,₽/кв.м,амбер,,
Тротуарная плитка «Аурико 40 мм» / гладкая поверхность цвет сансет,1859,₽/кв.м,сансет,,
Тротуарная плитка «Аурико 40 мм» / гладкая поверхность цвет желтый,1612,₽/кв.м,желтый,,
Тротуарная плитка «Аурико 40 мм» / гладкая поверхность цвет ульра-белый,1716,₽/кв.м,ультра-белый,,
Тротуарная плитка «Аурико 40 мм» / гладкая поверхность цвет красный,1391,₽/кв.м,красный,,
Тротуарная плитка «Аурико 40 мм» / гладкая поверхность цвет коричневый,1391,₽/кв.м,коричневый,,
Тротуарная плитка «Аурико 40 мм» / гладкая поверхность цвет серый,1196,₽/кв.м,серый,,
Тротуарная плитка «Санторини» / непромывной гранит цвет орлеан,2548,₽/кв.м,орлеан,,
Тротуарная плитка «Санторини» / непромывной гранит цвет сансет,2366,₽/кв.м,сансет,,
Тротуарная плитка «Санторини» / гладкая поверхность цвет сахара,2275,₽/кв.м,сахара,,
Тротуарная плитка «Санторини» / гладкая поверхность цвет сансет,2080,₽/кв.м,сансет,,
Тротуарная плитка «Санторини» / гладкая поверхность цвет айрон,2080,₽/кв.м,айрон,,
Тротуарная плитка Ромб / гладкая поверхность цвет желтый,1716,₽/кв.м,желтый,,
Тротуарная плитка Ромб / гладкая поверхность цвет ультра-белый,1807,₽/кв.м,ультра-белый,,
Тротуарная плитка Ромб / гладкая поверхность цвет красный,1495,₽/кв.м,красный,,
Тротуарная плитка Ромб / гладкая поверхность цвет коричневый,1495,₽/кв.м,коричневый,,
Тротуарная плитка Ромб / гладкая поверхность цвет серый,1300,₽/кв.м,серый,,
Тротуарная плитка «Арт-Сити» / гладкая поверхность цвет белый,1612,₽/кв.м,белый,,
Тротуарная плитка «Арт-Сити» / гладкая поверхность цвет желтый,1404,₽/кв.м,желтый,,
Тротуарная плитка «Арт-Сити» / гладкая поверхность цвет ультра-белый,1487,₽/кв.м,ультра-белый,,
Тротуарная плитка «Арт-Сити» / гладкая поверхность цвет черный,1248,₽/кв.м,черный,,
Тротуарная плитка «Арт-Сити» / гладкая поверхность цвет темно-серый,1495,₽/кв.м,темно-серый,,
Тротуарная плитка «Арт-Сити» / гладкая поверхность цвет красный,1586,₽/кв.м,красный,,
Тротуарная плитка «Арт-Сити» / гладкая поверхность цвет коричневый,1238,₽/кв.м,коричневый,,
Тротуарная плитка «Арт-Сити» / гладкая поверхность цвет серый,1092,₽/кв.м,серый,,
Тротуарная плитка «Ретро» / непромывной гранит цвет сахара,1768,₽/кв.м,сахара,,
Тротуарная плитка «Ретро» / непромывной гранит цвет сансет,1633,₽/кв.м,сансет,,
Тротуарная плитка «Ретро» / непромывной гранит цвет авант,1633,₽/кв.м,авант,,
Тротуарная плитка «Ретро» / гладкая поверхность цвет сахара,1768,₽/кв.м,сахара,,
Тротуарная плитка «Ретро» / гладкая поверхность цвет сансет,1633,₽/кв.м,сансет,,
Тротуарная плитка «Арена» / непромывной гранит цвет ультра-белый,2249,₽/кв.м,ультра-белый,,
Тротуарная плитка «Арена» / непромывной гранит цвет серый,1716,₽/кв.м,серый,,
Тротуарная плитка «Ретро» / гладкая поверхность цвет серый,1092,₽/кв.м,серый,,
Тротуарная плитка Коллекция «Арена» / гладкая поверхность цвет ультра-белый,2249,₽/кв.м,ультра-белый,,
Тротуарная плитка Коллекция «Арена» / гладкая поверхность цвет серый,1124,₽/кв.м,серый,,
Тротуарная плитка Коллекция «Классико 40 мм» / гладкая поверхность цвет сансет,1633,₽/кв.м,сансет,,
Тротуарная плитка Коллекция «Классико 40 мм» / гладкая поверхность цвет терракота,1768,₽/кв.м,терракота,,
"Тротуарная плитка ""Лагранж 60 мм"" / гладкая поверхность цвет черный",1586,₽/кв.м,черный,,
"Тротуарная плитка ""Лагранж 60 мм"" / гладкая поверхность цвет темно-серый",1495,₽/кв.м,темно-серый,,
"Тротуарная плитка ""Лагранж 60 мм"" / гладкая поверхность цвет красный",1586,₽/кв.м,красный,,
"Тротуарная плитка ""Лагранж 60 мм"" / гладкая поверхность цвет коричневый",1586,₽/кв.м,коричневый,,
"Тротуарная плитка ""Лагранж 60 мм"" / гладкая поверхность цвет желтый",1794,₽/кв.м,желтый,,
"Тротуарная плитка ""Лагранж 60 мм"" / гладкая поверхность цвет ультра-белый",1885,₽/кв.м,ультра-белый,,
"Тротуарная плитка ""Лагранж 60 мм"" / гладкая поверхность цвет белый",1612,₽/кв.м,белый,,
"Тротуарная плитка ""Лагранж 60 мм"" / гладкая поверхность цвет бежевый",1794,₽/кв.м,бежевый,,
"Тротуарная плитка ""Лагранж 60 мм"" / гладкая поверхность цвет серый",1404,₽/кв.м,серый,,
Брусчатка 60 мм / гладкая поверхность цвет терракота,1560,₽/кв.м,терракота,,
Брусчатка 60 мм / гладкая поверхность цвет сахара,1726,₽/кв.м,сахара,,
Брусчатка 60 мм / гладкая поверхность цвет амбер,1560,₽/кв.м,амбер,,
Брусчатка 60 мм / гладкая поверхность цвет сансет,1540,₽/кв.м,сансет,,
Брусчатка 60 мм / гладкая поверхность цвет муссон,1674,₽/кв.м,муссон,,
Брусчатка 60 мм / гладкая поверхность цвет айрон,1674,₽/кв.м,айрон,,
Брусчатка 60 мм / гладкая поверхность цвет индиго,1674,₽/кв.м,индиго,,
"Тротуарная плитка ""Дакота 40 мм"" / гладкая поверхность цвет терракота",1560,₽/кв.м,терракота,,
"Тротуарная плитка ""Дакота 40 мм"" / гладкая поверхность цвет сахара",2015,₽/кв.м,сахара,,
"Тротуарная плитка ""Дакота 40 мм"" / гладкая поверхность цвет сансет",1435,₽/кв.м,сансет,,
"Тротуарная плитка ""Дакота 40 мм"" / гладкая поверхность цвет папирус",1560,₽/кв.м,папирус,,
"Тротуарная плитка ""Дакота 40 мм"" / гладкая поверхность цвет орлеан",2015,₽/кв.м,орлеан,,
"Тротуарная плитка ""Дакота 40 мм"" / гладкая поверхность цвет мустанг",2015,₽/кв.м,мустанг,,
"Тротуарная плитка ""Дакота 40 мм"" / гладкая поверхность цвет муссон",1560,₽/кв.м,муссон,,
"Тротуарная плитка ""Дакота 40 мм"" / гладкая поверхность цвет маренго",1436,₽/кв.м,маренго,,
"Тротуарная плитка ""Дакота 40 мм"" / гладкая поверхность цвет каллисто",1560,₽/кв.м,каллисто,,
"Тротуарная плитка ""Дакота 40 мм"" / гладкая поверхность цвет индиго",2015,₽/кв.м,индиго,,
"Тротуарная плитка ""Дакота 40 мм"" / гладкая поверхность цвет амиант",1859,₽/кв.м,амиант,,
"Тротуарная плитка ""Дакота 40 мм"" / гладкая поверхность цвет айрон",2015,₽/кв.м,айрон,,
"Тротуарная плитка ""Дакота 40 мм"" / гладкая поверхность цвет амбер",1560,₽/кв.м,амбер,,
Брусчатка 40 мм / гладкая поверхность цвет терракота,1560,₽/кв.м,терракота,,
Брусчатка 40 мм / гладкая поверхность цвет орлеан,1950,₽/кв.м,орлеан,,
Брусчатка 40 мм / гладкая поверхность цвет амбер,1560,₽/кв.м,амбер,,
Брусчатка 40 мм / гладкая поверхность цвет сансет,1436,₽/кв.м,сансет,,
Брусчатка 40 мм / гладкая поверхность цвет индиго,1560,₽/кв.м,индиго,,
Брусчатка 40 мм / гладкая поверхность цвет авант,1436,₽/кв.м,авант,,
Брусчатка 40 мм / гладкая поверхность цвет айрон,1794,₽/кв.м,айрон,,
Тротуарная плитка «Аурико 60 мм» / гладкая поверхность цвет сахара,1768,₽/кв.м,сахара,,
Тротуарная плитка «Аурико 60 мм» / гладкая поверхность цвет амбер,2275,₽/кв.м,амбер,,
Тротуарная плитка «Аурико 60 мм» / гладкая поверхность цвет калисто,2275,₽/кв.м,калисто,,
Тротуарная плитка «Аурико 60 мм» / гладкая поверхность цвет сансет,1633,₽/кв.м,сансет,,
"Тротуарная плитка ""Дакота 60 мм"" / гладкая поверхность цвет оранжевый",1820,₽/кв.м,оранжевый,,
"Тротуарная плитка ""Дакота 60 мм"" / гладкая поверхность цвет черный",1586,₽/кв.м,черный,,
"Тротуарная плитка ""Дакота 60 мм"" / гладкая поверхность цвет темно-серый",1495,₽/кв.м,темно-серый,,
"Тротуарная плитка ""Дакота 60 мм"" / гладкая поверхность цвет светло-коричневый",1677,₽/кв.м,светло-коричневый,,
"Тротуарная плитка  ""Дакота 60 мм"" / гладкая поверхность цвет красный",1586,₽/кв.м,красный,,
"Тротуарная плитка  ""Дакота 60 мм"" / гладкая поверхность цвет коричневый",1238,₽/кв.м,коричневый,,
"Тротуарная плитка  ""Дакота 60 мм"" / гладкая поверхность цвет желтый",1404,₽/кв.м,желтый,,
"Тротуарная плитка  ""Дакота 60 мм"" / гладкая поверхность цвет песочный",1651,₽/кв.м,песочный,,
"Тротуарная плитка  ""Дакота 60 мм"" / гладкая поверхность цвет ультра-белый",1885,₽/кв.м,ультра-белый,,
"Тротуарная плитка  ""Дакота 60 мм"" / гладкая поверхность цвет бежевый",1794,₽/кв.м,бежевый,,
"Тротуарная плитка  ""Дакота 60 мм"" / гладкая поверхность цвет серый",1092,₽/кв.м,серый,,
Тротуарная плитка «Арт-Сити» / гладкая поверхность цвет коллисто,1768,₽/кв.м,коллисто,,
Тротуарная плитка «Арт-Сити» / гладкая поверхность цвет амиант,2080,₽/кв.м,амиант,,
Тротуарная плитка «Арт-Сити» / гладкая поверхность цвет сансет,1633,₽/кв.м,сансет,,
Тротуарная плитка «Арт-Сити» / гладкая поверхность цвет айрон,2080,₽/кг,айрон,,
Тротуарная плитка «Арт-Сити» / гладкая поверхность цвет тауп,2080,₽/кв.м,тауп,,
Тротуарная плитка «Арт-Сити» / гладкая поверхность цвет мустанг,1768,₽/кв.м,мустанг,,
Тротуарная плитка «Мультитек 60 мм» / непромывной гранит цвет муссон,1976,₽/кв.м,муссон,,
Тротуарная плитка «Мультитек 60 мм» / гладкая поверхность цвет маренго,2366,₽/кв.м,маренго,,
Тротуарная плитка «Мультитек 60 мм» / гладкая поверхность цвет терракота,1768,₽/кв.м,терракота,,
Тротуарная плитка «Мультитек 60 мм» / гладкая поверхность цвет сансет,1633,₽/кв.м,сансет,,
Тротуарная плитка «Мультитек 60 мм» / гладкая поверхность цвет муссон,2275,₽/кв.м,муссон,,
Тротуарная плитка «Мультитек 60 мм» / гладкая поверхность цвет айрон,2080,₽/кв.м,айрон,,
Тротуарная плитка «Мультитек 60 мм» / гладкая поверхность цвет тауп,2080,₽/кв.м,тауп,,
Тротуарная плитка «Мультитек 60 мм» / гладкая поверхность цвет калисто,1768,₽/кв.м,калисто,,
Брусчатка 60 мм / гладкая поверхность цвет белый,1684.8,₽/кв.м,белый,,
Брусчатка 60 мм / гладкая поверхность цвет желтый,1268,₽/кв.м,желтый,,
Брусчатка 60 мм / гладкая поверхность цвет ультра-белый,1807,₽/кв.м,ультра-белый,,
Брусчатка 60 мм / гладкая поверхность цвет бежевый,1755,₽/кв.м,бежевый,,
Брусчатка 60 мм / гладкая поверхность цвет черный,1674.4,₽/кв.м,черный,,
Брусчатка 60 мм / гладкая поверхность цвет красный,1466.4,₽/кв.м,красный,,
Брусчатка 60 мм / гладкая поверхность цвет коричневый,1674.4,₽/кв.м,коричневый,,
Брусчатка 60 мм / гладкая поверхность цвет серый,1331.2,₽/кв.м,серый,,
Брусчатка 80 мм / гладкая поверхность цвет красный,1950,₽/кв.м,красный,,
Брусчатка 80 мм / гладкая поверхность цвет коричневый,1950,₽/кв.м,коричневый,,
Брусчатка 80 мм / гладкая поверхность цвет серый,1742,₽/кв.м,серый,,
Брусчатка 60 мм / промывной гранит Купер цвет серый,1300,₽/кв.м,серый,,
Брусчатка 60 мм / непромывной гранит цвет терракота,2444,₽/кв.м,терракота,,
Брусчатка 60 мм / непромывной гранит цвет сансет,2288,₽/кв.м,сансет,,
Брусчатка 60 мм / непромывной гранит цвет муссон,2444,₽/кв.м,муссон,,
Брусчатка 40 мм / промывной гранит Купер цвет ультра-белый,1651,₽/кв.м,ультра-белый,,
Брусчатка 40 мм / непромывной гранит цвет амбер,2301,₽/кв.м,амбер,,
Брусчатка 40 мм / непромывной гранит цвет сансет,2106,₽/кв.м,сансет,,
Брусчатка 40 мм / непромывной гранит цвет муссон,2301,₽/кв.м,муссон,,
Брусчатка 40 мм / непромывной гранит цвет амиант,2106,₽/кв.м,амиант,,
Брусчатка 40 мм / непромывной гранит цвет авант,2106,₽/кв.м,авант,,
Брусчатка 40 мм / непромывной гранит цвет серый,1469,₽/кв.м,серый,,
Брусчатка 40 мм / гладкая поверхность цвет белый,1352,₽/кв.м,белый,,
Брусчатка 40 мм / гладкая поверхность цвет желтый,1217,₽/кв.м,желтый,,
Брусчатка 40 мм / гладкая поверхность цвет ультра-белый,1300,₽/кв.м,ультра-белый,,
Брусчатка 40 мм / гладкая поверхность цвет красный,1040,₽/кв.м,красный,,
Брусчатка 40 мм / гладкая поверхность цвет коричневый,1040,₽/кв.м,коричневый,,
Брусчатка 40 мм / гладкая поверхность цвет горчичный,1430,₽/кв.м,горчичный,,
Брусчатка 40 мм / гладкая поверхность цвет серый,873.8,₽/кв.м,серый,,
Брусчатка 40 мм / гладкая поверхность Extra цвет каллисто,1560,₽/кв.м,каллисто,,
Брусчатка 40 мм / гладкая поверхность Extra цвет авант,1435,₽/кв.м,авант,,
Брусчатка 100 мм / гладкая поверхность цвет желтый,2574,₽/кв.м,желтый,,
Брусчатка 100 мм / гладкая поверхность цвет черный,2301,₽/кв.м,черный,,
Брусчатка 100 мм / гладкая поверхность цвет серый,2145,₽/кв.м,серый,,
Брусчатка 60 мм / гладкая поверхность цвет терракота,1560,₽/кв.м,терракота,,
Брусчатка 60 мм / гладкая поверхность цвет сахара,1726,₽/кв.м,сахара,,
Брусчатка 60 мм / гладкая поверхность цвет амбер,1560,₽/кв.м,амбер,,
Брусчатка 60 мм / гладкая поверхность цвет сансет,1540,₽/кв.м,сансет,,
Брусчатка 60 мм / гладкая поверхность цвет муссон,1674,₽/кв.м,муссон,,
Брусчатка 60 мм / гладкая поверхность цвет айрон,1674,₽/кв.м,айрон,,
Брусчатка 60 мм / гладкая поверхность цвет индиго,1674,₽/кв.м,индиго,,
Брусчатка 40 мм / гладкая поверхность цвет терракота,1560,₽/кв.м,терракота,,
Брусчатка 40 мм / гладкая поверхность цвет орлеан,1950,₽/кв.м,орлеан,,
Брусчатка 40 мм / гладкая поверхность цвет амбер,1560,₽/кв.м,амбер,,
Брусчатка 40 мм / гладкая поверхность цвет сансет,1436,₽/кв.м,сансет,,
Брусчатка 40 мм / гладкая поверхность цвет индиго,1560,₽/кв.м,индиго,,
Брусчатка 40 мм / гладкая поверхность цвет авант,1436,₽/кв.м,авант,,
Брусчатка 40 мм / гладкая поверхность цвет айрон,1794,₽/кв.м,айрон,,
Бордюр дорожный 1000х300х180 / гладкая поверхность цвет серый,1034.8,₽/шт,серый,,
Бордюр дорожный 1000х300х150 / гладкая поверхность цвет серый,637,₽/шт,серый,,
Поребрик 1000х200х80 / гладкая поверхность цвет серый,383.5,₽/шт,серый,,
Поребрик 1000х200х60 / гладкая поверхность цвет серый,357.5,₽/шт,серый,,
Лоток малый 500х200х60 / гладкая поверхность цвет серый,299,₽/шт,серый,,
Поребрик шарнирный / гладкая поверхность,124,₽/шт,серый,,
Тротуарная плитка «Классико 40 мм» / промывной гранит Купер цвет ультра-белый,1326,₽/кв.м,ультра-белый,,
Тротуарная плитка «Классико 40 мм» / гладкая поверхность цвет белый,1352,₽/кв.м,белый,,
Тротуарная плитка «Классико 40 мм» / гладкая поверхность цвет желтый,1258.4,₽/кв.м,желтый,,
Тротуарная плитка «Классико 40 мм» / гладкая поверхность цвет черный,1320,₽/кв.м,черный,,
Тротуарная плитка «Классико 40 мм» / гладкая поверхность цвет красный,1227.2,₽/кв.м,красный,,
Тротуарная плитка «Классико 40 мм» / гладкая поверхность цвет коричневый,1320.8,₽/кв.м,коричневый,,
Тротуарная плитка «Классико 40 мм» / гладкая поверхность цвет серый,1061,₽/кв.м,серый,,
"Тротуарная плитка ""Санторини 60 мм"" / гладкая поверхность.цвет макадам",2080,₽/кв.м,макадам,,
"Тротуарная плитка Мультитек 60 мм"" / гладкая поверхность цвет белый",2275,₽/кв.м,белый,,
"Тротуарная плитка Мультитек 60 мм"" / гладкая поверхность цвет ультра-белый",1885,₽/кв.м,ультра-белый,,
"Тротуарная плитка Мультитек 60 мм"" / гладкая поверхность цвет коричневый",2080,₽/кв.м,коричневый,,
"Тротуарная плитка Мультитек 60 мм"" / гладкая поверхность цвет серый",1404,₽/кв.м,серый,,
"Тротуарная плитка Мультитек 60 мм"" / гладкая поверхность цвет песочный",2540,₽/кв.м,песочный,,
"Тротуарная плитка ""Классико 40 мм"" / гладкая поверхность цвет терракота",1950,₽/кв.м,терракота,,
"Тротуарная плитка ""Классико 40 мм"" / гладкая поверхность цвет сансет",2015,₽/кв.м,сансет,,
Тротуарная плитка Глади / промывной гранит цвет серый,1469,₽/кв.м,серый,,
Тротуарная плитка Глади / непромывной гранит цвет ультра-белый,2288,₽/кв.м,ультра-белый,,
Тротуарная плитка Глади / непромывной гранит цвет серый,1768,₽/кв.м,серый,,
"Тротуарная плитка ""Аурико 40 мм"" / гладкая поверхность цвет песочный",1573,₽/кв.м,песочный,,
Тротуарная плитка Глади / гладкая поверхность цвет ультра-белый,1950,₽/кв.м,ультра-белый,,
Тротуарная плитка Глади / гладкая поверхность цвет серый,1469,₽/кв.м,серый,,
"Тротуарная плитка ""Лагранж 60 мм"" / непромывной гранит цвет терракота",2548,₽/кв.м,терракота,,
"Тротуарная плитка ""Лагранж 60 мм"" / непромывной гранит цвет сансет",2366,₽/кв.м,сансет,,
"Тротуарная плитка ""Лагранж 60 мм"" / непромывной гранит цвет сахара",2548,₽/кв.м,сахара,,
"Тротуарная плитка ""Лагранж 60 мм"" / непромывной гранит цвет амбер",2548,₽/кв.м,амбер,,
"Тротуарная плитка ""Лагранж 60 мм"" / гладкая поверхность цвет макадам",2080,₽/кв.м,макадам,,
"Тротуарная плитка ""Лагранж 60 мм"" / гладкая поверхность цвет терракота",2275,₽/кв.м,терракота,,
"Тротуарная плитка ""Лагранж 60 мм"" / гладкая поверхность цвет сансет",2080,₽/кв.м,сансет,,
"Тротуарная плитка ""Лагранж 60 мм"" / гладкая поверхность цвет папирус",2275,₽/кв.м,папирус,,
"Тротуарная плитка ""Лагранж 60 мм"" / гладкая поверхность цвет орлеан",2275,₽/кв.м,орлеан,,
"Тротуарная плитка ""Лагранж 60 мм"" / гладкая поверхность цвет амбер",2275,₽/кв.м,амбер,,
"Тротуарная плитка ""Лагранж 60 мм"" / гладкая поверхность цвет сахара",2275,₽/кв.м,сахара,,
"Тротуарная плитка ""Лагранж 60 мм"" / непромывной гранит цвет черный",2067,₽/кв.м,черный,,
"Тротуарная плитка ""Лагранж 60 мм"" / непромывной гранит цвет темно-серый",1833,₽/кв.м,темно-серый,,
"Тротуарная плитка ""Лагранж 60 мм"" / непромывной гранит цвет серый",1716,₽/кв.м,серый,,
"Тротуарная плитка ""Дакота 40 мм"" / непромывной гранит цвет черный",1898,₽/кв.м,черный,,
"Тротуарная плитка ""Дакота 40 мм"" / непромывной гранит цвет коричневый",1846,₽/кв.м,коричневый,,
"Тротуарная плитка ""Дакота 40 мм"" / непромывной гранит цвет желтый",1963,₽/кв.м,желтый,,
"Тротуарная плитка ""Дакота 40 мм"" / гладкая поверхность цвет оранжевый",1625,₽/кв.м,оранжевый,,
"Тротуарная плитка ""Дакота 40 мм"" / гладкая поверхность цвет черный",1404,₽/кв.м,черный,,
"Тротуарная плитка ""Дакота 40 мм"" / гладкая поверхность цвет темно-серый",1300,₽/кв.м,темно-серый,,
"Тротуарная плитка ""Дакота 40 мм"" / гладкая поверхность цвет светло-коричневый",1495,₽/кв.м,светло-коричневый,,
"Тротуарная плитка ""Дакота 40 мм"" / гладкая поверхность цвет красный",1391,₽/кв.м,красный,,
"Тротуарная плитка ""Дакота 40 мм"" / гладкая поверхность цвет коричневый",1391,₽/кв.м,коричневый,,
"Тротуарная плитка ""Дакота 40 мм"" / гладкая поверхность цвет желтый",1612,₽/кв.м,желтый,,
"Тротуарная плитка ""Дакота 40 мм"" / гладкая поверхность цвет ультра-белый",1716,₽/кв.м,ультра-белый,,
"Тротуарная плитка ""Дакота 40 мм"" / гладкая поверхность цвет серый",1196,₽/кв.м,серый,,
"Тротуарная плитка ""Дакота 60 мм"" / непромывной гранит цвет сахара",2548,₽/кв.м,сахара,,
"Тротуарная плитка ""Дакота 60 мм"" / непромывной гранит цвет муссон",2548,₽/кв.м,муссон,,
"Тротуарная плитка ""Дакота 60 мм"" / непромывной гранит цвет маренго",2366,₽/кв.м,маренго,,
"Тротуарная плитка ""Дакота 60 мм"" / непромывной гранит цвет амбер",2548,₽/кв.м,амбер,,
"Тротуарная плитка ""Дакота 60 мм"" / непромывной гранит цвет амиант",2366,₽/кв.м,амиант,,
Тротуарная плитка «Аурико 60 мм» / промывной гранит Купер цвет ультра-белый,1488,₽/кв.м,ультра-белый,,
"Тротуарная плитка ""Дакота 60 мм"" / непромывной гранит цвет черный",2067,₽/кв.м,черный,,
"Тротуарная плитка ""Дакота 60 мм"" / непромывной гранит цвет коричневый",1976,₽/кв.м,коричневый,,
"Тротуарная плитка ""Дакота 60 мм"" / непромывной гранит цвет желтый",2158,₽/кв.м,желтый,,
Тротуарная плитка «Аурико 60 мм» / непромывной гранит цвет терракота,2548,₽/кв.м,терракота,,
Тротуарная плитка «Аурико 60 мм» / непромывной гранит цвет амбер,2548,₽/кв.м,амбер,,
Тротуарная плитка «Аурико 60 мм» / непромывной гранит цвет сансет,2366,₽/кв.м,сансет,,
Тротуарная плитка «Аурико 60 мм» / непромывной гранит цвет муссон,2548,₽/кв.м,муссон,,
Тротуарная плитка «Аурико 40 мм» / непромывной гранит цвет сахара,2366,₽/кв.м,сахара,,
Тротуарная плитка «Аурико 40 мм» / непромывной гранит цвет орлеан,2366,₽/кв.м,орлеан,,
Тротуарная плитка «Аурико 40 мм» / непромывной гранит цвет сансет,2171,₽/кв.м,сансет,,
Тротуарная плитка «Аурико 40 мм» / гладкая поверхность цвет амбер,2015,₽/кв.м,амбер,,
Тротуарная плитка «Аурико 40 мм» / гладкая поверхность цвет сансет,1859,₽/кв.м,сансет,,
Тротуарная плитка «Аурико 40 мм» / гладкая поверхность цвет желтый,1612,₽/кв.м,желтый,,
Тротуарная плитка «Аурико 40 мм» / гладкая поверхность цвет ульра-белый,1716,₽/кв.м,ультра-белый,,
Тротуарная плитка «Аурико 40 мм» / гладкая поверхность цвет красный,1391,₽/кв.м,красный,,
Тротуарная плитка «Аурико 40 мм» / гладкая поверхность цвет коричневый,1391,₽/кв.м,коричневый,,
Тротуарная плитка «Аурико 40 мм» / гладкая поверхность цвет серый,1196,₽/кв.м,серый,,
Тротуарная плитка «Санторини» / непромывной гранит цвет орлеан,2548,₽/кв.м,орлеан,,
Тротуарная плитка «Санторини» / непромывной гранит цвет сансет,2366,₽/кв.м,сансет,,
Тротуарная плитка «Санторини» / гладкая поверхность цвет сахара,2275,₽/кв.м,сахара,,
Тротуарная плитка «Санторини» / гладкая поверхность цвет сансет,2080,₽/кв.м,сансет,,
Тротуарная плитка «Санторини» / гладкая поверхность цвет айрон,2080,₽/кв.м,айрон,,
Тротуарная плитка Ромб / гладкая поверхность цвет желтый,1716,₽/кв.м,желтый,,
Тротуарная плитка Ромб / гладкая поверхность цвет ультра-белый,1807,₽/кв.м,ультра-белый,,
Тротуарная плитка Ромб / гладкая поверхность цвет красный,1495,₽/кв.м,красный,,
Тротуарная плитка Ромб / гладкая поверхность цвет коричневый,1495,₽/кв.м,коричневый,,
Тротуарная плитка Ромб / гладкая поверхность цвет серый,1300,₽/кв.м,серый,,
Тротуарная плитка «Арт-Сити» / гладкая поверхность цвет белый,1612,₽/кв.м,белый,,
Тротуарная плитка «Арт-Сити» / гладкая поверхность цвет желтый,1404,₽/кв.м,желтый,,
Тротуарная плитка «Арт-Сити» / гладкая поверхность цвет ультра-белый,1487,₽/кв.м,ультра-белый,,
Тротуарная плитка «Арт-Сити» / гладкая поверхность цвет черный,1248,₽/кв.м,черный,,
Тротуарная плитка «Арт-Сити» / гладкая поверхность цвет темно-серый,1495,₽/кв.м,темно-серый,,
Тротуарная плитка «Арт-Сити» / гладкая поверхность цвет красный,1586,₽/кв.м,красный,,
Тротуарная плитка «Арт-Сити» / гладкая поверхность цвет коричневый,1238,₽/кв.м,коричневый,,
Тротуарная плитка «Арт-Сити» / гладкая поверхность цвет серый,1092,₽/кв.м,серый,,
Тротуарная плитка «Ретро» / непромывной гранит цвет сахара,1768,₽/кв.м,сахара,,
Тротуарная плитка «Ретро» / непромывной гранит цвет сансет,1633,₽/кв.м,сансет,,
Тротуарная плитка «Ретро» / непромывной гранит цвет авант,1633,₽/кв.м,авант,,
Тротуарная плитка «Ретро» / гладкая поверхность цвет сахара,1768,₽/кв.м,сахара,,
Тротуарная плитка «Ретро» / гладкая поверхность цвет сансет,1633,₽/кв.м,сансет,,
Тротуарная плитка «Арена» / непромывной гранит цвет ультра-белый,2249,₽/кв.м,ультра-белый,,
Тротуарная плитка «Арена» / непромывной гранит цвет серый,1716,₽/кв.м,серый,,
Тротуарная плитка «Ретро» / гладкая поверхность цвет серый,1092,₽/кв.м,серый,,
Тротуарная плитка Коллекция «Арена» / гладкая поверхность цвет ультра-белый,2249,₽/кв.м,ультра-белый,,
Тротуарная плитка Коллекция «Арена» / гладкая поверхность цвет серый,1124,₽/кв.м,серый,,
Тротуарная плитка Коллекция «Классико 40 мм» / гладкая поверхность цвет сансет,1633,₽/кв.м,сансет,,
Тротуарная плитка Коллекция «Классико 40 мм» / гладкая поверхность цвет терракота,1768,₽/кв.м,терракота,,
"Тротуарная плитка ""Лагранж 60 мм"" / гладкая поверхность цвет черный",1586,₽/кв.м,черный,,
"Тротуарная плитка ""Лагранж 60 мм"" / гладкая поверхность цвет темно-серый",1495,₽/кв.м,темно-серый,,
"Тротуарная плитка ""Лагранж 60 мм"" / гладкая поверхность цвет красный",1586,₽/кв.м,красный,,
"Тротуарная плитка ""Лагранж 60 мм"" / гладкая поверхность цвет коричневый",1586,₽/кв.м,коричневый,,
"Тротуарная плитка ""Лагранж 60 мм"" / гладкая поверхность цвет желтый",1794,₽/кв.м,желтый,,
"Тротуарная плитка ""Лагранж 60 мм"" / гладкая поверхность цвет ультра-белый",1885,₽/кв.м,ультра-белый,,
"Тротуарная плитка ""Лагранж 60 мм"" / гладкая поверхность цвет белый",1612,₽/кв.м,белый,,
"Тротуарная плитка ""Лагранж 60 мм"" / гладкая поверхность цвет бежевый",1794,₽/кв.м,бежевый,,
"Тротуарная плитка ""Лагранж 60 мм"" / гладкая поверхность цвет серый",1404,₽/кв.м,серый,,
"Тротуарная плитка ""Дакота 40 мм"" / гладкая поверхность цвет терракота",1560,₽/кв.м,терракота,,
"Тротуарная плитка ""Дакота 40 мм"" / гладкая поверхность цвет сахара",2015,₽/кв.м,сахара,,
"Тротуарная плитка ""Дакота 40 мм"" / гладкая поверхность цвет сансет",1435,₽/кв.м,сансет,,
"Тротуарная плитка ""Дакота 40 мм"" / гладкая поверхность цвет папирус",1560,₽/кв.м,папирус,,
"Тротуарная плитка ""Дакота 40 мм"" / гладкая поверхность цвет орлеан",2015,₽/кв.м,орлеан,,
"Тротуарная плитка ""Дакота 40 мм"" / гладкая поверхность цвет мустанг",2015,₽/кв.м,мустанг,,
"Тротуарная плитка ""Дакота 40 мм"" / гладкая поверхность цвет муссон",1560,₽/кв.м,муссон,,
"Тротуарная плитка ""Дакота 40 мм"" / гладкая поверхность цвет маренго",1436,₽/кв.м,маренго,,
"Тротуарная плитка ""Дакота 40 мм"" / гладкая поверхность цвет каллисто",1560,₽/кв.м,каллисто,,
"Тротуарная плитка ""Дакота 40 мм"" / гладкая поверхность цвет индиго",2015,₽/кв.м,индиго,,
"Тротуарная плитка ""Дакота 40 мм"" / гладкая поверхность цвет амиант",1859,₽/кв.м,амиант,,
"Тротуарная плитка ""Дакота 40 мм"" / гладкая поверхность цвет айрон",2015,₽/кв.м,айрон,,
"Тротуарная плитка ""Дакота 40 мм"" / гладкая поверхность цвет амбер",1560,₽/кв.м,амбер,,
Тротуарная плитка «Аурико 60 мм» / гладкая поверхность цвет сахара,1768,₽/кв.м,сахара,,
Тротуарная плитка «Аурико 60 мм» / гладкая поверхность цвет амбер,2275,₽/кв.м,амбер,,
Тротуарная плитка «Аурико 60 мм» / гладкая поверхность цвет калисто,2275,₽/кв.м,калисто,,
Тротуарная плитка «Аурико 60 мм» / гладкая поверхность цвет сансет,1633,₽/кв.м,сансет,,
"Тротуарная плитка ""Дакота 60 мм"" / гладкая поверхность цвет оранжевый",1820,₽/кв.м,оранжевый,,
"Тротуарная плитка ""Дакота 60 мм"" / гладкая поверхность цвет черный",1586,₽/кв.м,черный,,
"Тротуарная плитка ""Дакота 60 мм"" / гладкая поверхность цвет темно-серый",1495,₽/кв.м,темно-серый,,
"Тротуарная плитка ""Дакота 60 мм"" / гладкая поверхность цвет светло-коричневый",1677,₽/кв.м,светло-коричневый,,
"Тротуарная плитка  ""Дакота 60 мм"" / гладкая поверхность цвет красный",1586,₽/кв.м,красный,,
"Тротуарная плитка  ""Дакота 60 мм"" / гладкая поверхность цвет коричневый",1238,₽/кв.м,коричневый,,
"Тротуарная плитка  ""Дакота 60 мм"" / гладкая поверхность цвет желтый",1404,₽/кв.м,желтый,,
"Тротуарная плитка  ""Дакота 60 мм"" / гладкая поверхность цвет песочный",1651,₽/кв.м,песочный,,
"Тротуарная плитка  ""Дакота 60 мм"" / гладкая поверхность цвет ультра-белый",1885,₽/кв.м,ультра-белый,,
"Тротуарная плитка  ""Дакота 60 мм"" / гладкая поверхность цвет бежевый",1794,₽/кв.м,бежевый,,
"Тротуарная плитка  ""Дакота 60 мм"" / гладкая поверхность цвет серый",1092,₽/кв.м,серый,,
Тротуарная плитка «Арт-Сити» / гладкая поверхность цвет коллисто,1768,₽/кв.м,коллисто,,
Тротуарная плитка «Арт-Сити» / гладкая поверхность цвет амиант,2080,₽/кв.м,амиант,,
Тротуарная плитка «Арт-Сити» / гладкая поверхность цвет сансет,1633,₽/кв.м,сансет,,
Тротуарная плитка «Арт-Сити» / гладкая поверхность цвет айрон,2080,₽/кг,айрон,,
Тротуарная плитка «Арт-Сити» / гладкая поверхность цвет тауп,2080,₽/кв.м,тауп,,
Тротуарная плитка «Арт-Сити» / гладкая поверхность цвет мустанг,1768,₽/кв.м,мустанг,,
Тротуарная плитка «Мультитек 60 мм» / непромывной гранит цвет муссон,1976,₽/кв.м,муссон,,
Тротуарная плитка «Мультитек 60 мм» / гладкая поверхность цвет маренго,2366,₽/кв.м,маренго,,
Тротуарная плитка «Мультитек 60 мм» / гладкая поверхность цвет терракота,1768,₽/кв.м,терракота,,
Тротуарная плитка «Мультитек 60 мм» / гладкая поверхность цвет сансет,1633,₽/кв.м,сансет,,
Тротуарная плитка «Мультитек 60 мм» / гладкая поверхность цвет муссон,2275,₽/кв.м,муссон,,
Тротуарная плитка «Мультитек 60 мм» / гладкая поверхность цвет айрон,2080,₽/кв.м,айрон,,
Тротуарная плитка «Мультитек 60 мм» / гладкая поверхность цвет тауп,2080,₽/кв.м,тауп,,
Тротуарная плитка «Мультитек 60 мм» / гладкая поверхность цвет калисто,1768,₽/кв.м,калисто,,
"Плитка тротуарная гладкая ""Тракт"" h60 (на сером цементе)",1382.88,₽/кв.м,,,
Вырубка 5 см х 15 м (рулон),221.19,₽/рулон,1 рулон,,НЛМК
Вырубка 6.5 см х 15 м (рулон),409.05,₽/рулон,1 рулон,,НЛМК
Вырубка 8 см х 15 м (рулон),661.55,₽/рулон,1 рулон,,НЛМК
Вырубка 10 см х 15 м (рулон),743.85,₽/рулон,1 рулон,,НЛМК
Вырубка 13 см х 15 м (рулон),709.02,₽/рулон,1 рулон,,НЛМК
Вырубка 10 см х 15 м сталь черная (рулон),596.91,₽/рулон,1 рулон,,НЛМК
Вырубка 20 см х 15 м сталь черная (рулон),1086.76,₽/рулон,1 рулон,,НЛМК
Вырубка 24 см х 2 м сталь (полоса),500.5,₽/шт,,,НЛМК
Вырубка 21 см х 2 м сталь (полоса),435.5,₽/шт,,,НЛМК
Вырубка 12 см х 2 м сталь (полоса),377.15,₽/шт,,,НЛМК
"50х50х3ВР1 (0,38 х 2,0 м) ТУ",91.02,₽/шт,,,
"50х50х3ВР1 (0,50 х 2,0 м) ТУ",154,₽/шт,,,
"50х50х3ВР1 (1,0 х 2,0 м) ТУ",477.36,₽/шт,,,
"50х50х4ВР1 (1,0 х 2,0 м) ТУ",594.31,₽/шт,,,
"50х50х4ВР1 (2,0 х 3,0 м) ТУ",1782.94,₽/шт,,,
"100х100х3ВР1 (1 х 2,0 м) ТУ",160,₽/шт,,,
"100х100х3ВР1 (2,0 х 3,0 м) ТУ",558.51,₽/шт,,,
"100х100х4ВР1 (1,0 х 2,0 м) ТУ",362.79,₽/шт,,,
"100х100х4ВР1 (1,5 х 2,0 м) ТУ",544.19,₽/шт,,,
"100х100х4ВР1 (2,0 х 3,0 м)",1088.38,₽/шт,,,
"150х150х4ВР1 (2,0 х 1,0 м) ТУ",300,₽/шт,,,
"150х150х4ВР1 (2,0 х 3,0 м)",730.36,₽/шт,,,
"150х150х4ВР1 (2,0 х 6,0 м)",1460.72,₽/шт,,,
"200х200х4ВР1 (2,0 х 3,0 м)",522.71,₽/шт,,,
"200х200х4ВР1 (2,0 х 6,0 м)",1045.42,₽/шт,,,
"150х150х5ВР1 (2,0 х 3,0 м)",1365,₽/шт,,,
"150х150х5ВР1 (2,0 х 6,0 м)",2730,₽/шт,,,
"200х200х5ВР1 (2,0 х 3,0 м)",737.52,₽/шт,,,
"200х200х5ВР1 (2,0 х 6,0 м)",1618.25,₽/шт,,,
"100х100х6ВР1 (2,0 х 3,0 м)",2248.37,₽/шт,,,
"100х100х6ВР1 (2,0 х 6,0 м)",4496.73,₽/шт,,,
"150х150х6ВР1 (2,0 х 3,0 м)",1795.4,₽/шт,,,
"150х150х6ВР1 (2,0 х 6,0 м)",3590.79,₽/шт,,,
"200х200х6ВР1 (2,0 х 3,0 м)",1412.53,₽/шт,,,
"200х200х6ВР1 (2,0 х 6,0 м)",2825.05,₽/шт,,,
"Сетка сварная 50x50х1.2 (0,50 х 50,0 м) оцинкованная",1787.5,₽/рулон,,,
"Сетка сварная 25х25х1.4 (0,50 х 50,0 м) оцинкованная",2983.5,₽/рулон,,,
"25х25х1.4 (1,0 х 50,0 м) оцинкованная",8600.35,₽/рулон,,,
"25х50х1.4 (1,0 х 50,0 м) оцинкованная",8342.43,₽/рулон,,,
"50х50х1.4 (1,0 х 50,0 м) оцинкованная",4520.58,₽/рулон,,,
"50х50х1.4 (1,5 х 50,0 м) оцинкованная",6715.08,₽/рулон,,,
"Рабица 35х35х1.4 (1,5 х 10,0 м) ОЦ",2536.45,₽/рулон,,,
"Рабица 55х55х1.4 (1,5 х 10,0 м) ",1101.4,₽/рулон,,,
"Рабица 55х55х1.4 (1,5 х 10,0 м) ОЦ",1193.4,₽/рулон,,,
"Сетка рабица оцинкованная 55х55х1.5 (1,8х10м) — купить в Ростове-на-Дону | Строймаркет161",2386.8,₽/рулон,,,
"Рабица 55х55х2 (1,5 х 10,0 м) ",2346.47,₽/рулон,,,
"Рабица 55х55х1.4 (1,8 х 10,0 м) ",1630.43,₽/рулон,,,
"Рабица 55х55х1.4 (1,8 х 10,0 м) ОЦ",1730.43,₽/рулон,,,
"Рабица 55х55х1.4 (2,0 х 10,0 м) ",1809.44,₽/рулон,,,
"Рабица 55х55х1.4 (2,0 х 10,0 м) ОЦ",1909.44,₽/рулон,,,
"10х10х0.45 (1,0 х 10,0 м) ОЦ просечно-вытяжная",261,₽/рулон,,,
"5х10х0.45 (1,0 х 10,0 м) ОЦ просечно-вытяжная",596.7,₽/рулон,,,
"20х10х0.45 (1,0 х 10,0 м) ОЦ просечно-вытяжная",596.7,₽/рулон,,,
30х14х0.45 (1 х 10 м) ОЦ просечно-вытяжная,358.02,₽/рулон,,,
"40х16х0.45 (1,0 х 10 м) ОЦ просечно-вытяжная",229.13,₽/рулон,,,
Композитная сетка 2x50x50 мм,110.45,₽/кв.м,,,
"Композитная сетка 2,5x50x50 мм",129.25,₽/кв.м,,,
"Композитная сетка 2,5x100x100 мм",80.83,₽/кв.м,,,
Композитная сетка 3x100x100 мм,98.8,₽/кв.м,,,
"Базальтовая сетка 25х25 (0,2х50м) ",897,₽/рулон,,,
"Базальтовая сетка 25х25 (0,25х50м) ",1624.5,₽/рулон,,,
"Базальтовая сетка 25х25 (0,36х50м)  ",2059.6,₽/рулон,,,
"Базальтовая сетка 25х25 (0,5х50м) ",3065.65,₽/рулон,,,
Базальтовая сетка 25х25 (1х50 м) ,5871.95,₽/рулон,,,
Лиственница D 48+ Канадская рубка ,82000,₽/м.куб,,,
Лиственница D 48+ Русская рубка,77000,₽/м.куб,,,
Кедр D 48+ Канадская рубка ,82000,₽/м.куб,,,
Кедр D 48+ Русская рубка,77000,₽/м.куб,,,
Лиственница D 42-46 Канадская рубка ,75000,₽/м.куб,,,
Лиственница D 42-46 Русская рубка,70000,₽/м.куб,,,
Кедр D 42-46 Канадская рубка ,75000,₽/м.куб,,,
Кедр D 42-46 Русская рубка ,70000,₽/м.куб,,,
Лиственница D 36-40 Канадская рубка ,70000,₽/м.куб,,,
Лиственница D 36-40 Русская рубка,65000,₽/м.куб,,,
Кедр D 36-40 Канадская рубка ,70000,₽/м.куб,,,
Кедр D 36-40 Русская рубка,65000,₽/м.куб,,,
Лиственница D 30-34 Канадская рубка ,65000,₽/м.куб,,,
Лиственница D 28-34 Русская рубка,60000,₽/м.куб,,,
Кедр D 30-34 Канадская рубка,65000,₽/м.куб,,,
Кедр D 28-34 Русская рубка,60000,₽/м.куб,,,
Крюк вязальный,211.09,₽/шт,Цены и наличие уточняйте,,
Пильный диск по дереву Flash 20,394.91,₽/шт,Цены и наличие уточняйте,,
Маркер-краска Черный 4 мм (круг),130.18,₽/шт,Цены и наличие уточняйте,,
Пленка полиэтиленовая 3х100м (ЭКОНОМ),23.18,₽/м.паг,,,
Перчатки зеленые с двойным латексным покрытием (10/100),105.7,₽/шт,Цены и наличие уточняйте,,
Насадка с ограничителем для больших нагрузок,321.81,₽/шт,Цены и наличие уточняйте,,
Просекатель для профиля гипсокартона 300 мм 1/24,563.33,₽/шт,Цены и наличие уточняйте,,
Порошок синий 150 гр. к рулетку с красящим шнуром,115.9,₽/шт,Цены и наличие уточняйте,,
"Нож с лезвием с метал. ведомой, ручная фиксация 18 мм",350.42,₽/шт,Цены и наличие уточняйте,,
Ванна пластиковая для раствора прямоугольная (90 л),640.34,₽/шт,Цены и наличие уточняйте,,
Биты односторонние РН 2х50 мм WhirlPower,83.49,₽/шт,Цены и наличие уточняйте,,
Пленка полиэтиленовая рукав 100х3 м. (100 мкр) (Техническая),45.45,₽/м.пог,Цены и наличие уточняйте,,
Шпатель зубчатый 6х6 (150 мм),92.99,₽/шт,Цены и наличие уточняйте,,
Шпатель зубчатый 8х8 (150 мм),58.39,₽/шт,Цены и наличие уточняйте,,
Шпатель из нержавеющей стали с пластмассовой ручкой (250 мм),87.98,₽/шт,Цены и наличие уточняйте,,
Шпатель малярный с пластмассовой ручкой (60 мм),36.24,₽/шт,Цены и наличие уточняйте,,
Шпатель малярный с пластмассовой ручкой (80 мм),43.44,₽/шт,Цены и наличие уточняйте,,
Шпатель малярный с пластмассовой ручкой (100 мм),54.26,₽/шт,Цены и наличие уточняйте,,
Шпатель для прикатки обоев пластмассовый (280 мм),48.53,₽/шт,Цены и наличие уточняйте,,
Шпатель для прикатки обоев пластмассовый (250 мм),55.48,₽/шт,Цены и наличие уточняйте,,
Шпатель для фугования резиновый (40 мм),0,₽/шт,Цены и наличие уточняйте,,
Шпатель для фугования резиновый (60 мм),14.32,₽/шт,Цены и наличие уточняйте,,
Шпатель для фугования резиновый (80 мм),17.66,₽/шт,Цены и наличие уточняйте,,
Шпатель для фугования резиновый (100 мм),21.85,₽/шт,Цены и наличие уточняйте,,
Шпатель для фугования резиновый (150 мм),39.2,₽/шт,Цены и наличие уточняйте,,
Шпатель из полированной нержавеющей стали с деревянной ручкой (40 мм),57.44,₽/шт,Цены и наличие уточняйте,,
Шпатель из полированной нержавеющей стали с деревянной ручкой (50 мм),63.95,₽/шт,Цены и наличие уточняйте,,
Шпатель из полированной нержавеющей стали с деревянной ручкой (60 мм),74.38,₽/шт,Цены и наличие уточняйте,,
Шпатель из полированной нержавеющей стали с деревянной ручкой (80 мм),102.62,₽/шт,Цены и наличие уточняйте,,
Шпатель из полированной нержавеющей стали с деревянной ручкой (100 мм),111.35,₽/шт,Цены и наличие уточняйте,,
Шпатель с резино-пластиковой ручкой (350 мм),388.95,₽/шт,Цены и наличие уточняйте,,
Шпатель малярный с резино-пластиковой ручкой (80 мм),231.94,₽/шт,Цены и наличие уточняйте,,
Шпатель фасадный из нержавеющей стали с пластмассовой ручкой (150 мм),59.66,₽/шт,Цены и наличие уточняйте,,
Шпатель фасадный из нержавеющей стали с пластмассовой ручкой (200 мм),78.87,₽/шт,Цены и наличие уточняйте,,
Шпатель фасадный из нержавеющей стали с пластмассовой ручкой (250 мм),105.52,₽/шт,Цены и наличие уточняйте,,
Шпатель фасадный из нержавеющей стали с пластмассовой ручкой (350 мм),144.98,₽/шт,Цены и наличие уточняйте,,
Шпатель фасадный из нержавеющей стали с пластмассовой ручкой (450 мм),194.88,₽/шт,Цены и наличие уточняйте,,
Шпатель фасадный из нержавеющей стали с пластмассовой ручкой (600 мм),228.28,₽/шт,Цены и наличие уточняйте,,
Шпатель-скребок стальное полотно с деревянной ручкой (70 мм),80.5,₽/шт,Цены и наличие уточняйте,,
Шпатель-скребок нержавеющая сталь с пластиковой ручкой (100 мм),222.72,₽/шт,Цены и наличие уточняйте,,
Штангенциркуль пластмассовый 150 мм (точность 0.1 мм),41.24,₽/шт,Цены и наличие уточняйте,,
Штангенциркуль стальной 150 мм (точность 0.02 мм),649.51,₽/шт,Цены и наличие уточняйте,,
Уровень алюминиевый скелетный 3 глазка линейка 400 мм,170.53,₽/шт,Цены и наличие уточняйте,,
Уровень алюминиевый скелетный 3 глазка линейка 600 мм,237.19,₽/шт,Цены и наличие уточняйте,,
Уровень алюминиевый скелетный 3 глазка линейка 800 мм,298.42,₽/шт,Цены и наличие уточняйте,,
Уровень алюминиевый скелетный 3 глазка линейка 1000 мм,321.97,₽/шт,Цены и наличие уточняйте,,
Уровень алюминиевый скелетный 3 глазка линейка 1200 мм,398.17,₽/шт,Цены и наличие уточняйте,,
Уровень алюминиевый скелетный 3 глазка линейка 1500 мм,470.23,₽/шт,Цены и наличие уточняйте,,
Уровень алюминиевый скелетный 3 глазка (1 из них поворотный) линейка 800 мм,383.69,₽/шт,Цены и наличие уточняйте,,
Уровень алюминиевый скелетный 3 глазка (1 из них поворотный) линейка 1000 мм,447.64,₽/шт,Цены и наличие уточняйте,,
Уровень алюминиевый скелетный 3 глазка (1 из них поворотный) линейка 1200 мм,695.32,₽/шт,,,
Уровень алюминиевый скелетный 3 глазка (1 из них поворотный) линейка 1500 мм,741.53,₽/шт,Цены и наличие уточняйте,,
Уровень алюминиевый скелетный 3 глазка (1 из них поворотный) линейка 1800 мм,943.32,₽/шт,Цены и наличие уточняйте,,
"Удлиняющий стержень 300 см стальной 3-часть ""Эксперт""",284.82,₽/шт,Цены и наличие уточняйте,,
"Удлиняющий стержень 120 см стальной 1-часть ""Эксперт""",110.09,₽/шт,Цены и наличие уточняйте,,
Удлиняющий стержень стальной 1-часть d 21мм (1200 мм),163.77,₽/шт,Цены и наличие уточняйте,,
Удлиняющий стержень стальной 2-части d21/25 мм (1150-2000 мм),254.73,₽/шт,Цены и наличие уточняйте,,
Удлиняющий стержень стальной 3-части d19/22/25 мм (1200-3000 мм),358.24,₽/шт,Цены и наличие уточняйте,,
Удлиняющий стержень стальной 3-части  d19/22/25 мм (1570-4000 мм),437.77,₽/шт,Цены и наличие уточняйте,,
Удлиняющий стержень стальной 2-части d21/25 мм (1330-2400 мм),392.13,₽/шт,Цены и наличие уточняйте,,
Угломер-шаблон (малка) 200 мм,144.2,₽/шт,Цены и наличие уточняйте,,
Угольник с алюминиевым основанием 250 мм,133.85,₽/шт,Цены и наличие уточняйте,,
Угольник с алюминиевым основанием 300 мм,148.43,₽/шт,Цены и наличие уточняйте,,
Угольник с алюминиевым основанием 350 мм,159.88,₽/шт,Цены и наличие уточняйте,,
Угольник стальной 300х200 мм,170.22,₽/шт,Цены и наличие уточняйте,,
Угольник стальной 500х300 мм,312.75,₽/шт,Цены и наличие уточняйте,,
Угольник стальной 600х400 мм,417.9,₽/шт,Цены и наличие уточняйте,,
Уровень-угольник алюминиевый 2 глазка 500х300 мм,621.2,₽/шт,Цены и наличие уточняйте,,
Топор хозяйственный с стеклопластиковой обрезиненной ручкой (0.7 кг),653.01,₽/шт,Цены и наличие уточняйте,,
Топор хозяйственный с фиберглассовой обрезиненной ручкой (0.9 кг),923.44,₽/шт,Цены и наличие уточняйте,,
Топор хозяйственный с деревянной ручкой тип Б (0.8 кг),661.44,₽/шт,Цены и наличие уточняйте,,
Топор хозяйственный с деревянной ручкой тип Б (1.4 кг),833.24,₽/шт,Цены и наличие уточняйте,,
Топор таежный с деревянной ручкой (0.6 кг),683.78,₽/шт,Цены и наличие уточняйте,,
Топор таежный с деревянной ручкой (1.1 кг),807.46,₽/шт,Цены и наличие уточняйте,,
Топор хозяйственный с деревянной ручкой тип А (0.9 кг),695.8,₽/шт,Цены и наличие уточняйте,,
Топор хозяйственный с деревянной ручкой тип А (1.4 кг),867.6,₽/шт,Цены и наличие уточняйте,,
"Тонкогубцы ""мини"" 50 мм.",229.15,₽/шт,Цены и наличие уточняйте,,
"Тонкогубцы изогнутые ""мини"" 50 мм.",149.65,₽/шт,Цены и наличие уточняйте,,
"Тонкогубцы удлиненные ""мини"" 110 мм.",229.15,₽/шт,Цены и наличие уточняйте,,
Степлер строительный пластмассовый (скоба 53),373.04,₽/шт,Цены и наличие уточняйте,,
Степлер строительный металлический (скоба 53),514.13,₽/шт,Цены и наличие уточняйте,,
Степлер строительный металлический с регулировкой силы удара (скоба 53),781.22,₽/шт,Цены и наличие уточняйте,,
Степлер для крепления кабеля (диаметром до 6.5 мм),687.21,₽/шт,Цены и наличие уточняйте,,
Стамеска с резино-пластиковой ручкой ударная (6 мм),125.35,₽/шт,Цены и наличие уточняйте,,
Стамеска с резино-пластиковой ручкой ударная (8 мм),129.02,₽/шт,Цены и наличие уточняйте,,
Стамеска с резино-пластиковой ручкой ударная (10 мм),192.33,₽/шт,Цены и наличие уточняйте,,
Стамеска с резино-пластиковой ручкой ударная (12 мм),235.43,₽/шт,Цены и наличие уточняйте,,
Стамеска с резино-пластиковой ручкой ударная (14 мм),230.34,₽/шт,Цены и наличие уточняйте,,
Стамеска с резино-пластиковой ручкой ударная (20 мм),266.46,₽/шт,Цены и наличие уточняйте,,
Стамеска с резино-пластиковой ручкой ударная (28 мм),254.53,₽/шт,Цены и наличие уточняйте,,
Стамеска с резино-пластиковой ручкой ударная (32 мм),305.42,₽/шт,Цены и наличие уточняйте,,
Стамеска с резино-пластиковой ручкой ударная (38 мм),314.97,₽/шт,Цены и наличие уточняйте,,
Стамеска с деревянной ручкой (18 мм),125.2,₽/шт,Цены и наличие уточняйте,,
Стамеска с деревянной ручкой (24 мм),130.44,₽/шт,Цены и наличие уточняйте,,
Стамеска с деревянной ручкой (28 мм),168.94,₽/шт,Цены и наличие уточняйте,,
Стамеска с деревянной ручкой (32 мм),175.79,₽/шт,Цены и наличие уточняйте,,
Скобы для крепления кабеля тип 53 (8 мм),64.7,₽/упаковка,Цены и наличие уточняйте,,
Скобы для крепления кабеля тип 53 (10 мм),75.31,₽/упаковка,Цены и наличие уточняйте,,
Скобы для крепления кабеля тип 53 (12 мм),83.79,₽/упаковка,Цены и наличие уточняйте,,
Скобы для крепления кабеля тип 53 (14 мм),85.91,₽/упаковка,Цены и наличие уточняйте,,
Скоба для крепления кабеля (круглая) 50 шт.,29.07,₽/упаковка,Цены и наличие уточняйте,,
Сверло по металлу HSS (3.0 мм),149.54,₽/упаковка,Цены и наличие уточняйте,,
Сверло по металлу HSS (3.2 мм),169.69,₽/упаковка,Цены и наличие уточняйте,,
Сверло по металлу HSS (3.5 мм),165.66,₽/упаковка,Цены и наличие уточняйте,,
Сверло по металлу HSS (4.0 мм),154.58,₽/упаковка,Цены и наличие уточняйте,,
Сверло по металлу HSS (4.2 мм),153.98,₽/упаковка,Цены и наличие уточняйте,,
Сверло по металлу HSS (5.0 мм),143.8,₽/упаковка,Цены и наличие уточняйте,,
Сверло по металлу HSS (6.0 мм),204.46,₽/упаковка,Цены и наличие уточняйте,,
Сверло по металлу HSS (7.0 мм),161,₽/упаковка,Цены и наличие уточняйте,,
Сверло по металлу HSS (8.0 мм),205.31,₽/упаковка,Цены и наличие уточняйте,,
Сверло по металлу HSS (10.0 мм),333.42,₽/упаковка,Цены и наличие уточняйте,,
Сверло по металлу HSS (11.0 мм),319.71,₽/упаковка,Цены и наличие уточняйте,,
Сверло по металлу HSS (12.0 мм),528.7,₽/упаковка,Цены и наличие уточняйте,,
"Рулетка РФ-5 ""Велюр"" (5м)",301.56,₽/шт,Цены и наличие уточняйте,,
"Рулетка ""Автостоп"" (3 м)",354.24,₽/шт,Цены и наличие уточняйте,,
"Рулетка ""Автостоп"" (5 м)",477.69,₽/шт,Цены и наличие уточняйте,,
Рубанок по дереву металлический (250х50 мм),1201.02,₽/шт,Цены и наличие уточняйте,,
Рубанок по дереву металлический (350х50 мм),1543.03,₽/шт,Цены и наличие уточняйте,,
"Рубанок по гипсокартону нейлоновый (срез 22,5°-45°)",531.32,₽/шт,Цены и наличие уточняйте,,
Рубанок по гипсокартону обдирочный (140х40 мм),397.48,₽/шт,Цены и наличие уточняйте,,
Рубанок по гипсокартону обдирочный (250х40 мм),458.47,₽/шт,Цены и наличие уточняйте,,
"Респиратор ""У-2К""",61.52,₽/шт,Цены и наличие уточняйте,,
"Респиратор ""РПГ-67"" тип Б",441.37,₽/шт,Цены и наличие уточняйте,,
Просекатель профиля для гипсокартона (300 мм),811.29,₽/шт,Цены и наличие уточняйте,,
Просекатель профиля для гипсокартона (330 мм),1305.22,₽/шт,Цены и наличие уточняйте,,
Просекатель профиля для гипсокартона (250 мм),1512.02,₽/шт,Цены и наличие уточняйте,,
"Правило профиль ""Трапеция"" с заглушками (2500 мм)",937.76,₽/шт,Цены и наличие уточняйте,,
"Правило профиль ""Трапеция"" с заглушками (3000 мм)",1072.18,₽/шт,Цены и наличие уточняйте,,
Правило уровень с заглушками 2 глазка 2 ручки (1500 мм),1580.57,₽/шт,Цены и наличие уточняйте,,
Правило уровень с заглушками 2 глазка 2 ручки (2000 мм),1951.33,₽/шт,Цены и наличие уточняйте,,
Правило уровень с заглушками 2 глазка 2 ручки (2500 мм),2322.5,₽/шт,Цены и наличие уточняйте,,
Правило уровень с заглушками 2 глазка 2 ручки (3000 мм),2783.82,₽/шт,Цены и наличие уточняйте,,
Полотно по дереву для электролобзика (прямой грубый рез),65.39,₽/упаковка,Цены и наличие уточняйте,,
Полотно по дереву для электролобзика (фигурный чистый рез),107.12,₽/упаковка,Цены и наличие уточняйте,,
Полотно по ламинату для электролобзика (прямой чистый рез),244.76,₽/упаковка,Цены и наличие уточняйте,,
Полотно по ламинату для электролобзика (фигурный чистый рез),254.53,₽/упаковка,Цены и наличие уточняйте,,
Полотно по металлу для электролобзика (прямой рез),138.94,₽/упаковка,Цены и наличие уточняйте,,
Полотно по поликарбонату для электролобзика (прямой чистый рез),240.52,₽/упаковка,Цены и наличие уточняйте,,
Плиткорез толщина плитки (500 мм),2306.59,₽/шт,Цены и наличие уточняйте,,
Плиткорез толщина плитки (600 мм),2484.35,₽/шт,Цены и наличие уточняйте,,
Пистолет для горячего склеивания (6 мм),247.53,₽/шт,Цены и наличие уточняйте,,
Пистолет для горячего склеивания (11 мм),426.13,₽/шт,Цены и наличие уточняйте,,
Сменные патроны с клеем (6 мм),60.88,₽/упаковка,Цены и наличие уточняйте,,
Сменные патроны с клеем (11 мм),208.71,₽/упаковка,Цены и наличие уточняйте,,
Полукорпусной пистолет для герметика с гладким штоком 310 мл.,198.28,₽/шт,Цены и наличие уточняйте,,
Полукорпусной пистолет для герметика с зубчатым штоком 310 мл.,198.1,₽/шт,Цены и наличие уточняйте,,
"Пистолет для герметика закрытый для труб ""Профи"" 400 мл.",561.85,₽/шт,Цены и наличие уточняйте,,
Пистолет для герметика закрытый для труб 600 мл.,716.47,₽/шт,Цены и наличие уточняйте,,
"Пистолет для монтажной пены ""Стандарт""",612.44,₽/шт,Цены и наличие уточняйте,,
Пассатижи для зачистки проводов (160 мм),390.26,₽/шт,Цены и наличие уточняйте,,
Защитные очки с непрямой вентиляцией,93.06,₽/шт,Цены и наличие уточняйте,,
"Защитные очки ""Профи""с перфорированной вентиляцией",287.78,₽/шт,Цены и наличие уточняйте,,
Защитные очки с дужками,91.63,₽/шт,Цены и наличие уточняйте,,
Отвес 100 гр,123.87,₽/шт,Цены и наличие уточняйте,,
Отвес 200 гр,154.63,₽/шт,Цены и наличие уточняйте,,
Отвес 300 гр,219.96,₽/шт,Цены и наличие уточняйте,,
Отвертка крестовая двухкомпонентная ручка (Ph 0*75 мм.),68.52,₽/шт,Цены и наличие уточняйте,,
Отвертка крестовая двухкомпонентная ручка (Ph 0*100 мм.),71.06,₽/шт,Цены и наличие уточняйте,,
Отвертка крестовая двухкомпонентная ручка (Ph 1*75 мм.),111.89,₽/шт,Цены и наличие уточняйте,,
Отвертка крестовая двухкомпонентная ручка (Ph 1*100 мм.),116.23,₽/шт,Цены и наличие уточняйте,,
Отвертка крестовая двухкомпонентная ручка (Ph 1*150 мм.),122.17,₽/шт,Цены и наличие уточняйте,,
Отвертка крестовая двухкомпонентная ручка (Ph 2*100 мм.),136.92,₽/шт,Цены и наличие уточняйте,,
Отвертка крестовая двухкомпонентная ручка (Ph 2*150 мм.),149.12,₽/шт,Цены и наличие уточняйте,,
Отвертка крестовая двухкомпонентная ручка (Ph 3*150 мм.),195.56,₽/шт,Цены и наличие уточняйте,,
Отвертка крестовая двухкомпонентная ручка (Ph 3*200 мм.),213.8,₽/шт,Цены и наличие уточняйте,,
"Отвертка ударная шлицевая двухкомпонентная ручка (Ph 5,0*100 мм.)",133.42,₽/шт,Цены и наличие уточняйте,,
"Отвертка ударная шлицевая двухкомпонентная ручка (Ph 2,0*125 мм.)",192.38,₽/шт,Цены и наличие уточняйте,,
"Отвертка ударная шлицевая двухкомпонентная ручка (Ph 3,0*150 мм.)",233.34,₽/шт,Цены и наличие уточняйте,,
"Отвертка универсальная 2 в 1 двухкомпонентная ручка (6,3 ph2*100)",144.45,₽/шт,Цены и наличие уточняйте,,
"Отвертка шлицевая двухкомпонентная ручка (3,2*75 мм.)",68.52,₽/шт,Цены и наличие уточняйте,,
"Отвертка шлицевая двухкомпонентная ручка (3,2*100 мм.)",70.94,₽/шт,Цены и наличие уточняйте,,
"Отвертка шлицевая двухкомпонентная ручка (3,2*150 мм.)",83.37,₽/шт,Цены и наличие уточняйте,,
"Отвертка шлицевая двухкомпонентная ручка (5,0*75 мм.)",109.97,₽/шт,Цены и наличие уточняйте,,
"Отвертка шлицевая двухкомпонентная ручка (5,0*100 мм.)",116.23,₽/шт,Цены и наличие уточняйте,,
"Отвертка шлицевая двухкомпонентная ручка (5,0*150 мм.)",122.17,₽/шт,Цены и наличие уточняйте,,
"Отвертка шлицевая двухкомпонентная ручка (6,0*100 мм.)",136.92,₽/шт,Цены и наличие уточняйте,,
"Отвертка шлицевая двухкомпонентная ручка (6,0*150 мм.)",149.12,₽/шт,Цены и наличие уточняйте,,
"Отвертка шлицевая двухкомпонентная ручка (8,0*150 мм.)",195.56,₽/шт,Цены и наличие уточняйте,,
Ролик для прикатки обоев 6 мм (45х150 мм.),104.46,₽/шт,Цены и наличие уточняйте,,
Прижимной ролик для прикатки обоев 6 мм (45х150 мм.),210.74,₽/шт,Цены и наличие уточняйте,,
Ролик для швов обоев бочковой формы 6 мм (35х150 мм.),49.23,₽/шт,Цены и наличие уточняйте,,
Ролик для швов обоев конической формы 6 мм (35х150 мм.),49.6,₽/шт,Цены и наличие уточняйте,,
Валик игольчатый деревянная ручка для прокалывания обоев и гкл (500 мм.),580.86,₽/шт,Цены и наличие уточняйте,,
Ножовка по металлу деревянная ручка 300 мм,239.8,₽/шт,Цены и наличие уточняйте,,
Ножовка по металлу пластмассовая ручка 300 мм,217.52,₽/шт,Цены и наличие уточняйте,,
Ножовка по металлу пластмассовая ручка 200-300 мм,422.35,₽/шт,Цены и наличие уточняйте,,
"Ножовка по дереву универсальный профиль (шаг 4,0 мм.) пластмассовая ручка 400 мм",221.76,₽/шт,Цены и наличие уточняйте,,
"Ножовка по дереву универсальный профиль (шаг 4,0 мм.) пластмассовая ручка 450 мм",231.94,₽/шт,Цены и наличие уточняйте,,
"Ножовка по дереву универсальный профиль (шаг 4,0 мм.) пластмассовая ручка 500 мм",272.18,₽/шт,Цены и наличие уточняйте,,
Ножовка по дереву поперечный профиль (шаг 4.0 мм.) пластмассовая ручка 400 мм,329.92,₽/шт,Цены и наличие уточняйте,,
"Ножовка по дереву поперечный профиль (шаг 4,0 мм.) пластмассовая ручка 450 мм",374.63,₽/шт,Цены и наличие уточняйте,,
"Ножовка по дереву поперечный профиль (шаг 4,0 мм.) пластмассовая ручка 500 мм",430.31,₽/шт,Цены и наличие уточняйте,,
Ножницы обойные из нержавеющей стали (240 мм),171.8,₽/шт,Цены и наличие уточняйте,,
Ножницы обойные из нержавеющей стали (280 мм),268.09,₽/шт,Цены и наличие уточняйте,,
Ножницы по металлу хромоникелевая сталь (250 мм),352.93,₽/шт,Цены и наличие уточняйте,,
Ножницы по металлу хромоникелевая сталь левые (250 мм),377.85,₽/шт,Цены и наличие уточняйте,,
Ножницы по металлу хромоникелевая сталь правые (250 мм),377.96,₽/шт,Цены и наличие уточняйте,,
Ножницы по металлу универсальные (230 мм),711.87,₽/шт,Цены и наличие уточняйте,,
Ножницы универсальные нержавеющая сталь (180 мм),361.64,₽/шт,Цены и наличие уточняйте,,
Ножницы технические нержавеющая сталь (200 мм),436.93,₽/шт,Цены и наличие уточняйте,,
Ножницы для резки труб из ПВХ до 42 мм,840.09,₽/шт,Цены и наличие уточняйте,,
Молоток с квадратным бойком деревянной ручкой (200 г),213.17,₽/шт,Цены и наличие уточняйте,,
Молоток с квадратным бойком деревянной ручкой (300 г),295.67,₽/шт,Цены и наличие уточняйте,,
Молоток с квадратным бойком деревянной ручкой (400 г),350.61,₽/шт,Цены и наличие уточняйте,,
Молоток с квадратным бойком деревянной ручкой (500 г),405.54,₽/шт,Цены и наличие уточняйте,,
Молоток с квадратным бойком деревянной ручкой (600 г),474.22,₽/шт,Цены и наличие уточняйте,,
Молоток с квадратным бойком деревянной ручкой (800 г),597.92,₽/шт,Цены и наличие уточняйте,,
Молоток с квадратным бойком деревянной ручкой (1000 г),680.42,₽/шт,Цены и наличие уточняйте,,
Молоток с квадратным оцинкованным бойком деревянной ручкой (200 г),275.84,₽/шт,Цены и наличие уточняйте,,
Молоток с квадратным оцинкованным бойком деревянной ручкой (400 г),371.19,₽/шт,Цены и наличие уточняйте,,
Молоток с квадратным оцинкованным бойком деревянной ручкой (500 г),423.78,₽/шт,Цены и наличие уточняйте,,
Молоток с квадратным оцинкованным бойком деревянной ручкой (600 г),591.92,₽/шт,Цены и наличие уточняйте,,
Молоток-кирочка с металлической ручкой (600 г),602.44,₽/шт,Цены и наличие уточняйте,,
Молоток-кирочка с деревянной ручкой (700 г),402.99,₽/шт,Цены и наличие уточняйте,,
Молоток с квадратным бойком фиберглассовой ручкой (200 г),312.64,₽/шт,Цены и наличие уточняйте,,
Молоток с квадратным бойком фиберглассовой ручкой (300 г),357.4,₽/шт,Цены и наличие уточняйте,,
Молоток с квадратным бойком фиберглассовой ручкой (400 г),390.49,₽/шт,Цены и наличие уточняйте,,
Молоток с квадратным бойком фиберглассовой ручкой (500 г),443.51,₽/шт,Цены и наличие уточняйте,,
Молоток с квадратным бойком фиберглассовой ручкой (600 г),505.87,₽/шт,Цены и наличие уточняйте,,
Молоток с квадратным бойком фиберглассовой ручкой (800 г),638.42,₽/шт,Цены и наличие уточняйте,,
Молоток с квадратным бойком фиберглассовой ручкой (1000 г),801.75,₽/шт,Цены и наличие уточняйте,,
Молоток-гвоздодер металлической ручкой (570 г),398.5,₽/шт,Цены и наличие уточняйте,,
Молоток-гвоздодер фиберглассовой ручкой (225 г),278.39,₽/шт,Цены и наличие уточняйте,,
Молоток-гвоздодер фиберглассовой ручкой (340 г),332.63,₽/шт,Цены и наличие уточняйте,,
Молоток-гвоздодер фиберглассовой ручкой (450 г),402.14,₽/шт,Цены и наличие уточняйте,,
Миксер для краски металлический окрашенный (масса смеси до 10 кг) 60х400 мм,148.48,₽/шт,Цены и наличие уточняйте,,
Миксер для краски металлический окрашенный (масса смеси до 15 кг) 80х430 мм,181.56,₽/шт,Цены и наличие уточняйте,,
Миксер для краски металлический окрашенный (масса смеси до 20 кг) 100х600 мм,296.97,₽/шт,Цены и наличие уточняйте,,
Миксер для штукатурки металлический оцинкованный 80х8х400 мм,247.53,₽/шт,Цены и наличие уточняйте,,
Миксер для штукатурки металлический оцинкованный 80х9х450 мм,222.32,₽/шт,Цены и наличие уточняйте,,
Миксер для штукатурки металлический оцинкованный 90х8х500 мм мм,323.46,₽/шт,Цены и наличие уточняйте,,
Миксер для штукатурки металлический оцинкованный 110х10х600 мм,481.04,₽/шт,Цены и наличие уточняйте,,
Миксер для гипса металлический оцинкованный 80х8х400 мм,236.55,₽/шт,Цены и наличие уточняйте,,
Миксер для гипса металлический оцинкованный 110х10х560 мм,404.06,₽/шт,Цены и наличие уточняйте,,
Мешок для строительного мусора зеленый (550х950 мм),24.75,₽/шт,Цены и наличие уточняйте,,
Мешок для строительного мусора белый (550х950 мм),25.38,₽/шт,Цены и наличие уточняйте,,
Кусачки боковые 140 мм,388.14,₽/шт,Цены и наличие уточняйте,,
Кусачки боковые 160 мм,357.92,₽/шт,Цены и наличие уточняйте,,
Кусачки торцевые 160 мм,419.64,₽/шт,Цены и наличие уточняйте,,
Кусачки боковые усиленные 180 мм,475.64,₽/шт,Цены и наличие уточняйте,,
Краскопульт Auarita (600 мл),1829.36,₽/шт,Цены и наличие уточняйте,,
Продувочный пистолет,254.56,₽/шт,Цены и наличие уточняйте,,
Пистолет для вязких жидкостей (промывочный),487.85,₽/шт,Цены и наличие уточняйте,,
Коронка по камню SDS plus 45 мм.,556.76,₽/шт,Цены и наличие уточняйте,,
Коронка по камню SDS plus 55 мм.,636.31,₽/шт,Цены и наличие уточняйте,,
Коронка по камню SDS plus 65 мм.,723.8,₽/шт,Цены и наличие уточняйте,,
Коронка по камню SDS plus 68 мм.,747.34,₽/шт,Цены и наличие уточняйте,,
Коронка по камню SDS plus 80 мм.,1183.53,₽/шт,Цены и наличие уточняйте,,
Клинья для плитки пластмассовые (33х6х6),41.15,₽/упаковка,Цены и наличие уточняйте,,
"Набор имбусовых ключей (1,5-10 мм)",213.8,₽/шт,Цены и наличие уточняйте,,
"Набор имбусовых ключей с шаром ""Профи"" (1,5-10 мм)",546.43,₽/шт,Цены и наличие уточняйте,,
Набор комбинированных ключей (8-19 мм),747.34,₽/шт,Цены и наличие уточняйте,,
Набор комбинированных ключей (6-22 мм),1144.24,₽/шт,Цены и наличие уточняйте,,
Набор рожковых ключей (6-32 мм),1144.88,₽/шт,Цены и наличие уточняйте,,
Ключ комбинированный ков.сталь хромированный 7 мм,68.72,₽/шт,Цены и наличие уточняйте,,
Набор накидных ключей (6-19 мм),758.47,₽/шт,Цены и наличие уточняйте,,
Ключ комбинированный ков.сталь хромированный 8 мм,75.73,₽/шт,Цены и наличие уточняйте,,
Набор накидных ключей (6-22 мм),1191.15,₽/шт,Цены и наличие уточняйте,,
Ключ комбинированный ков.сталь хромированный 9 мм,81.45,₽/шт,Цены и наличие уточняйте,,
Набор рожковых ключей (6-16 мм),302.24,₽/шт,Цены и наличие уточняйте,,
Ключ комбинированный ков.сталь хромированный 10 мм,82.72,₽/шт,Цены и наличие уточняйте,,
Набор рожковых ключей (6-22 мм),487.73,₽/шт,Цены и наличие уточняйте,,
Ключ комбинированный ков.сталь хромированный 11 мм,85.26,₽/шт,Цены и наличие уточняйте,,
Ключ комбинированный ков.сталь хромированный 12 мм,92.27,₽/шт,Цены и наличие уточняйте,,
Ключ комбинированный ков.сталь хромированный 13 мм,103.08,₽/шт,Цены и наличие уточняйте,,
Ключ комбинированный ков.сталь хромированный 14 мм,115.6,₽/шт,Цены и наличие уточняйте,,
Ключ комбинированный ков.сталь хромированный 15 мм,137.44,₽/шт,Цены и наличие уточняйте,,
Ключ комбинированный ков.сталь хромированный 16 мм,147.42,₽/шт,Цены и наличие уточняйте,,
Ключ комбинированный ков.сталь хромированный 17 мм,149.96,₽/шт,Цены и наличие уточняйте,,
Ключ комбинированный ков.сталь хромированный 18 мм,181.56,₽/шт,Цены и наличие уточняйте,,
Ключ комбинированный ков.сталь хромированный 19 мм,185.8,₽/шт,Цены и наличие уточняйте,,
Ключ комбинированный ков.сталь хромированный 22 мм,350.61,₽/шт,Цены и наличие уточняйте,,
Ключ комбинированный ков.сталь хромированный 24 мм,398.76,₽/шт,Цены и наличие уточняйте,,
Ключ комбинированный ков.сталь хромированный 27 мм,433.01,₽/шт,Цены и наличие уточняйте,,
Ключ комбинированный ков.сталь хромированный 30 мм,485.98,₽/шт,Цены и наличие уточняйте,,
Ключ накидной ков.сталь хромированный 6-7 мм,97.75,₽/шт,Цены и наличие уточняйте,,
Ключ накидной ков.сталь хромированный 8-9 мм,108.62,₽/шт,Цены и наличие уточняйте,,
Ключ накидной ков.сталь хромированный 10-11 мм,129.51,₽/шт,Цены и наличие уточняйте,,
Ключ накидной ков.сталь хромированный 12-13 мм,146.1,₽/шт,Цены и наличие уточняйте,,
Ключ накидной ков.сталь хромированный 14-15 мм,140.82,₽/шт,Цены и наличие уточняйте,,
Ключ накидной ков.сталь хромированный 17-19 мм,236.79,₽/шт,Цены и наличие уточняйте,,
Ключ накидной ков.сталь хромированный 19-22 мм,258.57,₽/шт,Цены и наличие уточняйте,,
"Ключ разводной 6"" (150 мм)",245.68,₽/шт,Цены и наличие уточняйте,,
"Ключ разводной 8"" (200 мм)",443.15,₽/шт,Цены и наличие уточняйте,,
"Ключ разводной 10"" (250 мм)",569.97,₽/шт,Цены и наличие уточняйте,,
"Ключ разводной 12"" (300 мм)",800.11,₽/шт,Цены и наличие уточняйте,,
Ключ рожковый ков.сталь хромированный 6-7 мм,61.08,₽/шт,Цены и наличие уточняйте,,
Ключ рожковый ков.сталь хромированный 8-9 мм,78.56,₽/шт,Цены и наличие уточняйте,,
Ключ рожковый ков.сталь хромированный 10-11 мм,106.47,₽/шт,Цены и наличие уточняйте,,
Ключ рожковый ков.сталь хромированный 12-13 мм,121.54,₽/шт,,,
Ключ рожковый ков.сталь хромированный 14-15 мм,155.9,₽/шт,Цены и наличие уточняйте,,
Ключ рожковый ков.сталь хромированный 16-17 мм,156.98,₽/шт,Цены и наличие уточняйте,,
Ключ рожковый ков.сталь хромированный 18-19 мм,197.92,₽/шт,Цены и наличие уточняйте,,
Ключ рожковый ков.сталь хромированный 20-22 мм,301.26,₽/шт,Цены и наличие уточняйте,,
Ключ рожковый ков.сталь хромированный 30-32 мм,592.53,₽/шт,Цены и наличие уточняйте,,
Киянка резиновая с деревянной ручкой 340 гр.,268.09,₽/шт,Цены и наличие уточняйте,,
Киянка резиновая с деревянной ручкой 450 гр.,343.61,₽/шт,Цены и наличие уточняйте,,
Киянка резиновая с деревянной ручкой 680 гр.,439.9,₽/шт,Цены и наличие уточняйте,,
Клеши строительные 180 мм,398.5,₽/шт,Цены и наличие уточняйте,,
Клеши строительные 250 мм,587.3,₽/шт,Цены и наличие уточняйте,,
"Кисть плоская натуральная щетина ""Евро 1"" 25х12 мм",41.37,₽/шт,Цены и наличие уточняйте,,
"Кисть плоская натуральная щетина ""Евро 1,5"" 38х13 мм",63.95,₽/шт,Цены и наличие уточняйте,,
"Кисть плоская натуральная щетина ""Евро 2"" 50х14 мм",96.29,₽/шт,Цены и наличие уточняйте,,
"Кисть плоская натуральная щетина ""Евро 2,5"" 63х14 мм",125.14,₽/шт,Цены и наличие уточняйте,,
"Кисть плоская натуральная щетина ""Евро 3"" 75х15 мм",153.98,₽/шт,Цены и наличие уточняйте,,
"Кисть плоская натуральная щетина ""Евро 4"" 100х16 мм",222.72,₽/шт,Цены и наличие уточняйте,,
"Кисть плоская из смесовой щетины ""ЕвроМикс 1"" 25х12 мм",41.37,₽/шт,Цены и наличие уточняйте,,
"Кисть плоская из смесовой щетины ""ЕвроМикс 1,5"" 38х13 мм",63.44,₽/шт,Цены и наличие уточняйте,,
"Кисть плоская из смесовой щетины ""ЕвроМикс 2"" 50х14 мм",85.26,₽/шт,Цены и наличие уточняйте,,
"Кисть плоская из смесовой щетины ""ЕвроМикс 2,5"" 63х14 мм",107.32,₽/шт,Цены и наличие уточняйте,,
"Кисть плоская из смесовой щетины ""ЕвроМикс 3"" 75х15 мм",131.06,₽/шт,Цены и наличие уточняйте,,
"Кисть плоская из смесовой щетины ""ЕвроМикс 4"" 100х16 мм",213.17,₽/шт,Цены и наличие уточняйте,,
"Кисть плоская натуральная щетина ""Люкс 1"" 25х12 мм",59.39,₽/шт,Цены и наличие уточняйте,,
"Кисть плоская натуральная щетина ""Люкс 1,5"" 38х13 мм",99.16,₽/шт,Цены и наличие уточняйте,,
"Кисть плоская натуральная щетина ""Люкс 2"" 50х14 мм",126.21,₽/шт,Цены и наличие уточняйте,,
"Кисть плоская натуральная щетина ""Люкс 2,5"" 63х14 мм",192.59,₽/шт,Цены и наличие уточняйте,,
"Кисть плоская натуральная щетина ""Люкс 3"" 75х15 мм",295.89,₽/шт,Цены и наличие уточняйте,,
"Кисть плоская натуральная щетина ""Люкс 4"" 100х16 мм",305.43,₽/шт,Цены и наличие уточняйте,,
"Кисть плоская из смесовой щетины ""Сказка 1"" 25х12 мм",26.26,₽/шт,Цены и наличие уточняйте,,
"Кисть плоская из смесовой щетины ""Сказка 1,5"" 38х13 мм",41.37,₽/шт,Цены и наличие уточняйте,,
"Кисть плоская из смесовой щетины ""Сказка 2"" 50х14 мм",56.42,₽/шт,Цены и наличие уточняйте,,
"Кисть плоская из смесовой щетины ""Сказка 2,5"" 63х14 мм",67.45,₽/шт,Цены и наличие уточняйте,,
"Кисть плоская из смесовой щетины ""Сказка 3"" 75х15 мм",93.55,₽/шт,Цены и наличие уточняйте,,
"Кисть плоская из смесовой щетины ""Сказка 4"" 100х16 мм",130.65,₽/шт,Цены и наличие уточняйте,,
"Кисть плоская из смесовой щетины ""Микс 1"" 25х12 мм",22.06,₽/шт,Цены и наличие уточняйте,,
"Кисть плоская из смесовой щетины ""Микс 1,5"" 38х13 мм",34.36,₽/шт,Цены и наличие уточняйте,,
"Кисть плоская из смесовой щетины ""Микс 2"" 50х14 мм",48.16,₽/шт,Цены и наличие уточняйте,,
"Кисть плоская из смесовой щетины ""Микс 2,5"" 63х14 мм",59.2,₽/шт,Цены и наличие уточняйте,,
"Кисть плоская из смесовой щетины ""Микс 3"" 75х15 мм",80.61,₽/шт,Цены и наличие уточняйте,,
"Кисть плоская натуральная черная щетина ""Профи 1"" 25х15 мм",56.52,₽/шт,Цены и наличие уточняйте,,
"Кисть плоская натуральная черная щетина ""Профи 1,5"" 38х16 мм",116.88,₽/шт,Цены и наличие уточняйте,,
"Кисть плоская натуральная черная щетина ""Профи 2"" 50х17 мм",176.89,₽/шт,Цены и наличие уточняйте,,
"Кисть плоская натуральная черная щетина ""Профи 3"" 75х18 мм",330.03,₽/шт,Цены и наличие уточняйте,,
"Кисть плоская натуральная светлая щетина ""Профи 2,5"" 63х17 мм",214.65,₽/шт,Цены и наличие уточняйте,,
"Кисть плоская натуральная светлая щетина ""Профи 3"" 75х18 мм",261.95,₽/шт,Цены и наличие уточняйте,,
"Кисть плоская из смесовой щетины ""Стандарт 1"" 25х12 мм",22.06,₽/шт,Цены и наличие уточняйте,,
"Кисть плоская из смесовой щетины ""Стандарт 1,5"" 38х13 мм",31.66,₽/шт,Цены и наличие уточняйте,,
"Кисть плоская из смесовой щетины ""Стандарт 2"" 50х14 мм",44.12,₽/шт,Цены и наличие уточняйте,,
"Кисть плоская из смесовой щетины ""Стандарт 2,5"" 63х14 мм",53.25,₽/шт,Цены и наличие уточняйте,,
"Кисть плоская из смесовой щетины ""Стандарт 3"" 75х15 мм",71.06,₽/шт,Цены и наличие уточняйте,,
"Кисть плоская из смесовой щетины ""Стандарт 4"" 100х16 мм",91.43,₽/шт,Цены и наличие уточняйте,,
Кисть круглая №2 натуральная щетина (20 мм),20.36,₽/шт,Цены и наличие уточняйте,,
Кисть круглая №4 натуральная щетина (25 мм),29.07,₽/шт,Цены и наличие уточняйте,,
Кисть круглая №6 натуральная щетина (30 мм),37.75,₽/шт,Цены и наличие уточняйте,,
Кисть круглая №8 натуральная щетина (35 мм),56.42,₽/шт,Цены и наличие уточняйте,,
Кисть круглая №10 натуральная щетина (40 мм),70.22,₽/шт,Цены и наличие уточняйте,,
Кисть круглая №12 натуральная щетина (45 мм),91.43,₽/шт,Цены и наличие уточняйте,,
Кисть круглая №14 натуральная щетина (50 мм),126.41,₽/шт,Цены и наличие уточняйте,,
Кисть круглая №16 натуральная щетина (55 мм),169.69,₽/шт,Цены и наличие уточняйте,,
Кисть круглая №16 натуральная щетина (60 мм),225.9,₽/шт,Цены и наличие уточняйте,,
Кисть плоская синтетическая щетина 30х14 мм.,184.54,₽/шт,Цены и наличие уточняйте,,
Кисть плоская синтетическая щетина 50х19 мм,299.62,₽/шт,Цены и наличие уточняйте,,
Кисть плоская синтетическая щетина 75х22 мм,260.89,₽/шт,Цены и наличие уточняйте,,
Кельма пластмассовая 3мм (280х140 мм),203.63,₽/шт,Цены и наличие уточняйте,,
Кельма пластмассовая 2мм (270х130 мм),152.29,₽/шт,Цены и наличие уточняйте,,
Кельма закругленные углы нержавеющая сталь (280х130 мм),439.9,₽/шт,Цены и наличие уточняйте,,
Кельма нержавеющая сталь с деревянной ручкой (280х130 мм),364.39,₽/шт,Цены и наличие уточняйте,,
Кельма зубчатая нержавеющая сталь зуб 8х8 (280х130 мм),407.66,₽/шт,Цены и наличие уточняйте,,
Кельма зубчатая нержавеющая сталь зуб 10х10 (280х130 мм),414.02,₽/шт,Цены и наличие уточняйте,,
Кельма нержавеющая сталь с резино-пластиковой ручкой (280х130 мм),410.34,₽/шт,Цены и наличие уточняйте,,
Кельма-шпатель нержавеющая сталь заостренная (140 мм),160.32,₽/шт,,,
Кельма-шпатель нержавеющая сталь овальная (160 мм),196.56,₽/шт,Цены и наличие уточняйте,,
Кельма штукатурная нержавеющая сталь с деревянной ручкой (160 мм),195.04,₽/шт,Цены и наличие уточняйте,,
Кельма штукатурная нержавеющая сталь с деревянной ручкой (180 мм),211.03,₽/шт,Цены и наличие уточняйте,,
Кельма штукатурная нержавеющая сталь с резино-пластиковой ручкой (180 мм),255.79,₽/шт,Цены и наличие уточняйте,,
Кельма-шпатель штукатурная нержавеющая сталь (80 мм),167.03,₽/шт,Цены и наличие уточняйте,,
Кельма-шпатель штукатурная нержавеющая сталь (100 мм),185.46,₽/шт,Цены и наличие уточняйте,,
Кельма швейцарская нержавеющая сталь с пластиковой ручкой (480х130 мм),468.63,₽/шт,Цены и наличие уточняйте,,
Кельма зубчатая швейцарская нержавеющая сталь с пластиковой ручкой зуб 8х8 (480х130 мм),432.72,₽/шт,Цены и наличие уточняйте,,
Кельма швейцарская нержавеющая сталь с деревянной ручкой (600х130 мм),612.76,₽/шт,Цены и наличие уточняйте,,
Кельма штукатурная нержавеющая сталь с деревянной ручкой для внутренних углов (60х60х80 мм),233.73,₽/шт,Цены и наличие уточняйте,,
Защитная пленка с креповой клеящей лентой (устойчива к температуре до 80°С) 1100х33000 мм,320.08,₽/шт,Цены и наличие уточняйте,,
Защитная пленка с креповой клеящей лентой (устойчива к температуре до 80°С) 2400х16000 мм,562.49,₽/шт,Цены и наличие уточняйте,,
Защитная бумага с креповой клеящей лентой (устойчива к температуре до 60°С) 1000х20000 мм,123.66,₽/шт,Цены и наличие уточняйте,,
Защитная бумага с креповой клеящей лентой (устойчива к температуре до 60°С) 1800х20000 мм,143.6,₽/шт,Цены и наличие уточняйте,,
Защитная бумага с креповой клеящей лентой (устойчива к температуре до 60°С) 3000х20000 мм,199.8,₽/шт,Цены и наличие уточняйте,,
Защитная пленка с тканевой клеящей лентой (устойчива к УФ излучению) 1800х20000 мм,359.1,₽/шт,Цены и наличие уточняйте,,
Защитная пленка с тканевой клеящей лентой (устойчива к УФ излучению) 2700х16000 мм,590.06,₽/шт,Цены и наличие уточняйте,,
Защитная пленка с тканевой клеящей лентой (устойчива к УФ излучению) 1100х20000 мм,381.15,₽/шт,Цены и наличие уточняйте,,
Черпак для клеевого раствора 175 мм,185.6,₽/шт,Цены и наличие уточняйте,,
Угольник для резки газобетона,1020.93,₽/шт,Цены и наличие уточняйте,,
Скребок-рубанок для выравнивания газобетонных блоков зубчатый (400 мм),871.09,₽/шт,Цены и наличие уточняйте,,
Штроборез по газобетону,721.74,₽/шт,Цены и наличие уточняйте,,
Изолента белая ПВХ,67.25,₽/шт,Цены и наличие уточняйте,,
Изолента синяя ПВХ,67.25,₽/шт,Цены и наличие уточняйте,,
Изолента красная ПВХ,67.25,₽/шт,Цены и наличие уточняйте,,
Изолента черная ПВХ,67.25,₽/шт,Цены и наличие уточняйте,,
Изолента зеленая ПВХ,67.25,₽/шт,Цены и наличие уточняйте,,
Изолента желтая ПВХ,67.25,₽/шт,Цены и наличие уточняйте,,
Изолента черная ХБ,71.06,₽/шт,Цены и наличие уточняйте,,
Зубило с резиновым протектором 16х300 мм,288.68,₽/шт,Цены и наличие уточняйте,,
Зубило с резиновым протектором 19х300 мм,405.54,₽/шт,Цены и наличие уточняйте,,
Скарпель с резиновым протектором 16х300 мм,288.68,₽/шт,Цены и наличие уточняйте,,
Скарпель с полиуретановым протектором 19х300 мм,381.79,₽/шт,Цены и наличие уточняйте,,
Зубило плоское для перфоратора (SDS+) 14х250 мм,238.62,₽/шт,Цены и наличие уточняйте,,
Зубило для перфоратора (SDS+) 14х250 мм,298.43,₽/шт,,,
Зубило пикообразное для перфоратора (SDS+) 14х250 мм,232.26,₽/шт,Цены и наличие уточняйте,,
Зубило полукруглое канальное для перфоратора (SDS+) 14х250 мм,261.31,₽/шт,Цены и наличие уточняйте,,
"Заклепочник усиленный 2, 4/3, 2/4, 0/4, 8 мм",460.48,₽/шт,Цены и наличие уточняйте,,
"Заклепочник силовой 2, 4/3, 2/4, 0/4, 8 мм",900.37,₽/шт,Цены и наличие уточняйте,,
"Заклепочник силовой ""Профи"" 2, 4/3, 2/4, 0/4, 8 мм",1597.75,₽/шт,Цены и наличие уточняйте,,
"Заклепочник с поворотной голоквкой на 90° 2, 4/3, 2/4, 0/4, 8 мм",604.91,₽/шт,Цены и наличие уточняйте,,
"Заклепочник с поворотной головкой на 360° 2, 4/3, 2/4, 0/4, 8 мм",920.94,₽/шт,Цены и наличие уточняйте,,
Круглогубцы 160 мм,342.02,₽/шт,Цены и наличие уточняйте,,
Круглогубцы мини 110 мм,258.77,₽/шт,Цены и наличие уточняйте,,
Длинногубцы (CoW) 170 мм.,309.47,₽/шт,Цены и наличие уточняйте,,
Длинногубцы (CoW) 200 мм.,378.81,₽/шт,Цены и наличие уточняйте,,
Длинногубцы изогнутые (CoW) 170 мм.,317.73,₽/шт,Цены и наличие уточняйте,,
Длинногубцы (CrV) 200 мм.,424.31,₽/шт,Цены и наличие уточняйте,,
"Диск алмазный ""Сплошной"" для в/р керамогранита (125х1,9х22)",509.69,₽/шт,Цены и наличие уточняйте,,
"Диск алмазный ""Сегментный"" для с/р гранита, мрамора (115х1,9х22)",488.05,₽/шт,Цены и наличие уточняйте,,
"Диск алмазный ""Сегментный"" для с/р гранита, мрамора (125х1,9х22)",570.56,₽/шт,Цены и наличие уточняйте,,
"Диск алмазный ""Сегментный"" для с/р гранита, мрамора (150х1,9х22)",769.93,₽/шт,Цены и наличие уточняйте,,
"Диск алмазный ""Сегментный"" для с/р гранита, мрамора (180х2,2х22)",1080.01,₽/шт,Цены и наличие уточняйте,,
"Диск алмазный ""Сегментный"" для с/р гранита, мрамора (230х2,4х22)",1539.42,₽/шт,Цены и наличие уточняйте,,
"Диск алмазный ""Сегментный"" для с/р бетона, кирпича (125х2,0х22)",258.14,₽/шт,Цены и наличие уточняйте,,
"Диск алмазный ""Сегментный"" для с/р бетона, кирпича (180х2,2х22)",642.04,₽/шт,Цены и наличие уточняйте,,
"Диск алмазный ""Сегментный"" для с/р бетона, кирпича (230х2,4х22)",934.73,₽/шт,Цены и наличие уточняйте,,
"Диск алмазный ""Турбо"" для с/р и в/р гранита, мрамора (115х2,4х22)",558.89,₽/шт,Цены и наличие уточняйте,,
"Диск алмазный ""Турбо"" для с/р и в/р гранита, мрамора (125х2,4х22)",611.7,₽/шт,Цены и наличие уточняйте,,
"Диск алмазный ""Турбо"" для с/р и в/р гранита, мрамора (150х2,4х22)",944.07,₽/шт,Цены и наличие уточняйте,,
"Диск алмазный ""Турбо"" для с/р и в/р гранита, мрамора (180х2,6х22)",1105.05,₽/шт,Цены и наличие уточняйте,,
"Диск алмазный ""Турбо"" для с/р и в/р гранита, мрамора (230х3,1х22)",1622.58,₽/шт,Цены и наличие уточняйте,,
"Диск алмазный ""Турбо"" для с/р и в/р бетона, кирпича (125х2,2х22)",238.82,₽/шт,Цены и наличие уточняйте,,
"Диск алмазный ""Турбо"" для с/р и в/р бетона, кирпича (180х2,4х22) эконом",696.33,₽/шт,Цены и наличие уточняйте,,
"Диск алмазный ""Турбо"" для с/р и в/р бетона, кирпича (230х2,6х22)",969.11,₽/шт,Цены и наличие уточняйте,,
Лом-гвоздодер арматурный (600 мм),185.6,₽/шт,Цены и наличие уточняйте,,
Гидроуровень прямоугольная колба 8мм (5 м),155.12,₽/шт,Цены и наличие уточняйте,,
Гидроуровень прямоугольная колба 8мм (7 м),195.66,₽/шт,Цены и наличие уточняйте,,
Гидроуровень прямоугольная колба 8мм (10 м),268.09,₽/шт,Цены и наличие уточняйте,,
Гидроуровень прямоугольная колба 8мм (15 м),355.06,₽/шт,Цены и наличие уточняйте,,
Гидроуровень прямоугольная колба 8мм (20 м),477.24,₽/шт,Цены и наличие уточняйте,,
Гидроуровень прямоугольная колба 8мм (25 м),584.61,₽/шт,Цены и наличие уточняйте,,
"Гидроуровень ""Профи"" закругленная колба 7мм (5 м)",248.17,₽/шт,Цены и наличие уточняйте,,
"Гидроуровень ""Профи"" закругленная колба 7мм (7 м)",325.48,₽/шт,Цены и наличие уточняйте,,
"Гидроуровень ""Профи"" закругленная колба 7мм (10 м)",430.79,₽/шт,Цены и наличие уточняйте,,
"Гидроуровень ""Профи"" закругленная колба 7мм (15 м)",555.98,₽/шт,Цены и наличие уточняйте,,
"Гидроуровень ""Профи"" прямоугольная колба 8мм (20 м)",694.35,₽/шт,Цены и наличие уточняйте,,
Лом-гвоздодер круглый (400 мм),138.94,₽/шт,Цены и наличие уточняйте,,
Веревка бытовая 3 мм (25 м),32.46,₽/шт,Цены и наличие уточняйте,,
Веревка бытовая 4 мм (25 м),40.52,₽/шт,Цены и наличие уточняйте,,
Веревка бытовая 5 мм (25 м),34.16,₽/шт,Цены и наличие уточняйте,,
Веревка бытовая 6 мм (25 м),45.39,₽/шт,Цены и наличие уточняйте,,
Веревка бытовая 9 мм (25 м),165.01,₽/шт,Цены и наличие уточняйте,,
Фал полипропиленовый 10 мм (20 м),693.17,₽/шт,Цены и наличие уточняйте,,
Шпагат полипропиленовый белый (100 м),59.39,₽/шт,Цены и наличие уточняйте,,
Шпагат полипропиленовый синий (100 м),65.29,₽/шт,Цены и наличие уточняйте,,
Шпагат полипропиленовый зеленый (100 м),65.29,₽/шт,Цены и наличие уточняйте,,
Шпагат полипропиленовый красный (100 м),65.29,₽/шт,Цены и наличие уточняйте,,
Шнур разметочный белый (100 м),36.7,₽/шт,Цены и наличие уточняйте,,
Шнур разметочный черный (100 м),39.03,₽/шт,Цены и наличие уточняйте,,
Шнур бытовой высокопрочный 2 мм (25 м),30.3,₽/шт,Цены и наличие уточняйте,,
Шнур бытовой высокопрочный 3 мм (25 м),53.87,₽/шт,Цены и наличие уточняйте,,
Шнур бытовой высокопрочный 4 мм (25 м),80.82,₽/шт,Цены и наличие уточняйте,,
Шнур бытовой высокопрочный 10 мм (25 м),493.14,₽/шт,Цены и наличие уточняйте,,
Шнур бытовой высокопрочный 4 мм (200 м),618.48,₽/шт,Цены и наличие уточняйте,,
Шнур бытовой высокопрочный 5 мм (200 м),907.8,₽/шт,Цены и наличие уточняйте,,
Шнур бытовой высокопрочный 8 мм (200 м),2279.23,₽/шт,Цены и наличие уточняйте,,
Шнур бытовой высокопрочный 10 мм (200 м),3917.5,₽/шт,Цены и наличие уточняйте,,
Ведро металлическое оцинкованное (9 л.),214.23,₽/шт,Цены и наличие уточняйте,,
Ведро металлическое оцинкованное (12 л.),425.21,₽/шт,Цены и наличие уточняйте,,
Ведро металлическое оцинкованное (15 л.),264.7,₽/шт,Цены и наличие уточняйте,,
Ведро для краски пластмассовое (8 л.),149.54,₽/шт,Цены и наличие уточняйте,,
Ведро для краски пластмассовое (12 л.),270.3,₽/шт,Цены и наличие уточняйте,,
Ведро строительное пластмассовое (12 л.),112.32,₽/шт,Цены и наличие уточняйте,,
Ведро строительное пластмассовое (16 л.),166.36,₽/шт,Цены и наличие уточняйте,,
Ведро строительное пластмассовое (20 л.),187.84,₽/шт,Цены и наличие уточняйте,,
Ведро пластмассовое эластичное (12 л.),532.19,₽/шт,Цены и наличие уточняйте,,
Валик без ручки велюр ворс 4 мм (плотность 750 гр/м2) 60 мм,45.08,₽/шт,Цены и наличие уточняйте,,
Валик без ручки велюр ворс 4 мм (плотность 750 гр/м2) 100 мм,59.18,₽/шт,Цены и наличие уточняйте,,
Валик без ручки велюр ворс 4 мм (плотность 750 гр/м2) 150 мм,37.27,₽/шт,Цены и наличие уточняйте,,
Валик без ручки мохер ворс 4 мм (100 мм),48.47,₽/шт,Цены и наличие уточняйте,,
Валик без ручки мохер ворс 4 мм (150 мм),33.94,₽/шт,Цены и наличие уточняйте,,
Валик полиамид ворс 12 мм для окраски труб (В сборе 390 мм),381.8,₽/шт,Цены и наличие уточняйте,,
Валик без ручки полиакрил ворс 12 мм (100 мм),31.71,₽/шт,Цены и наличие уточняйте,,
Валик полиамид ворс 9 мм с желтой полосой термоплавленный (100 мм),35.74,₽/шт,Цены и наличие уточняйте,,
Валик полиамид ворс 9 мм с желтый полосой термоплавленный (150 мм),30.02,₽/шт,Цены и наличие уточняйте,,
Валик полиэстер ворс 12 мм с сине-зеленой полосой термоплавленный (100 мм),42.32,₽/шт,Цены и наличие уточняйте,,
Валик полиэстер ворс 9 мм с коричневой полосой термоплавленный (100 мм),32.45,₽/шт,Цены и наличие уточняйте,,
Валик полиэстер ворс 9 мм с коричневой полосой термоплавленный (150 мм),16.97,₽/шт,Цены и наличие уточняйте,,
Валик полиэстер ворс 12 мм с сине-зеленой полосой структурированный термоплавленный (100 мм),27.05,₽/шт,Цены и наличие уточняйте,,
Валик полиэстер ворс 12 мм с сине-зеленой полосой структурированный термоплавленный (150 мм),22.22,₽/шт,Цены и наличие уточняйте,,
Валик полиэстер ворс 12 мм с желто-синей полосой текстурированный термоплавленный (100 мм),30.97,₽/шт,Цены и наличие уточняйте,,
Валик без ручки поролоновый (100 мм),20.68,₽/шт,Цены и наличие уточняйте,,
Валик без ручки поролоновый (150 мм),48.57,₽/шт,Цены и наличие уточняйте,,
Валик поролоновый с двух сторон закруглен (110 мм),75.31,₽/шт,Цены и наличие уточняйте,,
Валик поролоновый прямой с двух сторон (В сборе 290 мм),97.14,₽/шт,Цены и наличие уточняйте,,
Валик без ручки велюр ворс 4 мм (плотность 750 гр/м2) 250 мм,337.5,₽/шт,Цены и наличие уточняйте,,
Валик велюр ворс 4 мм (плотность 650 гр/м2) 150 мм,274.88,₽/шт,Цены и наличие уточняйте,,
Валик велюр ворс 2 мм (клееный),100.76,₽/шт,Цены и наличие уточняйте,,
Валик велюр ворс 2 мм (В сборе 150 мм),98.41,₽/шт,Цены и наличие уточняйте,,
Валик велюр ворс 2 мм (В сборе 200 мм),112.51,₽/шт,Цены и наличие уточняйте,,
Валик велюр ворс 2 мм (В сборе 250 мм),142.75,₽/шт,Цены и наличие уточняйте,,
Валик натуральный мех ворс 12 мм (плотность 520 гр/м2) 100 мм,89.73,₽/шт,Цены и наличие уточняйте,,
Валик натуральный мех ворс 12 мм (В сборе 150 мм),93.34,₽/шт,Цены и наличие уточняйте,,
Валик натуральный мех ворс 12 мм (В сборе 200 мм),112.84,₽/шт,Цены и наличие уточняйте,,
Валик натуральный мех ворс 12 мм (В сборе 250 мм),123.03,₽/шт,Цены и наличие уточняйте,,
Валик без ручки полиакрил ворс 18 мм (250 мм),183.05,₽/шт,Цены и наличие уточняйте,,
Валик полиакрил с красной нитью ворс 11 мм (180 мм),190.91,₽/шт,Цены и наличие уточняйте,,
Валик полиакрил ворс 18 мм для накатки в углах (180 мм),154.86,₽/шт,Цены и наличие уточняйте,,
Валик без ручки полиакриловый ворс 18 мм (250 мм),231.84,₽/шт,Цены и наличие уточняйте,,
Валик полиакриловый ворс 18 мм для накатки в углах (180 мм),165.3,₽/шт,Цены и наличие уточняйте,,
Валик полиакрил ворс 20 мм (200 мм),226.52,₽/шт,Цены и наличие уточняйте,,
Валик полиакрил ворс 20 мм (250 мм),245.19,₽/шт,Цены и наличие уточняйте,,
Валик без ручки полиамид ворс 12 мм (250 мм),319.16,₽/шт,Цены и наличие уточняйте,,
Валик полиамид ворс 20 мм с серо-красной полосой термоплавленный (180 мм),381.79,₽/шт,Цены и наличие уточняйте,,
Валик полиэстер ворс 19 мм для накатки в углах (180 мм),53.04,₽/шт,Цены и наличие уточняйте,,
Валик полиэстер ворс 9 мм с коричневой полосой термоплавленный (180 мм),191.96,₽/шт,Цены и наличие уточняйте,,
Валик без ручки полиэстер ворс 9 мм (250 мм),250.32,₽/шт,Цены и наличие уточняйте,,
Валик полиэстер текстурированный ворс 12 мм термоплавленный (180 мм),185.29,₽/шт,Цены и наличие уточняйте,,
Валик полиэстер структурированный ворс 18 мм для накатки в углах (180 мм),84.87,₽/шт,Цены и наличие уточняйте,,
Валик полиэстер ворс 14 мм для (В сборе 150 мм),94.39,₽/шт,Цены и наличие уточняйте,,
Валик полиэстер ворс 14 мм для (В сборе 200 мм),101.08,₽/шт,Цены и наличие уточняйте,,
Валик полиэстер ворс 14 мм для (В сборе 250 мм),113.48,₽/шт,Цены и наличие уточняйте,,
Валик поролоновый толщина 12 мм (100 мм),103.3,₽/шт,Цены и наличие уточняйте,,
Валик поролоновый толщина 12 мм (150 мм),112.84,₽/шт,Цены и наличие уточняйте,,
Валик поролоновый толщина 12 мм (200 мм),124.09,₽/шт,Цены и наличие уточняйте,,
Валик поролоновый толщина 12 мм (250 мм),130.45,₽/шт,Цены и наличие уточняйте,,
Бур SDS (6х100х160 мм),0.01,₽/шт,Цены и наличие уточняйте,,
Бур SDS plus двойная спираль (5х160 мм),86.96,₽/шт,Цены и наличие уточняйте,,
Бур SDS plus двойная спираль (6х110 мм),80.07,₽/шт,Цены и наличие уточняйте,,
Бур SDS plus двойная спираль (6х160 мм),84.85,₽/шт,Цены и наличие уточняйте,,
Бур SDS plus двойная спираль (6х210 мм),115.18,₽/шт,Цены и наличие уточняйте,,
Бур SDS plus двойная спираль (6х260 мм),121.97,₽/шт,Цены и наличие уточняйте,,
Бур SDS plus двойная спираль (8х160 мм),96.52,₽/шт,Цены и наличие уточняйте,,
Бур SDS plus двойная спираль (8х350 мм),148.49,₽/шт,Цены и наличие уточняйте,,
Бур SDS plus двойная спираль (10х160 мм),103.31,₽/шт,Цены и наличие уточняйте,,
Бур SDS plus двойная спираль (10х210 мм),127.31,₽/шт,Цены и наличие уточняйте,,
Бур SDS plus двойная спираль (10х260 мм),144.04,₽/шт,Цены и наличие уточняйте,,
Бур SDS plus двойная спираль (10х450 мм),214.79,₽/шт,Цены и наличие уточняйте,,
Бур SDS plus двойная спираль (12х160 мм),122.75,₽/шт,Цены и наличие уточняйте,,
Бур SDS plus двойная спираль (12х210 мм),148.49,₽/шт,Цены и наличие уточняйте,,
Бур SDS plus двойная спираль (12х260 мм),165.01,₽/шт,Цены и наличие уточняйте,,
Бур SDS plus двойная спираль (12х450 мм),231.31,₽/шт,Цены и наличие уточняйте,,
Бур SDS plus двойная спираль (14х450 мм),360.58,₽/шт,Цены и наличие уточняйте,,
Бур SDS plus двойная спираль (16х260 мм),247.83,₽/шт,Цены и наличие уточняйте,,
Бур SDS plus двойная спираль (16х350 мм),349.97,₽/шт,Цены и наличие уточняйте,,
Бур SDS plus двойная спираль (16х450 мм),445.42,₽/шт,Цены и наличие уточняйте,,
Бур SDS plus двойная спираль (16х800 мм),639.75,₽/шт,Цены и наличие уточняйте,,
Бур SDS plus двойная спираль (18х450 мм),509.03,₽/шт,Цены и наличие уточняйте,,
Бур SDS plus двойная спираль (18х600 мм),635.73,₽/шт,Цены и наличие уточняйте,,
Бур SDS plus двойная спираль (18х800 мм),780.81,₽/шт,Цены и наличие уточняйте,,
Бур SDS plus двойная спираль (20х600 мм),866.44,₽/шт,Цены и наличие уточняйте,,
Бумага шлифовальная водостойкая 230х280 мм. (зерно 60),0,₽/шт,Цены и наличие уточняйте,,
Бумага шлифовальная водостойкая 230х280 мм. (зерно 80),0,₽/шт,Цены и наличие уточняйте,,
Бумага шлифовальная водостойкая 230х280 мм. (зерно 100),0,₽/шт,Цены и наличие уточняйте,,
Бумага шлифовальная водостойкая 230х280 мм. (зерно 120),0,₽/шт,Цены и наличие уточняйте,,
Бумага шлифовальная водостойкая 230х280 мм. (зерно 150),0,₽/шт,Цены и наличие уточняйте,,
Бумага шлифовальная водостойкая 230х280 мм. (зерно 180),0,₽/шт,Цены и наличие уточняйте,,
Бумага шлифовальная водостойкая 230х280 мм. (зерно 240),0,₽/шт,Цены и наличие уточняйте,,
Бумага шлифовальная водостойкая 230х280 мм. (зерно 320),0,₽/шт,Цены и наличие уточняйте,,
Бумага шлифовальная водостойкая 230х280 мм. (зерно 400),0,₽/шт,Цены и наличие уточняйте,,
Бумага шлифовальная водостойкая 230х280 мм. (зерно 600),12.12,₽/шт,Цены и наличие уточняйте,,
Бумага шлифовальная водостойкая 230х280 мм. (зерно 800),0,₽/шт,Цены и наличие уточняйте,,
Бумага шлифовальная водостойкая 230х280 мм. (зерно 1000),0,₽/шт,Цены и наличие уточняйте,,
Болторез 14 - 350 мм. углеродистая сталь,716.65,₽/шт,Цены и наличие уточняйте,,
Болторез 24 - 600 мм. углеродистая сталь,1334.96,₽/шт,Цены и наличие уточняйте,,
Болторез 36 - 900 мм. углеродистая сталь,2091.84,₽/шт,Цены и наличие уточняйте,,
запасные лезвия уп 10 шт. 0.4 мм / толщина 18 мм (20/400 шт.),419.53,₽/упаковка,Цены и наличие уточняйте,,
Кисть плоская 38 мм,0,₽/шт,Цены и наличие уточняйте,,
Магнитный угол,329.26,₽/шт,Цены и наличие уточняйте,,
Крюк вязальный,211.09,₽/шт,Цены и наличие уточняйте,,
Пильный диск по дереву Flash 20,394.91,₽/шт,Цены и наличие уточняйте,,
Маркер-краска Черный 4 мм (круг),130.18,₽/шт,Цены и наличие уточняйте,,
Пленка полиэтиленовая 3х100м (ЭКОНОМ),23.18,₽/м.паг,,,
Перчатки зеленые с двойным латексным покрытием (10/100),105.7,₽/шт,Цены и наличие уточняйте,,
Насадка с ограничителем для больших нагрузок,321.81,₽/шт,Цены и наличие уточняйте,,
Просекатель для профиля гипсокартона 300 мм 1/24,563.33,₽/шт,Цены и наличие уточняйте,,
Порошок синий 150 гр. к рулетку с красящим шнуром,115.9,₽/шт,Цены и наличие уточняйте,,
"Нож с лезвием с метал. ведомой, ручная фиксация 18 мм",350.42,₽/шт,Цены и наличие уточняйте,,
Ванна пластиковая для раствора прямоугольная (90 л),640.34,₽/шт,Цены и наличие уточняйте,,
Биты односторонние РН 2х50 мм WhirlPower,83.49,₽/шт,Цены и наличие уточняйте,,
Пленка полиэтиленовая рукав 100х3 м. (100 мкр) (Техническая),45.45,₽/м.пог,Цены и наличие уточняйте,,
Шпатель зубчатый 6х6 (150 мм),92.99,₽/шт,Цены и наличие уточняйте,,
Шпатель зубчатый 8х8 (150 мм),58.39,₽/шт,Цены и наличие уточняйте,,
Шпатель из нержавеющей стали с пластмассовой ручкой (250 мм),87.98,₽/шт,Цены и наличие уточняйте,,
Шпатель малярный с пластмассовой ручкой (60 мм),36.24,₽/шт,Цены и наличие уточняйте,,
Шпатель малярный с пластмассовой ручкой (80 мм),43.44,₽/шт,Цены и наличие уточняйте,,
Шпатель малярный с пластмассовой ручкой (100 мм),54.26,₽/шт,Цены и наличие уточняйте,,
Шпатель для прикатки обоев пластмассовый (280 мм),48.53,₽/шт,Цены и наличие уточняйте,,
Шпатель для прикатки обоев пластмассовый (250 мм),55.48,₽/шт,Цены и наличие уточняйте,,
Шпатель для фугования резиновый (40 мм),0,₽/шт,Цены и наличие уточняйте,,
Шпатель для фугования резиновый (60 мм),14.32,₽/шт,Цены и наличие уточняйте,,
Шпатель для фугования резиновый (80 мм),17.66,₽/шт,Цены и наличие уточняйте,,
Шпатель для фугования резиновый (100 мм),21.85,₽/шт,Цены и наличие уточняйте,,
Шпатель для фугования резиновый (150 мм),39.2,₽/шт,Цены и наличие уточняйте,,
Шпатель из полированной нержавеющей стали с деревянной ручкой (40 мм),57.44,₽/шт,Цены и наличие уточняйте,,
Шпатель из полированной нержавеющей стали с деревянной ручкой (50 мм),63.95,₽/шт,Цены и наличие уточняйте,,
Шпатель из полированной нержавеющей стали с деревянной ручкой (60 мм),74.38,₽/шт,Цены и наличие уточняйте,,
Шпатель из полированной нержавеющей стали с деревянной ручкой (80 мм),102.62,₽/шт,Цены и наличие уточняйте,,
Шпатель из полированной нержавеющей стали с деревянной ручкой (100 мм),111.35,₽/шт,Цены и наличие уточняйте,,
Шпатель с резино-пластиковой ручкой (350 мм),388.95,₽/шт,Цены и наличие уточняйте,,
Шпатель малярный с резино-пластиковой ручкой (80 мм),231.94,₽/шт,Цены и наличие уточняйте,,
Шпатель фасадный из нержавеющей стали с пластмассовой ручкой (150 мм),59.66,₽/шт,Цены и наличие уточняйте,,
Шпатель фасадный из нержавеющей стали с пластмассовой ручкой (200 мм),78.87,₽/шт,Цены и наличие уточняйте,,
Шпатель фасадный из нержавеющей стали с пластмассовой ручкой (250 мм),105.52,₽/шт,Цены и наличие уточняйте,,
Шпатель фасадный из нержавеющей стали с пластмассовой ручкой (350 мм),144.98,₽/шт,Цены и наличие уточняйте,,
Шпатель фасадный из нержавеющей стали с пластмассовой ручкой (450 мм),194.88,₽/шт,Цены и наличие уточняйте,,
Шпатель фасадный из нержавеющей стали с пластмассовой ручкой (600 мм),228.28,₽/шт,Цены и наличие уточняйте,,
Шпатель-скребок стальное полотно с деревянной ручкой (70 мм),80.5,₽/шт,Цены и наличие уточняйте,,
Шпатель-скребок нержавеющая сталь с пластиковой ручкой (100 мм),222.72,₽/шт,Цены и наличие уточняйте,,
Штангенциркуль пластмассовый 150 мм (точность 0.1 мм),41.24,₽/шт,Цены и наличие уточняйте,,
Штангенциркуль стальной 150 мм (точность 0.02 мм),649.51,₽/шт,Цены и наличие уточняйте,,
Уровень алюминиевый скелетный 3 глазка линейка 400 мм,170.53,₽/шт,Цены и наличие уточняйте,,
Уровень алюминиевый скелетный 3 глазка линейка 600 мм,237.19,₽/шт,Цены и наличие уточняйте,,
Уровень алюминиевый скелетный 3 глазка линейка 800 мм,298.42,₽/шт,Цены и наличие уточняйте,,
Уровень алюминиевый скелетный 3 глазка линейка 1000 мм,321.97,₽/шт,Цены и наличие уточняйте,,
Уровень алюминиевый скелетный 3 глазка линейка 1200 мм,398.17,₽/шт,Цены и наличие уточняйте,,
Уровень алюминиевый скелетный 3 глазка линейка 1500 мм,470.23,₽/шт,Цены и наличие уточняйте,,
Уровень алюминиевый скелетный 3 глазка (1 из них поворотный) линейка 800 мм,383.69,₽/шт,Цены и наличие уточняйте,,
Уровень алюминиевый скелетный 3 глазка (1 из них поворотный) линейка 1000 мм,447.64,₽/шт,Цены и наличие уточняйте,,
Уровень алюминиевый скелетный 3 глазка (1 из них поворотный) линейка 1200 мм,695.32,₽/шт,,,
Уровень алюминиевый скелетный 3 глазка (1 из них поворотный) линейка 1500 мм,741.53,₽/шт,Цены и наличие уточняйте,,
Уровень алюминиевый скелетный 3 глазка (1 из них поворотный) линейка 1800 мм,943.32,₽/шт,Цены и наличие уточняйте,,
"Удлиняющий стержень 300 см стальной 3-часть ""Эксперт""",284.82,₽/шт,Цены и наличие уточняйте,,
"Удлиняющий стержень 120 см стальной 1-часть ""Эксперт""",110.09,₽/шт,Цены и наличие уточняйте,,
Удлиняющий стержень стальной 1-часть d 21мм (1200 мм),163.77,₽/шт,Цены и наличие уточняйте,,
Удлиняющий стержень стальной 2-части d21/25 мм (1150-2000 мм),254.73,₽/шт,Цены и наличие уточняйте,,
Удлиняющий стержень стальной 3-части d19/22/25 мм (1200-3000 мм),358.24,₽/шт,Цены и наличие уточняйте,,
Удлиняющий стержень стальной 3-части  d19/22/25 мм (1570-4000 мм),437.77,₽/шт,Цены и наличие уточняйте,,
Удлиняющий стержень стальной 2-части d21/25 мм (1330-2400 мм),392.13,₽/шт,Цены и наличие уточняйте,,
Угломер-шаблон (малка) 200 мм,144.2,₽/шт,Цены и наличие уточняйте,,
Угольник с алюминиевым основанием 250 мм,133.85,₽/шт,Цены и наличие уточняйте,,
Угольник с алюминиевым основанием 300 мм,148.43,₽/шт,Цены и наличие уточняйте,,
Угольник с алюминиевым основанием 350 мм,159.88,₽/шт,Цены и наличие уточняйте,,
Угольник стальной 300х200 мм,170.22,₽/шт,Цены и наличие уточняйте,,
Угольник стальной 500х300 мм,312.75,₽/шт,Цены и наличие уточняйте,,
Угольник стальной 600х400 мм,417.9,₽/шт,Цены и наличие уточняйте,,
Уровень-угольник алюминиевый 2 глазка 500х300 мм,621.2,₽/шт,Цены и наличие уточняйте,,
Топор хозяйственный с стеклопластиковой обрезиненной ручкой (0.7 кг),653.01,₽/шт,Цены и наличие уточняйте,,
Топор хозяйственный с фиберглассовой обрезиненной ручкой (0.9 кг),923.44,₽/шт,Цены и наличие уточняйте,,
Топор хозяйственный с деревянной ручкой тип Б (0.8 кг),661.44,₽/шт,Цены и наличие уточняйте,,
Топор хозяйственный с деревянной ручкой тип Б (1.4 кг),833.24,₽/шт,Цены и наличие уточняйте,,
Топор таежный с деревянной ручкой (0.6 кг),683.78,₽/шт,Цены и наличие уточняйте,,
Топор таежный с деревянной ручкой (1.1 кг),807.46,₽/шт,Цены и наличие уточняйте,,
Топор хозяйственный с деревянной ручкой тип А (0.9 кг),695.8,₽/шт,Цены и наличие уточняйте,,
Топор хозяйственный с деревянной ручкой тип А (1.4 кг),867.6,₽/шт,Цены и наличие уточняйте,,
"Тонкогубцы ""мини"" 50 мм.",229.15,₽/шт,Цены и наличие уточняйте,,
"Тонкогубцы изогнутые ""мини"" 50 мм.",149.65,₽/шт,Цены и наличие уточняйте,,
"Тонкогубцы удлиненные ""мини"" 110 мм.",229.15,₽/шт,Цены и наличие уточняйте,,
Степлер строительный пластмассовый (скоба 53),373.04,₽/шт,Цены и наличие уточняйте,,
Степлер строительный металлический (скоба 53),514.13,₽/шт,Цены и наличие уточняйте,,
Степлер строительный металлический с регулировкой силы удара (скоба 53),781.22,₽/шт,Цены и наличие уточняйте,,
Степлер для крепления кабеля (диаметром до 6.5 мм),687.21,₽/шт,Цены и наличие уточняйте,,
Стамеска с резино-пластиковой ручкой ударная (6 мм),125.35,₽/шт,Цены и наличие уточняйте,,
Стамеска с резино-пластиковой ручкой ударная (8 мм),129.02,₽/шт,Цены и наличие уточняйте,,
Стамеска с резино-пластиковой ручкой ударная (10 мм),192.33,₽/шт,Цены и наличие уточняйте,,
Стамеска с резино-пластиковой ручкой ударная (12 мм),235.43,₽/шт,Цены и наличие уточняйте,,
Стамеска с резино-пластиковой ручкой ударная (14 мм),230.34,₽/шт,Цены и наличие уточняйте,,
Стамеска с резино-пластиковой ручкой ударная (20 мм),266.46,₽/шт,Цены и наличие уточняйте,,
Стамеска с резино-пластиковой ручкой ударная (28 мм),254.53,₽/шт,Цены и наличие уточняйте,,
Стамеска с резино-пластиковой ручкой ударная (32 мм),305.42,₽/шт,Цены и наличие уточняйте,,
Стамеска с резино-пластиковой ручкой ударная (38 мм),314.97,₽/шт,Цены и наличие уточняйте,,
Стамеска с деревянной ручкой (18 мм),125.2,₽/шт,Цены и наличие уточняйте,,
Стамеска с деревянной ручкой (24 мм),130.44,₽/шт,Цены и наличие уточняйте,,
Стамеска с деревянной ручкой (28 мм),168.94,₽/шт,Цены и наличие уточняйте,,
Стамеска с деревянной ручкой (32 мм),175.79,₽/шт,Цены и наличие уточняйте,,
Скобы для крепления кабеля тип 53 (8 мм),64.7,₽/упаковка,Цены и наличие уточняйте,,
Скобы для крепления кабеля тип 53 (10 мм),75.31,₽/упаковка,Цены и наличие уточняйте,,
Скобы для крепления кабеля тип 53 (12 мм),83.79,₽/упаковка,Цены и наличие уточняйте,,
Скобы для крепления кабеля тип 53 (14 мм),85.91,₽/упаковка,Цены и наличие уточняйте,,
Скоба для крепления кабеля (круглая) 50 шт.,29.07,₽/упаковка,Цены и наличие уточняйте,,
Сверло по металлу HSS (3.0 мм),149.54,₽/упаковка,Цены и наличие уточняйте,,
Сверло по металлу HSS (3.2 мм),169.69,₽/упаковка,Цены и наличие уточняйте,,
Сверло по металлу HSS (3.5 мм),165.66,₽/упаковка,Цены и наличие уточняйте,,
Сверло по металлу HSS (4.0 мм),154.58,₽/упаковка,Цены и наличие уточняйте,,
Сверло по металлу HSS (4.2 мм),153.98,₽/упаковка,Цены и наличие уточняйте,,
Сверло по металлу HSS (5.0 мм),143.8,₽/упаковка,Цены и наличие уточняйте,,
Сверло по металлу HSS (6.0 мм),204.46,₽/упаковка,Цены и наличие уточняйте,,
Сверло по металлу HSS (7.0 мм),161,₽/упаковка,Цены и наличие уточняйте,,
Сверло по металлу HSS (8.0 мм),205.31,₽/упаковка,Цены и наличие уточняйте,,
Сверло по металлу HSS (10.0 мм),333.42,₽/упаковка,Цены и наличие уточняйте,,
Сверло по металлу HSS (11.0 мм),319.71,₽/упаковка,Цены и наличие уточняйте,,
Сверло по металлу HSS (12.0 мм),528.7,₽/упаковка,Цены и наличие уточняйте,,
"Рулетка РФ-5 ""Велюр"" (5м)",301.56,₽/шт,Цены и наличие уточняйте,,
"Рулетка ""Автостоп"" (3 м)",354.24,₽/шт,Цены и наличие уточняйте,,
"Рулетка ""Автостоп"" (5 м)",477.69,₽/шт,Цены и наличие уточняйте,,
Рубанок по дереву металлический (250х50 мм),1201.02,₽/шт,Цены и наличие уточняйте,,
Рубанок по дереву металлический (350х50 мм),1543.03,₽/шт,Цены и наличие уточняйте,,
"Рубанок по гипсокартону нейлоновый (срез 22,5°-45°)",531.32,₽/шт,Цены и наличие уточняйте,,
Рубанок по гипсокартону обдирочный (140х40 мм),397.48,₽/шт,Цены и наличие уточняйте,,
Рубанок по гипсокартону обдирочный (250х40 мм),458.47,₽/шт,Цены и наличие уточняйте,,
"Респиратор ""У-2К""",61.52,₽/шт,Цены и наличие уточняйте,,
"Респиратор ""РПГ-67"" тип Б",441.37,₽/шт,Цены и наличие уточняйте,,
Просекатель профиля для гипсокартона (300 мм),811.29,₽/шт,Цены и наличие уточняйте,,
Просекатель профиля для гипсокартона (330 мм),1305.22,₽/шт,Цены и наличие уточняйте,,
Просекатель профиля для гипсокартона (250 мм),1512.02,₽/шт,Цены и наличие уточняйте,,
"Правило профиль ""Трапеция"" с заглушками (2500 мм)",937.76,₽/шт,Цены и наличие уточняйте,,
"Правило профиль ""Трапеция"" с заглушками (3000 мм)",1072.18,₽/шт,Цены и наличие уточняйте,,
Правило уровень с заглушками 2 глазка 2 ручки (1500 мм),1580.57,₽/шт,Цены и наличие уточняйте,,
Правило уровень с заглушками 2 глазка 2 ручки (2000 мм),1951.33,₽/шт,Цены и наличие уточняйте,,
Правило уровень с заглушками 2 глазка 2 ручки (2500 мм),2322.5,₽/шт,Цены и наличие уточняйте,,
Правило уровень с заглушками 2 глазка 2 ручки (3000 мм),2783.82,₽/шт,Цены и наличие уточняйте,,
Полотно по дереву для электролобзика (прямой грубый рез),65.39,₽/упаковка,Цены и наличие уточняйте,,
Полотно по дереву для электролобзика (фигурный чистый рез),107.12,₽/упаковка,Цены и наличие уточняйте,,
Полотно по ламинату для электролобзика (прямой чистый рез),244.76,₽/упаковка,Цены и наличие уточняйте,,
Полотно по ламинату для электролобзика (фигурный чистый рез),254.53,₽/упаковка,Цены и наличие уточняйте,,
Полотно по металлу для электролобзика (прямой рез),138.94,₽/упаковка,Цены и наличие уточняйте,,
Полотно по поликарбонату для электролобзика (прямой чистый рез),240.52,₽/упаковка,Цены и наличие уточняйте,,
Плиткорез толщина плитки (500 мм),2306.59,₽/шт,Цены и наличие уточняйте,,
Плиткорез толщина плитки (600 мм),2484.35,₽/шт,Цены и наличие уточняйте,,
Пистолет для горячего склеивания (6 мм),247.53,₽/шт,Цены и наличие уточняйте,,
Пистолет для горячего склеивания (11 мм),426.13,₽/шт,Цены и наличие уточняйте,,
Сменные патроны с клеем (6 мм),60.88,₽/упаковка,Цены и наличие уточняйте,,
Сменные патроны с клеем (11 мм),208.71,₽/упаковка,Цены и наличие уточняйте,,
Полукорпусной пистолет для герметика с гладким штоком 310 мл.,198.28,₽/шт,Цены и наличие уточняйте,,
Полукорпусной пистолет для герметика с зубчатым штоком 310 мл.,198.1,₽/шт,Цены и наличие уточняйте,,
"Пистолет для герметика закрытый для труб ""Профи"" 400 мл.",561.85,₽/шт,Цены и наличие уточняйте,,
Пистолет для герметика закрытый для труб 600 мл.,716.47,₽/шт,Цены и наличие уточняйте,,
"Пистолет для монтажной пены ""Стандарт""",612.44,₽/шт,Цены и наличие уточняйте,,
Пассатижи для зачистки проводов (160 мм),390.26,₽/шт,Цены и наличие уточняйте,,
Защитные очки с непрямой вентиляцией,93.06,₽/шт,Цены и наличие уточняйте,,
"Защитные очки ""Профи""с перфорированной вентиляцией",287.78,₽/шт,Цены и наличие уточняйте,,
Защитные очки с дужками,91.63,₽/шт,Цены и наличие уточняйте,,
Отвес 100 гр,123.87,₽/шт,Цены и наличие уточняйте,,
Отвес 200 гр,154.63,₽/шт,Цены и наличие уточняйте,,
Отвес 300 гр,219.96,₽/шт,Цены и наличие уточняйте,,
Отвертка крестовая двухкомпонентная ручка (Ph 0*75 мм.),68.52,₽/шт,Цены и наличие уточняйте,,
Отвертка крестовая двухкомпонентная ручка (Ph 0*100 мм.),71.06,₽/шт,Цены и наличие уточняйте,,
Отвертка крестовая двухкомпонентная ручка (Ph 1*75 мм.),111.89,₽/шт,Цены и наличие уточняйте,,
Отвертка крестовая двухкомпонентная ручка (Ph 1*100 мм.),116.23,₽/шт,Цены и наличие уточняйте,,
Отвертка крестовая двухкомпонентная ручка (Ph 1*150 мм.),122.17,₽/шт,Цены и наличие уточняйте,,
Отвертка крестовая двухкомпонентная ручка (Ph 2*100 мм.),136.92,₽/шт,Цены и наличие уточняйте,,
Отвертка крестовая двухкомпонентная ручка (Ph 2*150 мм.),149.12,₽/шт,Цены и наличие уточняйте,,
Отвертка крестовая двухкомпонентная ручка (Ph 3*150 мм.),195.56,₽/шт,Цены и наличие уточняйте,,
Отвертка крестовая двухкомпонентная ручка (Ph 3*200 мм.),213.8,₽/шт,Цены и наличие уточняйте,,
"Отвертка ударная шлицевая двухкомпонентная ручка (Ph 5,0*100 мм.)",133.42,₽/шт,Цены и наличие уточняйте,,
"Отвертка ударная шлицевая двухкомпонентная ручка (Ph 2,0*125 мм.)",192.38,₽/шт,Цены и наличие уточняйте,,
"Отвертка ударная шлицевая двухкомпонентная ручка (Ph 3,0*150 мм.)",233.34,₽/шт,Цены и наличие уточняйте,,
"Отвертка универсальная 2 в 1 двухкомпонентная ручка (6,3 ph2*100)",144.45,₽/шт,Цены и наличие уточняйте,,
"Отвертка шлицевая двухкомпонентная ручка (3,2*75 мм.)",68.52,₽/шт,Цены и наличие уточняйте,,
"Отвертка шлицевая двухкомпонентная ручка (3,2*100 мм.)",70.94,₽/шт,Цены и наличие уточняйте,,
"Отвертка шлицевая двухкомпонентная ручка (3,2*150 мм.)",83.37,₽/шт,Цены и наличие уточняйте,,
"Отвертка шлицевая двухкомпонентная ручка (5,0*75 мм.)",109.97,₽/шт,Цены и наличие уточняйте,,
"Отвертка шлицевая двухкомпонентная ручка (5,0*100 мм.)",116.23,₽/шт,Цены и наличие уточняйте,,
"Отвертка шлицевая двухкомпонентная ручка (5,0*150 мм.)",122.17,₽/шт,Цены и наличие уточняйте,,
"Отвертка шлицевая двухкомпонентная ручка (6,0*100 мм.)",136.92,₽/шт,Цены и наличие уточняйте,,
"Отвертка шлицевая двухкомпонентная ручка (6,0*150 мм.)",149.12,₽/шт,Цены и наличие уточняйте,,
"Отвертка шлицевая двухкомпонентная ручка (8,0*150 мм.)",195.56,₽/шт,Цены и наличие уточняйте,,
Ролик для прикатки обоев 6 мм (45х150 мм.),104.46,₽/шт,Цены и наличие уточняйте,,
Прижимной ролик для прикатки обоев 6 мм (45х150 мм.),210.74,₽/шт,Цены и наличие уточняйте,,
Ролик для швов обоев бочковой формы 6 мм (35х150 мм.),49.23,₽/шт,Цены и наличие уточняйте,,
Ролик для швов обоев конической формы 6 мм (35х150 мм.),49.6,₽/шт,Цены и наличие уточняйте,,
Валик игольчатый деревянная ручка для прокалывания обоев и гкл (500 мм.),580.86,₽/шт,Цены и наличие уточняйте,,
Ножовка по металлу деревянная ручка 300 мм,239.8,₽/шт,Цены и наличие уточняйте,,
Ножовка по металлу пластмассовая ручка 300 мм,217.52,₽/шт,Цены и наличие уточняйте,,
Ножовка по металлу пластмассовая ручка 200-300 мм,422.35,₽/шт,Цены и наличие уточняйте,,
"Ножовка по дереву универсальный профиль (шаг 4,0 мм.) пластмассовая ручка 400 мм",221.76,₽/шт,Цены и наличие уточняйте,,
"Ножовка по дереву универсальный профиль (шаг 4,0 мм.) пластмассовая ручка 450 мм",231.94,₽/шт,Цены и наличие уточняйте,,
"Ножовка по дереву универсальный профиль (шаг 4,0 мм.) пластмассовая ручка 500 мм",272.18,₽/шт,Цены и наличие уточняйте,,
Ножовка по дереву поперечный профиль (шаг 4.0 мм.) пластмассовая ручка 400 мм,329.92,₽/шт,Цены и наличие уточняйте,,
"Ножовка по дереву поперечный профиль (шаг 4,0 мм.) пластмассовая ручка 450 мм",374.63,₽/шт,Цены и наличие уточняйте,,
"Ножовка по дереву поперечный профиль (шаг 4,0 мм.) пластмассовая ручка 500 мм",430.31,₽/шт,Цены и наличие уточняйте,,
Ножницы обойные из нержавеющей стали (240 мм),171.8,₽/шт,Цены и наличие уточняйте,,
Ножницы обойные из нержавеющей стали (280 мм),268.09,₽/шт,Цены и наличие уточняйте,,
Ножницы по металлу хромоникелевая сталь (250 мм),352.93,₽/шт,Цены и наличие уточняйте,,
Ножницы по металлу хромоникелевая сталь левые (250 мм),377.85,₽/шт,Цены и наличие уточняйте,,
Ножницы по металлу хромоникелевая сталь правые (250 мм),377.96,₽/шт,Цены и наличие уточняйте,,
Ножницы по металлу универсальные (230 мм),711.87,₽/шт,Цены и наличие уточняйте,,
Ножницы универсальные нержавеющая сталь (180 мм),361.64,₽/шт,Цены и наличие уточняйте,,
Ножницы технические нержавеющая сталь (200 мм),436.93,₽/шт,Цены и наличие уточняйте,,
Ножницы для резки труб из ПВХ до 42 мм,840.09,₽/шт,Цены и наличие уточняйте,,
Молоток с квадратным бойком деревянной ручкой (200 г),213.17,₽/шт,Цены и наличие уточняйте,,
Молоток с квадратным бойком деревянной ручкой (300 г),295.67,₽/шт,Цены и наличие уточняйте,,
Молоток с квадратным бойком деревянной ручкой (400 г),350.61,₽/шт,Цены и наличие уточняйте,,
Молоток с квадратным бойком деревянной ручкой (500 г),405.54,₽/шт,Цены и наличие уточняйте,,
Молоток с квадратным бойком деревянной ручкой (600 г),474.22,₽/шт,Цены и наличие уточняйте,,
Молоток с квадратным бойком деревянной ручкой (800 г),597.92,₽/шт,Цены и наличие уточняйте,,
Молоток с квадратным бойком деревянной ручкой (1000 г),680.42,₽/шт,Цены и наличие уточняйте,,
Молоток с квадратным оцинкованным бойком деревянной ручкой (200 г),275.84,₽/шт,Цены и наличие уточняйте,,
Молоток с квадратным оцинкованным бойком деревянной ручкой (400 г),371.19,₽/шт,Цены и наличие уточняйте,,
Молоток с квадратным оцинкованным бойком деревянной ручкой (500 г),423.78,₽/шт,Цены и наличие уточняйте,,
Молоток с квадратным оцинкованным бойком деревянной ручкой (600 г),591.92,₽/шт,Цены и наличие уточняйте,,
Молоток-кирочка с металлической ручкой (600 г),602.44,₽/шт,Цены и наличие уточняйте,,
Молоток-кирочка с деревянной ручкой (700 г),402.99,₽/шт,Цены и наличие уточняйте,,
Молоток с квадратным бойком фиберглассовой ручкой (200 г),312.64,₽/шт,Цены и наличие уточняйте,,
Молоток с квадратным бойком фиберглассовой ручкой (300 г),357.4,₽/шт,Цены и наличие уточняйте,,
Молоток с квадратным бойком фиберглассовой ручкой (400 г),390.49,₽/шт,Цены и наличие уточняйте,,
Молоток с квадратным бойком фиберглассовой ручкой (500 г),443.51,₽/шт,Цены и наличие уточняйте,,
Молоток с квадратным бойком фиберглассовой ручкой (600 г),505.87,₽/шт,Цены и наличие уточняйте,,
Молоток с квадратным бойком фиберглассовой ручкой (800 г),638.42,₽/шт,Цены и наличие уточняйте,,
Молоток с квадратным бойком фиберглассовой ручкой (1000 г),801.75,₽/шт,Цены и наличие уточняйте,,
Молоток-гвоздодер металлической ручкой (570 г),398.5,₽/шт,Цены и наличие уточняйте,,
Молоток-гвоздодер фиберглассовой ручкой (225 г),278.39,₽/шт,Цены и наличие уточняйте,,
Молоток-гвоздодер фиберглассовой ручкой (340 г),332.63,₽/шт,Цены и наличие уточняйте,,
Молоток-гвоздодер фиберглассовой ручкой (450 г),402.14,₽/шт,Цены и наличие уточняйте,,
Миксер для краски металлический окрашенный (масса смеси до 10 кг) 60х400 мм,148.48,₽/шт,Цены и наличие уточняйте,,
Миксер для краски металлический окрашенный (масса смеси до 15 кг) 80х430 мм,181.56,₽/шт,Цены и наличие уточняйте,,
Миксер для краски металлический окрашенный (масса смеси до 20 кг) 100х600 мм,296.97,₽/шт,Цены и наличие уточняйте,,
Миксер для штукатурки металлический оцинкованный 80х8х400 мм,247.53,₽/шт,Цены и наличие уточняйте,,
Миксер для штукатурки металлический оцинкованный 80х9х450 мм,222.32,₽/шт,Цены и наличие уточняйте,,
Миксер для штукатурки металлический оцинкованный 90х8х500 мм мм,323.46,₽/шт,Цены и наличие уточняйте,,
Миксер для штукатурки металлический оцинкованный 110х10х600 мм,481.04,₽/шт,Цены и наличие уточняйте,,
Миксер для гипса металлический оцинкованный 80х8х400 мм,236.55,₽/шт,Цены и наличие уточняйте,,
Миксер для гипса металлический оцинкованный 110х10х560 мм,404.06,₽/шт,Цены и наличие уточняйте,,
Кусачки боковые 140 мм,388.14,₽/шт,Цены и наличие уточняйте,,
Кусачки боковые 160 мм,357.92,₽/шт,Цены и наличие уточняйте,,
Кусачки торцевые 160 мм,419.64,₽/шт,Цены и наличие уточняйте,,
Кусачки боковые усиленные 180 мм,475.64,₽/шт,Цены и наличие уточняйте,,
Краскопульт Auarita (600 мл),1829.36,₽/шт,Цены и наличие уточняйте,,
Продувочный пистолет,254.56,₽/шт,Цены и наличие уточняйте,,
Пистолет для вязких жидкостей (промывочный),487.85,₽/шт,Цены и наличие уточняйте,,
Коронка по камню SDS plus 45 мм.,556.76,₽/шт,Цены и наличие уточняйте,,
Коронка по камню SDS plus 55 мм.,636.31,₽/шт,Цены и наличие уточняйте,,
Коронка по камню SDS plus 65 мм.,723.8,₽/шт,Цены и наличие уточняйте,,
Коронка по камню SDS plus 68 мм.,747.34,₽/шт,Цены и наличие уточняйте,,
Коронка по камню SDS plus 80 мм.,1183.53,₽/шт,Цены и наличие уточняйте,,
Клинья для плитки пластмассовые (33х6х6),41.15,₽/упаковка,Цены и наличие уточняйте,,
"Набор имбусовых ключей (1,5-10 мм)",213.8,₽/шт,Цены и наличие уточняйте,,
"Набор имбусовых ключей с шаром ""Профи"" (1,5-10 мм)",546.43,₽/шт,Цены и наличие уточняйте,,
Набор комбинированных ключей (8-19 мм),747.34,₽/шт,Цены и наличие уточняйте,,
Набор комбинированных ключей (6-22 мм),1144.24,₽/шт,Цены и наличие уточняйте,,
Набор рожковых ключей (6-32 мм),1144.88,₽/шт,Цены и наличие уточняйте,,
Ключ комбинированный ков.сталь хромированный 7 мм,68.72,₽/шт,Цены и наличие уточняйте,,
Набор накидных ключей (6-19 мм),758.47,₽/шт,Цены и наличие уточняйте,,
Ключ комбинированный ков.сталь хромированный 8 мм,75.73,₽/шт,Цены и наличие уточняйте,,
Набор накидных ключей (6-22 мм),1191.15,₽/шт,Цены и наличие уточняйте,,
Ключ комбинированный ков.сталь хромированный 9 мм,81.45,₽/шт,Цены и наличие уточняйте,,
Набор рожковых ключей (6-16 мм),302.24,₽/шт,Цены и наличие уточняйте,,
Ключ комбинированный ков.сталь хромированный 10 мм,82.72,₽/шт,Цены и наличие уточняйте,,
Набор рожковых ключей (6-22 мм),487.73,₽/шт,Цены и наличие уточняйте,,
Ключ комбинированный ков.сталь хромированный 11 мм,85.26,₽/шт,Цены и наличие уточняйте,,
Ключ комбинированный ков.сталь хромированный 12 мм,92.27,₽/шт,Цены и наличие уточняйте,,
Ключ комбинированный ков.сталь хромированный 13 мм,103.08,₽/шт,Цены и наличие уточняйте,,
Ключ комбинированный ков.сталь хромированный 14 мм,115.6,₽/шт,Цены и наличие уточняйте,,
Ключ комбинированный ков.сталь хромированный 15 мм,137.44,₽/шт,Цены и наличие уточняйте,,
Ключ комбинированный ков.сталь хромированный 16 мм,147.42,₽/шт,Цены и наличие уточняйте,,
Ключ комбинированный ков.сталь хромированный 17 мм,149.96,₽/шт,Цены и наличие уточняйте,,
Ключ комбинированный ков.сталь хромированный 18 мм,181.56,₽/шт,Цены и наличие уточняйте,,
Ключ комбинированный ков.сталь хромированный 19 мм,185.8,₽/шт,Цены и наличие уточняйте,,
Ключ комбинированный ков.сталь хромированный 22 мм,350.61,₽/шт,Цены и наличие уточняйте,,
Ключ комбинированный ков.сталь хромированный 24 мм,398.76,₽/шт,Цены и наличие уточняйте,,
Ключ комбинированный ков.сталь хромированный 27 мм,433.01,₽/шт,Цены и наличие уточняйте,,
Ключ комбинированный ков.сталь хромированный 30 мм,485.98,₽/шт,Цены и наличие уточняйте,,
Ключ накидной ков.сталь хромированный 6-7 мм,97.75,₽/шт,Цены и наличие уточняйте,,
Ключ накидной ков.сталь хромированный 8-9 мм,108.62,₽/шт,Цены и наличие уточняйте,,
Ключ накидной ков.сталь хромированный 10-11 мм,129.51,₽/шт,Цены и наличие уточняйте,,
Ключ накидной ков.сталь хромированный 12-13 мм,146.1,₽/шт,Цены и наличие уточняйте,,
Ключ накидной ков.сталь хромированный 14-15 мм,140.82,₽/шт,Цены и наличие уточняйте,,
Ключ накидной ков.сталь хромированный 17-19 мм,236.79,₽/шт,Цены и наличие уточняйте,,
Ключ накидной ков.сталь хромированный 19-22 мм,258.57,₽/шт,Цены и наличие уточняйте,,
"Ключ разводной 6"" (150 мм)",245.68,₽/шт,Цены и наличие уточняйте,,
"Ключ разводной 8"" (200 мм)",443.15,₽/шт,Цены и наличие уточняйте,,
"Ключ разводной 10"" (250 мм)",569.97,₽/шт,Цены и наличие уточняйте,,
"Ключ разводной 12"" (300 мм)",800.11,₽/шт,Цены и наличие уточняйте,,
Ключ рожковый ков.сталь хромированный 6-7 мм,61.08,₽/шт,Цены и наличие уточняйте,,
Ключ рожковый ков.сталь хромированный 8-9 мм,78.56,₽/шт,Цены и наличие уточняйте,,
Ключ рожковый ков.сталь хромированный 10-11 мм,106.47,₽/шт,Цены и наличие уточняйте,,
Ключ рожковый ков.сталь хромированный 12-13 мм,121.54,₽/шт,,,
Ключ рожковый ков.сталь хромированный 14-15 мм,155.9,₽/шт,Цены и наличие уточняйте,,
Ключ рожковый ков.сталь хромированный 16-17 мм,156.98,₽/шт,Цены и наличие уточняйте,,
Ключ рожковый ков.сталь хромированный 18-19 мм,197.92,₽/шт,Цены и наличие уточняйте,,
Ключ рожковый ков.сталь хромированный 20-22 мм,301.26,₽/шт,Цены и наличие уточняйте,,
Ключ рожковый ков.сталь хромированный 30-32 мм,592.53,₽/шт,Цены и наличие уточняйте,,
Киянка резиновая с деревянной ручкой 340 гр.,268.09,₽/шт,Цены и наличие уточняйте,,
Киянка резиновая с деревянной ручкой 450 гр.,343.61,₽/шт,Цены и наличие уточняйте,,
Киянка резиновая с деревянной ручкой 680 гр.,439.9,₽/шт,Цены и наличие уточняйте,,
Клеши строительные 180 мм,398.5,₽/шт,Цены и наличие уточняйте,,
Клеши строительные 250 мм,587.3,₽/шт,Цены и наличие уточняйте,,
"Кисть плоская натуральная щетина ""Евро 1"" 25х12 мм",41.37,₽/шт,Цены и наличие уточняйте,,
"Кисть плоская натуральная щетина ""Евро 1,5"" 38х13 мм",63.95,₽/шт,Цены и наличие уточняйте,,
"Кисть плоская натуральная щетина ""Евро 2"" 50х14 мм",96.29,₽/шт,Цены и наличие уточняйте,,
"Кисть плоская натуральная щетина ""Евро 2,5"" 63х14 мм",125.14,₽/шт,Цены и наличие уточняйте,,
"Кисть плоская натуральная щетина ""Евро 3"" 75х15 мм",153.98,₽/шт,Цены и наличие уточняйте,,
"Кисть плоская натуральная щетина ""Евро 4"" 100х16 мм",222.72,₽/шт,Цены и наличие уточняйте,,
"Кисть плоская из смесовой щетины ""ЕвроМикс 1"" 25х12 мм",41.37,₽/шт,Цены и наличие уточняйте,,
"Кисть плоская из смесовой щетины ""ЕвроМикс 1,5"" 38х13 мм",63.44,₽/шт,Цены и наличие уточняйте,,
"Кисть плоская из смесовой щетины ""ЕвроМикс 2"" 50х14 мм",85.26,₽/шт,Цены и наличие уточняйте,,
"Кисть плоская из смесовой щетины ""ЕвроМикс 2,5"" 63х14 мм",107.32,₽/шт,Цены и наличие уточняйте,,
"Кисть плоская из смесовой щетины ""ЕвроМикс 3"" 75х15 мм",131.06,₽/шт,Цены и наличие уточняйте,,
"Кисть плоская из смесовой щетины ""ЕвроМикс 4"" 100х16 мм",213.17,₽/шт,Цены и наличие уточняйте,,
"Кисть плоская натуральная щетина ""Люкс 1"" 25х12 мм",59.39,₽/шт,Цены и наличие уточняйте,,
"Кисть плоская натуральная щетина ""Люкс 1,5"" 38х13 мм",99.16,₽/шт,Цены и наличие уточняйте,,
"Кисть плоская натуральная щетина ""Люкс 2"" 50х14 мм",126.21,₽/шт,Цены и наличие уточняйте,,
"Кисть плоская натуральная щетина ""Люкс 2,5"" 63х14 мм",192.59,₽/шт,Цены и наличие уточняйте,,
"Кисть плоская натуральная щетина ""Люкс 3"" 75х15 мм",295.89,₽/шт,Цены и наличие уточняйте,,
"Кисть плоская натуральная щетина ""Люкс 4"" 100х16 мм",305.43,₽/шт,Цены и наличие уточняйте,,
"Кисть плоская из смесовой щетины ""Сказка 1"" 25х12 мм",26.26,₽/шт,Цены и наличие уточняйте,,
"Кисть плоская из смесовой щетины ""Сказка 1,5"" 38х13 мм",41.37,₽/шт,Цены и наличие уточняйте,,
"Кисть плоская из смесовой щетины ""Сказка 2"" 50х14 мм",56.42,₽/шт,Цены и наличие уточняйте,,
"Кисть плоская из смесовой щетины ""Сказка 2,5"" 63х14 мм",67.45,₽/шт,Цены и наличие уточняйте,,
"Кисть плоская из смесовой щетины ""Сказка 3"" 75х15 мм",93.55,₽/шт,Цены и наличие уточняйте,,
"Кисть плоская из смесовой щетины ""Сказка 4"" 100х16 мм",130.65,₽/шт,Цены и наличие уточняйте,,
"Кисть плоская из смесовой щетины ""Микс 1"" 25х12 мм",22.06,₽/шт,Цены и наличие уточняйте,,
"Кисть плоская из смесовой щетины ""Микс 1,5"" 38х13 мм",34.36,₽/шт,Цены и наличие уточняйте,,
"Кисть плоская из смесовой щетины ""Микс 2"" 50х14 мм",48.16,₽/шт,Цены и наличие уточняйте,,
"Кисть плоская из смесовой щетины ""Микс 2,5"" 63х14 мм",59.2,₽/шт,Цены и наличие уточняйте,,
"Кисть плоская из смесовой щетины ""Микс 3"" 75х15 мм",80.61,₽/шт,Цены и наличие уточняйте,,
"Кисть плоская натуральная черная щетина ""Профи 1"" 25х15 мм",56.52,₽/шт,Цены и наличие уточняйте,,
"Кисть плоская натуральная черная щетина ""Профи 1,5"" 38х16 мм",116.88,₽/шт,Цены и наличие уточняйте,,
"Кисть плоская натуральная черная щетина ""Профи 2"" 50х17 мм",176.89,₽/шт,Цены и наличие уточняйте,,
"Кисть плоская натуральная черная щетина ""Профи 3"" 75х18 мм",330.03,₽/шт,Цены и наличие уточняйте,,
"Кисть плоская натуральная светлая щетина ""Профи 2,5"" 63х17 мм",214.65,₽/шт,Цены и наличие уточняйте,,
"Кисть плоская натуральная светлая щетина ""Профи 3"" 75х18 мм",261.95,₽/шт,Цены и наличие уточняйте,,
"Кисть плоская из смесовой щетины ""Стандарт 1"" 25х12 мм",22.06,₽/шт,Цены и наличие уточняйте,,
"Кисть плоская из смесовой щетины ""Стандарт 1,5"" 38х13 мм",31.66,₽/шт,Цены и наличие уточняйте,,
"Кисть плоская из смесовой щетины ""Стандарт 2"" 50х14 мм",44.12,₽/шт,Цены и наличие уточняйте,,
"Кисть плоская из смесовой щетины ""Стандарт 2,5"" 63х14 мм",53.25,₽/шт,Цены и наличие уточняйте,,
"Кисть плоская из смесовой щетины ""Стандарт 3"" 75х15 мм",71.06,₽/шт,Цены и наличие уточняйте,,
"Кисть плоская из смесовой щетины ""Стандарт 4"" 100х16 мм",91.43,₽/шт,Цены и наличие уточняйте,,
Кисть круглая №2 натуральная щетина (20 мм),20.36,₽/шт,Цены и наличие уточняйте,,
Кисть круглая №4 натуральная щетина (25 мм),29.07,₽/шт,Цены и наличие уточняйте,,
Кисть круглая №6 натуральная щетина (30 мм),37.75,₽/шт,Цены и наличие уточняйте,,
Кисть круглая №8 натуральная щетина (35 мм),56.42,₽/шт,Цены и наличие уточняйте,,
Кисть круглая №10 натуральная щетина (40 мм),70.22,₽/шт,Цены и наличие уточняйте,,
Кисть круглая №12 натуральная щетина (45 мм),91.43,₽/шт,Цены и наличие уточняйте,,
Кисть круглая №14 натуральная щетина (50 мм),126.41,₽/шт,Цены и наличие уточняйте,,
Кисть круглая №16 натуральная щетина (55 мм),169.69,₽/шт,Цены и наличие уточняйте,,
Кисть круглая №16 натуральная щетина (60 мм),225.9,₽/шт,Цены и наличие уточняйте,,
Кисть плоская синтетическая щетина 30х14 мм.,184.54,₽/шт,Цены и наличие уточняйте,,
Кисть плоская синтетическая щетина 50х19 мм,299.62,₽/шт,Цены и наличие уточняйте,,
Кисть плоская синтетическая щетина 75х22 мм,260.89,₽/шт,Цены и наличие уточняйте,,
Кельма пластмассовая 3мм (280х140 мм),203.63,₽/шт,Цены и наличие уточняйте,,
Кельма пластмассовая 2мм (270х130 мм),152.29,₽/шт,Цены и наличие уточняйте,,
Кельма закругленные углы нержавеющая сталь (280х130 мм),439.9,₽/шт,Цены и наличие уточняйте,,
Кельма нержавеющая сталь с деревянной ручкой (280х130 мм),364.39,₽/шт,Цены и наличие уточняйте,,
Кельма зубчатая нержавеющая сталь зуб 8х8 (280х130 мм),407.66,₽/шт,Цены и наличие уточняйте,,
Кельма зубчатая нержавеющая сталь зуб 10х10 (280х130 мм),414.02,₽/шт,Цены и наличие уточняйте,,
Кельма нержавеющая сталь с резино-пластиковой ручкой (280х130 мм),410.34,₽/шт,Цены и наличие уточняйте,,
Кельма-шпатель нержавеющая сталь заостренная (140 мм),160.32,₽/шт,,,
Кельма-шпатель нержавеющая сталь овальная (160 мм),196.56,₽/шт,Цены и наличие уточняйте,,
Кельма штукатурная нержавеющая сталь с деревянной ручкой (160 мм),195.04,₽/шт,Цены и наличие уточняйте,,
Кельма штукатурная нержавеющая сталь с деревянной ручкой (180 мм),211.03,₽/шт,Цены и наличие уточняйте,,
Кельма штукатурная нержавеющая сталь с резино-пластиковой ручкой (180 мм),255.79,₽/шт,Цены и наличие уточняйте,,
Кельма-шпатель штукатурная нержавеющая сталь (80 мм),167.03,₽/шт,Цены и наличие уточняйте,,
Кельма-шпатель штукатурная нержавеющая сталь (100 мм),185.46,₽/шт,Цены и наличие уточняйте,,
Кельма швейцарская нержавеющая сталь с пластиковой ручкой (480х130 мм),468.63,₽/шт,Цены и наличие уточняйте,,
Кельма зубчатая швейцарская нержавеющая сталь с пластиковой ручкой зуб 8х8 (480х130 мм),432.72,₽/шт,Цены и наличие уточняйте,,
Кельма швейцарская нержавеющая сталь с деревянной ручкой (600х130 мм),612.76,₽/шт,Цены и наличие уточняйте,,
Кельма штукатурная нержавеющая сталь с деревянной ручкой для внутренних углов (60х60х80 мм),233.73,₽/шт,Цены и наличие уточняйте,,
Защитная пленка с креповой клеящей лентой (устойчива к температуре до 80°С) 1100х33000 мм,320.08,₽/шт,Цены и наличие уточняйте,,
Защитная пленка с креповой клеящей лентой (устойчива к температуре до 80°С) 2400х16000 мм,562.49,₽/шт,Цены и наличие уточняйте,,
Защитная бумага с креповой клеящей лентой (устойчива к температуре до 60°С) 1000х20000 мм,123.66,₽/шт,Цены и наличие уточняйте,,
Защитная бумага с креповой клеящей лентой (устойчива к температуре до 60°С) 1800х20000 мм,143.6,₽/шт,Цены и наличие уточняйте,,
Защитная бумага с креповой клеящей лентой (устойчива к температуре до 60°С) 3000х20000 мм,199.8,₽/шт,Цены и наличие уточняйте,,
Защитная пленка с тканевой клеящей лентой (устойчива к УФ излучению) 1800х20000 мм,359.1,₽/шт,Цены и наличие уточняйте,,
Защитная пленка с тканевой клеящей лентой (устойчива к УФ излучению) 2700х16000 мм,590.06,₽/шт,Цены и наличие уточняйте,,
Защитная пленка с тканевой клеящей лентой (устойчива к УФ излучению) 1100х20000 мм,381.15,₽/шт,Цены и наличие уточняйте,,
Черпак для клеевого раствора 175 мм,185.6,₽/шт,Цены и наличие уточняйте,,
Угольник для резки газобетона,1020.93,₽/шт,Цены и наличие уточняйте,,
Скребок-рубанок для выравнивания газобетонных блоков зубчатый (400 мм),871.09,₽/шт,Цены и наличие уточняйте,,
Штроборез по газобетону,721.74,₽/шт,Цены и наличие уточняйте,,
Изолента белая ПВХ,67.25,₽/шт,Цены и наличие уточняйте,,
Изолента синяя ПВХ,67.25,₽/шт,Цены и наличие уточняйте,,
Изолента красная ПВХ,67.25,₽/шт,Цены и наличие уточняйте,,
Изолента черная ПВХ,67.25,₽/шт,Цены и наличие уточняйте,,
Изолента зеленая ПВХ,67.25,₽/шт,Цены и наличие уточняйте,,
Изолента желтая ПВХ,67.25,₽/шт,Цены и наличие уточняйте,,
Изолента черная ХБ,71.06,₽/шт,Цены и наличие уточняйте,,
Зубило с резиновым протектором 16х300 мм,288.68,₽/шт,Цены и наличие уточняйте,,
Зубило с резиновым протектором 19х300 мм,405.54,₽/шт,Цены и наличие уточняйте,,
Скарпель с резиновым протектором 16х300 мм,288.68,₽/шт,Цены и наличие уточняйте,,
Скарпель с полиуретановым протектором 19х300 мм,381.79,₽/шт,Цены и наличие уточняйте,,
Зубило плоское для перфоратора (SDS+) 14х250 мм,238.62,₽/шт,Цены и наличие уточняйте,,
Зубило пикообразное для перфоратора (SDS+) 14х250 мм,232.26,₽/шт,Цены и наличие уточняйте,,
Зубило полукруглое канальное для перфоратора (SDS+) 14х250 мм,261.31,₽/шт,Цены и наличие уточняйте,,
"Заклепочник усиленный 2, 4/3, 2/4, 0/4, 8 мм",460.48,₽/шт,Цены и наличие уточняйте,,
"Заклепочник силовой 2, 4/3, 2/4, 0/4, 8 мм",900.37,₽/шт,Цены и наличие уточняйте,,
"Заклепочник силовой ""Профи"" 2, 4/3, 2/4, 0/4, 8 мм",1597.75,₽/шт,Цены и наличие уточняйте,,
"Заклепочник с поворотной голоквкой на 90° 2, 4/3, 2/4, 0/4, 8 мм",604.91,₽/шт,Цены и наличие уточняйте,,
"Заклепочник с поворотной головкой на 360° 2, 4/3, 2/4, 0/4, 8 мм",920.94,₽/шт,Цены и наличие уточняйте,,
Круглогубцы 160 мм,342.02,₽/шт,Цены и наличие уточняйте,,
Круглогубцы мини 110 мм,258.77,₽/шт,Цены и наличие уточняйте,,
Длинногубцы (CoW) 170 мм.,309.47,₽/шт,Цены и наличие уточняйте,,
Длинногубцы (CoW) 200 мм.,378.81,₽/шт,Цены и наличие уточняйте,,
Длинногубцы изогнутые (CoW) 170 мм.,317.73,₽/шт,Цены и наличие уточняйте,,
Длинногубцы (CrV) 200 мм.,424.31,₽/шт,Цены и наличие уточняйте,,
"Диск алмазный ""Сплошной"" для в/р керамогранита (125х1,9х22)",509.69,₽/шт,Цены и наличие уточняйте,,
"Диск алмазный ""Сегментный"" для с/р гранита, мрамора (115х1,9х22)",488.05,₽/шт,Цены и наличие уточняйте,,
"Диск алмазный ""Сегментный"" для с/р гранита, мрамора (125х1,9х22)",570.56,₽/шт,Цены и наличие уточняйте,,
"Диск алмазный ""Сегментный"" для с/р гранита, мрамора (150х1,9х22)",769.93,₽/шт,Цены и наличие уточняйте,,
"Диск алмазный ""Сегментный"" для с/р гранита, мрамора (180х2,2х22)",1080.01,₽/шт,Цены и наличие уточняйте,,
"Диск алмазный ""Сегментный"" для с/р гранита, мрамора (230х2,4х22)",1539.42,₽/шт,Цены и наличие уточняйте,,
"Диск алмазный ""Сегментный"" для с/р бетона, кирпича (125х2,0х22)",258.14,₽/шт,Цены и наличие уточняйте,,
"Диск алмазный ""Сегментный"" для с/р бетона, кирпича (180х2,2х22)",642.04,₽/шт,Цены и наличие уточняйте,,
"Диск алмазный ""Сегментный"" для с/р бетона, кирпича (230х2,4х22)",934.73,₽/шт,Цены и наличие уточняйте,,
"Диск алмазный ""Турбо"" для с/р и в/р гранита, мрамора (115х2,4х22)",558.89,₽/шт,Цены и наличие уточняйте,,
"Диск алмазный ""Турбо"" для с/р и в/р гранита, мрамора (125х2,4х22)",611.7,₽/шт,Цены и наличие уточняйте,,
"Диск алмазный ""Турбо"" для с/р и в/р гранита, мрамора (150х2,4х22)",944.07,₽/шт,Цены и наличие уточняйте,,
"Диск алмазный ""Турбо"" для с/р и в/р гранита, мрамора (180х2,6х22)",1105.05,₽/шт,Цены и наличие уточняйте,,
"Диск алмазный ""Турбо"" для с/р и в/р гранита, мрамора (230х3,1х22)",1622.58,₽/шт,Цены и наличие уточняйте,,
"Диск алмазный ""Турбо"" для с/р и в/р бетона, кирпича (125х2,2х22)",238.82,₽/шт,Цены и наличие уточняйте,,
"Диск алмазный ""Турбо"" для с/р и в/р бетона, кирпича (180х2,4х22) эконом",696.33,₽/шт,Цены и наличие уточняйте,,
"Диск алмазный ""Турбо"" для с/р и в/р бетона, кирпича (230х2,6х22)",969.11,₽/шт,Цены и наличие уточняйте,,
Лом-гвоздодер арматурный (600 мм),185.6,₽/шт,Цены и наличие уточняйте,,
Гидроуровень прямоугольная колба 8мм (5 м),155.12,₽/шт,Цены и наличие уточняйте,,
Гидроуровень прямоугольная колба 8мм (7 м),195.66,₽/шт,Цены и наличие уточняйте,,
Гидроуровень прямоугольная колба 8мм (10 м),268.09,₽/шт,Цены и наличие уточняйте,,
Гидроуровень прямоугольная колба 8мм (15 м),355.06,₽/шт,Цены и наличие уточняйте,,
Гидроуровень прямоугольная колба 8мм (20 м),477.24,₽/шт,Цены и наличие уточняйте,,
Гидроуровень прямоугольная колба 8мм (25 м),584.61,₽/шт,Цены и наличие уточняйте,,
"Гидроуровень ""Профи"" закругленная колба 7мм (5 м)",248.17,₽/шт,Цены и наличие уточняйте,,
"Гидроуровень ""Профи"" закругленная колба 7мм (7 м)",325.48,₽/шт,Цены и наличие уточняйте,,
"Гидроуровень ""Профи"" закругленная колба 7мм (10 м)",430.79,₽/шт,Цены и наличие уточняйте,,
"Гидроуровень ""Профи"" закругленная колба 7мм (15 м)",555.98,₽/шт,Цены и наличие уточняйте,,
"Гидроуровень ""Профи"" прямоугольная колба 8мм (20 м)",694.35,₽/шт,Цены и наличие уточняйте,,
Лом-гвоздодер круглый (400 мм),138.94,₽/шт,Цены и наличие уточняйте,,
Веревка бытовая 3 мм (25 м),32.46,₽/шт,Цены и наличие уточняйте,,
Веревка бытовая 4 мм (25 м),40.52,₽/шт,Цены и наличие уточняйте,,
Веревка бытовая 5 мм (25 м),34.16,₽/шт,Цены и наличие уточняйте,,
Веревка бытовая 6 мм (25 м),45.39,₽/шт,Цены и наличие уточняйте,,
Веревка бытовая 9 мм (25 м),165.01,₽/шт,Цены и наличие уточняйте,,
Фал полипропиленовый 10 мм (20 м),693.17,₽/шт,Цены и наличие уточняйте,,
Шпагат полипропиленовый белый (100 м),59.39,₽/шт,Цены и наличие уточняйте,,
Шпагат полипропиленовый синий (100 м),65.29,₽/шт,Цены и наличие уточняйте,,
Шпагат полипропиленовый зеленый (100 м),65.29,₽/шт,Цены и наличие уточняйте,,
Шпагат полипропиленовый красный (100 м),65.29,₽/шт,Цены и наличие уточняйте,,
Шнур разметочный белый (100 м),36.7,₽/шт,Цены и наличие уточняйте,,
Шнур разметочный черный (100 м),39.03,₽/шт,Цены и наличие уточняйте,,
Шнур бытовой высокопрочный 2 мм (25 м),30.3,₽/шт,Цены и наличие уточняйте,,
Шнур бытовой высокопрочный 3 мм (25 м),53.87,₽/шт,Цены и наличие уточняйте,,
Шнур бытовой высокопрочный 4 мм (25 м),80.82,₽/шт,Цены и наличие уточняйте,,
Шнур бытовой высокопрочный 10 мм (25 м),493.14,₽/шт,Цены и наличие уточняйте,,
Шнур бытовой высокопрочный 4 мм (200 м),618.48,₽/шт,Цены и наличие уточняйте,,
Шнур бытовой высокопрочный 5 мм (200 м),907.8,₽/шт,Цены и наличие уточняйте,,
Шнур бытовой высокопрочный 8 мм (200 м),2279.23,₽/шт,Цены и наличие уточняйте,,
Шнур бытовой высокопрочный 10 мм (200 м),3917.5,₽/шт,Цены и наличие уточняйте,,
Ведро металлическое оцинкованное (9 л.),214.23,₽/шт,Цены и наличие уточняйте,,
Ведро металлическое оцинкованное (12 л.),425.21,₽/шт,Цены и наличие уточняйте,,
Ведро металлическое оцинкованное (15 л.),264.7,₽/шт,Цены и наличие уточняйте,,
Ведро для краски пластмассовое (8 л.),149.54,₽/шт,Цены и наличие уточняйте,,
Ведро для краски пластмассовое (12 л.),270.3,₽/шт,Цены и наличие уточняйте,,
Ведро строительное пластмассовое (12 л.),112.32,₽/шт,Цены и наличие уточняйте,,
Ведро строительное пластмассовое (16 л.),166.36,₽/шт,Цены и наличие уточняйте,,
Ведро строительное пластмассовое (20 л.),187.84,₽/шт,Цены и наличие уточняйте,,
Ведро пластмассовое эластичное (12 л.),532.19,₽/шт,Цены и наличие уточняйте,,
Валик без ручки велюр ворс 4 мм (плотность 750 гр/м2) 60 мм,45.08,₽/шт,Цены и наличие уточняйте,,
Валик без ручки велюр ворс 4 мм (плотность 750 гр/м2) 100 мм,59.18,₽/шт,Цены и наличие уточняйте,,
Валик без ручки велюр ворс 4 мм (плотность 750 гр/м2) 150 мм,37.27,₽/шт,Цены и наличие уточняйте,,
Валик без ручки мохер ворс 4 мм (100 мм),48.47,₽/шт,Цены и наличие уточняйте,,
Валик без ручки мохер ворс 4 мм (150 мм),33.94,₽/шт,Цены и наличие уточняйте,,
Валик полиамид ворс 12 мм для окраски труб (В сборе 390 мм),381.8,₽/шт,Цены и наличие уточняйте,,
Валик без ручки полиакрил ворс 12 мм (100 мм),31.71,₽/шт,Цены и наличие уточняйте,,
Валик полиамид ворс 9 мм с желтой полосой термоплавленный (100 мм),35.74,₽/шт,Цены и наличие уточняйте,,
Валик полиамид ворс 9 мм с желтый полосой термоплавленный (150 мм),30.02,₽/шт,Цены и наличие уточняйте,,
Валик полиэстер ворс 12 мм с сине-зеленой полосой термоплавленный (100 мм),42.32,₽/шт,Цены и наличие уточняйте,,
Валик полиэстер ворс 9 мм с коричневой полосой термоплавленный (100 мм),32.45,₽/шт,Цены и наличие уточняйте,,
Валик полиэстер ворс 9 мм с коричневой полосой термоплавленный (150 мм),16.97,₽/шт,Цены и наличие уточняйте,,
Валик полиэстер ворс 12 мм с сине-зеленой полосой структурированный термоплавленный (100 мм),27.05,₽/шт,Цены и наличие уточняйте,,
Валик полиэстер ворс 12 мм с сине-зеленой полосой структурированный термоплавленный (150 мм),22.22,₽/шт,Цены и наличие уточняйте,,
Валик полиэстер ворс 12 мм с желто-синей полосой текстурированный термоплавленный (100 мм),30.97,₽/шт,Цены и наличие уточняйте,,
Валик без ручки поролоновый (100 мм),20.68,₽/шт,Цены и наличие уточняйте,,
Валик без ручки поролоновый (150 мм),48.57,₽/шт,Цены и наличие уточняйте,,
Валик поролоновый с двух сторон закруглен (110 мм),75.31,₽/шт,Цены и наличие уточняйте,,
Валик поролоновый прямой с двух сторон (В сборе 290 мм),97.14,₽/шт,Цены и наличие уточняйте,,
Валик без ручки велюр ворс 4 мм (плотность 750 гр/м2) 250 мм,337.5,₽/шт,Цены и наличие уточняйте,,
Валик велюр ворс 4 мм (плотность 650 гр/м2) 150 мм,274.88,₽/шт,Цены и наличие уточняйте,,
Валик велюр ворс 2 мм (клееный),100.76,₽/шт,Цены и наличие уточняйте,,
Валик велюр ворс 2 мм (В сборе 150 мм),98.41,₽/шт,Цены и наличие уточняйте,,
Валик велюр ворс 2 мм (В сборе 200 мм),112.51,₽/шт,Цены и наличие уточняйте,,
Валик велюр ворс 2 мм (В сборе 250 мм),142.75,₽/шт,Цены и наличие уточняйте,,
Валик натуральный мех ворс 12 мм (плотность 520 гр/м2) 100 мм,89.73,₽/шт,Цены и наличие уточняйте,,
Валик натуральный мех ворс 12 мм (В сборе 150 мм),93.34,₽/шт,Цены и наличие уточняйте,,
Валик натуральный мех ворс 12 мм (В сборе 200 мм),112.84,₽/шт,Цены и наличие уточняйте,,
Валик натуральный мех ворс 12 мм (В сборе 250 мм),123.03,₽/шт,Цены и наличие уточняйте,,
Валик без ручки полиакрил ворс 18 мм (250 мм),183.05,₽/шт,Цены и наличие уточняйте,,
Валик полиакрил с красной нитью ворс 11 мм (180 мм),190.91,₽/шт,Цены и наличие уточняйте,,
Валик полиакрил ворс 18 мм для накатки в углах (180 мм),154.86,₽/шт,Цены и наличие уточняйте,,
Валик без ручки полиакриловый ворс 18 мм (250 мм),231.84,₽/шт,Цены и наличие уточняйте,,
Валик полиакриловый ворс 18 мм для накатки в углах (180 мм),165.3,₽/шт,Цены и наличие уточняйте,,
Валик полиакрил ворс 20 мм (200 мм),226.52,₽/шт,Цены и наличие уточняйте,,
Валик полиакрил ворс 20 мм (250 мм),245.19,₽/шт,Цены и наличие уточняйте,,
Валик без ручки полиамид ворс 12 мм (250 мм),319.16,₽/шт,Цены и наличие уточняйте,,
Валик полиамид ворс 20 мм с серо-красной полосой термоплавленный (180 мм),381.79,₽/шт,Цены и наличие уточняйте,,
Валик полиэстер ворс 19 мм для накатки в углах (180 мм),53.04,₽/шт,Цены и наличие уточняйте,,
Валик полиэстер ворс 9 мм с коричневой полосой термоплавленный (180 мм),191.96,₽/шт,Цены и наличие уточняйте,,
Валик без ручки полиэстер ворс 9 мм (250 мм),250.32,₽/шт,Цены и наличие уточняйте,,
Валик полиэстер текстурированный ворс 12 мм термоплавленный (180 мм),185.29,₽/шт,Цены и наличие уточняйте,,
Валик полиэстер структурированный ворс 18 мм для накатки в углах (180 мм),84.87,₽/шт,Цены и наличие уточняйте,,
Валик полиэстер ворс 14 мм для (В сборе 150 мм),94.39,₽/шт,Цены и наличие уточняйте,,
Валик полиэстер ворс 14 мм для (В сборе 200 мм),101.08,₽/шт,Цены и наличие уточняйте,,
Валик полиэстер ворс 14 мм для (В сборе 250 мм),113.48,₽/шт,Цены и наличие уточняйте,,
Валик поролоновый толщина 12 мм (100 мм),103.3,₽/шт,Цены и наличие уточняйте,,
Валик поролоновый толщина 12 мм (150 мм),112.84,₽/шт,Цены и наличие уточняйте,,
Валик поролоновый толщина 12 мм (200 мм),124.09,₽/шт,Цены и наличие уточняйте,,
Валик поролоновый толщина 12 мм (250 мм),130.45,₽/шт,Цены и наличие уточняйте,,
Бур SDS (6х100х160 мм),0.01,₽/шт,Цены и наличие уточняйте,,
Бур SDS plus двойная спираль (5х160 мм),86.96,₽/шт,Цены и наличие уточняйте,,
Бур SDS plus двойная спираль (6х110 мм),80.07,₽/шт,Цены и наличие уточняйте,,
Бур SDS plus двойная спираль (6х160 мм),84.85,₽/шт,Цены и наличие уточняйте,,
Бур SDS plus двойная спираль (6х210 мм),115.18,₽/шт,Цены и наличие уточняйте,,
Бур SDS plus двойная спираль (6х260 мм),121.97,₽/шт,Цены и наличие уточняйте,,
Бур SDS plus двойная спираль (8х160 мм),96.52,₽/шт,Цены и наличие уточняйте,,
Бур SDS plus двойная спираль (8х350 мм),148.49,₽/шт,Цены и наличие уточняйте,,
Бур SDS plus двойная спираль (10х160 мм),103.31,₽/шт,Цены и наличие уточняйте,,
Бур SDS plus двойная спираль (10х210 мм),127.31,₽/шт,Цены и наличие уточняйте,,
Бур SDS plus двойная спираль (10х260 мм),144.04,₽/шт,Цены и наличие уточняйте,,
Бур SDS plus двойная спираль (10х450 мм),214.79,₽/шт,Цены и наличие уточняйте,,
Бур SDS plus двойная спираль (12х160 мм),122.75,₽/шт,Цены и наличие уточняйте,,
Бур SDS plus двойная спираль (12х210 мм),148.49,₽/шт,Цены и наличие уточняйте,,
Бур SDS plus двойная спираль (12х260 мм),165.01,₽/шт,Цены и наличие уточняйте,,
Бур SDS plus двойная спираль (12х450 мм),231.31,₽/шт,Цены и наличие уточняйте,,
Бур SDS plus двойная спираль (14х450 мм),360.58,₽/шт,Цены и наличие уточняйте,,
Бур SDS plus двойная спираль (16х260 мм),247.83,₽/шт,Цены и наличие уточняйте,,
Бур SDS plus двойная спираль (16х350 мм),349.97,₽/шт,Цены и наличие уточняйте,,
Бур SDS plus двойная спираль (16х450 мм),445.42,₽/шт,Цены и наличие уточняйте,,
Бур SDS plus двойная спираль (16х800 мм),639.75,₽/шт,Цены и наличие уточняйте,,
Бур SDS plus двойная спираль (18х450 мм),509.03,₽/шт,Цены и наличие уточняйте,,
Бур SDS plus двойная спираль (18х600 мм),635.73,₽/шт,Цены и наличие уточняйте,,
Бур SDS plus двойная спираль (18х800 мм),780.81,₽/шт,Цены и наличие уточняйте,,
Бур SDS plus двойная спираль (20х600 мм),866.44,₽/шт,Цены и наличие уточняйте,,
Бумага шлифовальная водостойкая 230х280 мм. (зерно 60),0,₽/шт,Цены и наличие уточняйте,,
Бумага шлифовальная водостойкая 230х280 мм. (зерно 80),0,₽/шт,Цены и наличие уточняйте,,
Бумага шлифовальная водостойкая 230х280 мм. (зерно 100),0,₽/шт,Цены и наличие уточняйте,,
Бумага шлифовальная водостойкая 230х280 мм. (зерно 120),0,₽/шт,Цены и наличие уточняйте,,
Бумага шлифовальная водостойкая 230х280 мм. (зерно 150),0,₽/шт,Цены и наличие уточняйте,,
Бумага шлифовальная водостойкая 230х280 мм. (зерно 180),0,₽/шт,Цены и наличие уточняйте,,
Бумага шлифовальная водостойкая 230х280 мм. (зерно 240),0,₽/шт,Цены и наличие уточняйте,,
Бумага шлифовальная водостойкая 230х280 мм. (зерно 320),0,₽/шт,Цены и наличие уточняйте,,
Бумага шлифовальная водостойкая 230х280 мм. (зерно 400),0,₽/шт,Цены и наличие уточняйте,,
Бумага шлифовальная водостойкая 230х280 мм. (зерно 600),12.12,₽/шт,Цены и наличие уточняйте,,
Бумага шлифовальная водостойкая 230х280 мм. (зерно 800),0,₽/шт,Цены и наличие уточняйте,,
Бумага шлифовальная водостойкая 230х280 мм. (зерно 1000),0,₽/шт,Цены и наличие уточняйте,,
Болторез 14 - 350 мм. углеродистая сталь,716.65,₽/шт,Цены и наличие уточняйте,,
Болторез 24 - 600 мм. углеродистая сталь,1334.96,₽/шт,Цены и наличие уточняйте,,
Болторез 36 - 900 мм. углеродистая сталь,2091.84,₽/шт,Цены и наличие уточняйте,,
запасные лезвия уп 10 шт. 0.4 мм / толщина 18 мм (20/400 шт.),419.53,₽/упаковка,Цены и наличие уточняйте,,
Кисть плоская 38 мм,0,₽/шт,Цены и наличие уточняйте,,
Круг зачистной Луга 115х6х22 14А,98.77,₽/шт,,,
Круг шлифовочный Луга 14А 125х6х22 металл.,103.62,₽/шт,,,
Круг шлифовочный Луга 14А 150х6х22 металл.,113.16,₽/шт,,,
Круг шлифовочный Луга 14А 180х6х22 металл.,124.02,₽/шт,,,
Круг зачистной Луга 14А 230х6х22 ,148.42,₽/шт,,,
Круг шлифовальный Кратон 115х6х22.2 мет,109.73,₽/шт,,,
Круг шлифовальный Кратон 125х6х22.2 мет,116.58,₽/шт,,,
Круг шлифовальный Кратон 150х6х22.2 мет,134.27,₽/шт,,,
Круг шлифовальный Кратон 180х6х22.2 мет,163.97,₽/шт,,,
Круг шлифовальный Кратон 230х6х22.2 мет,223.27,₽/шт,,,
"Круг шлифовальный D125 бум. осн. (к-40) ""Энкор""",122.37,₽/шт,,,
"Круг шлифовальный D125 бум. осн. (к-60) ""Энкор""",122.37,₽/шт,,,
"Круг шлифовальный D125 бум. осн. (к-80) ""Энкор""",122.37,₽/шт,,,
"Круг шлифовальный D125 бум. осн. (к-100) ""Энкор""",119.13,₽/шт,,,
"Круг шлифовальный D125 бум. осн. (к-120) ""Энкор""",119.13,₽/шт,,,
"Круг шлифовальный D125 бум. осн. (к-180) ""Энкор""",119.13,₽/шт,,,
"Круг шлифовальный D125 бум. осн. (к-240) ""Энкор""",119.13,₽/шт,,,
"Круг шлифовальный D125 бум. осн. (к-320) ""Энкор""",119.13,₽/шт,,,
"Круг шлифовальный ф125 дер/мет. (к-40) ""Энкор""",137.53,₽/шт,,,
"Круг шлифовальный D125 дер/мет. (к-60) ""Энкор""",137.53,₽/шт,,,
"Круг шлифовальный D125 дер/мет. (к-80) ""Энкор""",137.53,₽/шт,,,
"Круг шлифовальный D125 дер/мет. (к-80) ""Энкор"" задв.",103.18,₽/шт,,,
"Круг шлифовальный D125 дер/мет. (к-100) ""Энкор""",136.46,₽/шт,,,
"Круг шлифовальный D125 дер/мет. (к-120) ""Энкор""",136.46,₽/шт,,,
"Круг шлифовальный D125 дер/мет. (к-180) ""Энкор""",136.46,₽/шт,,,
"Круг шлифовальный D125 дер/мет. (к-240) ""Энкор""",136.46,₽/шт,,,
"Круг шлифовальный D125 дер/мет. (к-320) ""Энкор""",123.25,₽/шт,,,
"Круг шлифовальный D125 дер/мет. (к-400) ""Энкор""",136.46,₽/шт,,,
"Круг шлифовальный D125 липк. осн (к-40) ""Энкор""",136.46,₽/шт,,,
"Круг шлифовальный D125 липк. осн (к-60) ""Энкор""",136.46,₽/шт,,,
"Круг шлифовальный D125 липк. осн (к-80) ""Энкор""",136.46,₽/шт,,,
"Круг шлифовальный D125 липк. осн (к-100) ""Энкор""",134.3,₽/шт,,,
"Круг шлифовальный D125 липк. осн (к-120) ""Энкор""",134.3,₽/шт,,,
"Круг шлифовальный D125 липк. осн (к-180) ""Энкор""",134.3,₽/шт,,,
"Круг шлифовальный D125 липк. осн (к-240) ""Энкор""",134.3,₽/шт,,,
"Круг шлифовальный D125 липк. осн (к-320) ""Энкор""",121.83,₽/шт,,,
"Круг шлифовальный D125 по камню (к-80) ""Энкор""",147.29,₽/шт,,,
"Круг шлифовальный D125 по камню (к-100) ""Энкор""",144.03,₽/шт,,,
"Круг шлифовальный D125 по камню (к-120) ""Энкор""",144.03,₽/шт,,,
"Круг шлифовальный D125 по камню (к-180) ""Энкор""",144.03,₽/шт,,,
"Круг шлифовальный D125 по камню (к-240) ""Энкор""",144.03,₽/шт,,,
"Круг шлифовальный D125 по камню (к-320) ""Энкор""",144.03,₽/шт,,,
"Круг шлифовальный D125 по камню (к-400) ""Энкор""",144.03,₽/шт,,,
"Круг шлифовальный D125 по камню (к-600) ""Энкор""",144.03,₽/шт,,,
"Круг шлифовальный D125 по камню (к-1200) ""Энкор""",144.03,₽/шт,,,
Корунд карбон,1262.5,₽/шт,,,
Мега,0,₽/шт,,,
Корунд,2525,₽/шт,,,
Правило алюминиевое 1м.,357.54,₽/шт,,,
"Правило алюминиевое 2,5м.",616.1,₽/шт,,,
Правило алюминиевое 3м.,1022.12,₽/шт,,,
"Правило 1,5м.",339.36,₽/шт,,,
Правило 2м.,454.5,₽/шт,,,
Ведро оцинкованное 12л.,217.15,₽/шт,,,
Ведро строительное кругл. пласт. 12л.,136.35,₽/шт,,,
Ведро строительное кругл. пласт. 20л.,217.15,₽/шт,,,
Лопата прямая (с черенком),262.6,₽/шт,,,
Лопата совковая (с черенком),262.6,₽/шт,,,
Лопата штыковая (с черенком),262.6,₽/шт,,,
Мешок для строительного мусора зеленый (550х950 мм),24.75,₽/шт,Цены и наличие уточняйте,,
Мешок для строительного мусора белый (550х950 мм),25.38,₽/шт,Цены и наличие уточняйте,,
Сварочный аппарат,5555,₽/шт,Цены и наличие уточняйте,,
Бетоносмеситель 120л чугунный венец 500Вт,13130,₽/шт,Цену и наличие уточняйте,,
Бесщеточная дрель-шуруповерт + 2 АКБ,34441,₽/шт,Синий,,Компания ЗУБР
Бесщеточная дрель-шуруповерт ударная+2 АКБ,21210,₽/шт,Синий.,,Компания ЗУБР
Дрель-шуруповерт аккумуляторная с кейсом + 2 АКБ,13039.1,₽/шт,Синий.,,Компания ЗУБР
Дрель-шуруповёрт с кейсом + АКБ,7373,₽/шт,Красный,,Компания ЗУБР
Бесщеточный винтоверт. Профессионал. 500 Н-м.,35137.9,₽/шт,Синий,,Компания ЗУБР
Бесщеточный винтоверт. Профессионал.,24694.5,₽/шт,Синий,,Компания ЗУБР
Бесщеточный винтоверт + 2 АКБ,18988,₽/шт,Синий,,Компания ЗУБР
Отвертка аккумуляторная,4110.7,₽/шт,,,Компания ЗУБР
Отвертка для точных работ,3838,₽/шт,,,Компания ЗУБР
ЗУБР ViX-T аккумуляторная отвертка-трансформер,3444.1,₽/шт,,,Компания ЗУБР
ЗУБР ViX аккумуляторная отвертка,2434.1,₽/шт,,,Компания ЗУБР
"Бесщеточная УШМ, 1 АКБ , в сумке",22927,₽/шт,1 АКБ,,Компания ЗУБР
"Бесщеточная УШМ, 1 АКБ , в сумке",28845.6,₽/шт,2 АКБ,,Компания ЗУБР
"Бесщеточная УШМ, 2 АКБ, в сумке",14150.1,₽/шт,Синий,,Компания ЗУБР
"Бесщеточная УШМ, без АКБ",12564.4,₽/шт,Синий,,Компания ЗУБР
"Бесщеточная УШМ, без АКБ, в коробке",8807.2,₽/шт,Синий,,Компания ЗУБР
Аккумуляторная батарея,2757.3,₽/шт,,,Компания ЗУБР
Бесщеточная пила сабельная,20371.7,₽/шт,1 АКБ,,Компания ЗУБР
Бесщеточная пила сабельная,9746.5,₽/шт,Без АКБ,,Компания ЗУБР
Пила сабельная аккумуляторная + АКБ,7221.5,₽/шт,1 АКБ,,Компания ЗУБР
Пила сабельная аккумуляторная + АКБ,9201.1,₽/шт,2 АКБ,,Компания ЗУБР
Пила сабельная аккумуляторная без АКБ,4110.7,₽/шт,Красный,,Компания ЗУБР
"Аккумуляторная батарея Li-Ion, 20 В",7221.5,₽/шт,4 А-ч,,Компания ЗУБР
"Аккумуляторная батарея Li-Ion, 20 В",13412.8,₽/шт,6 А-ч ,,Компания ЗУБР
"Аккумуляторная батарея Li-Ion, 20 В",4393.5,₽/шт,,,Компания ЗУБР
"Аккумуляторная батарея Li-Ion, 20 В",7221.5,₽/шт,4 А-ч,,Компания ЗУБР
"Аккумуляторная батарея Li-Ion, 20 В",13412.8,₽/шт,6 А-ч,,Компания ЗУБР
АКБ-С1-12-4 серия «МАСТЕР»,4393.5,₽/шт,,,Компания ЗУБР
"Аккумуляторная батарея Li-Ion, 14.4 В",3545.1,₽/шт,,,Компания ЗУБР
"Аккумуляторная батарея Li-Ion, 12 В",2686.6,₽/шт,,,Компания ЗУБР
Бесщеточный перфоратор,13352.2,₽/шт,Без АКБ,,Компания ЗУБР
Бесщеточный перфоратор,32017,₽/шт,2 АКБ,,Компания ЗУБР
Бесщеточная пила циркулярная,13523.9,₽/шт,Без АКБ,,Компания ЗУБР
Бесщеточная пила циркулярная,23997.6,₽/шт,1 АКБ,,Компания ЗУБР
Шуруповерт сетевой серия «ПРОФЕССИОНАЛ»,5241.9,₽/шт,Синий,,Компания ЗУБР
Дрель-шуруповерт сетевая серия «МАСТЕР» усиленная,4625.8,₽/шт,В коробке,,Компания ЗУБР
Дрель-шуруповерт сетевая серия «МАСТЕР» усиленная,5948.9,₽/шт,В кейсе,,Компания ЗУБР
Дрель-шуруповерт сетевая серия «МАСТЕР»,3979.4,₽/шт,Красный,,Компания ЗУБР
"Ударная дрель, мет. корпус, кейс, Профессионал",10100,₽/шт,,,Компания ЗУБР
"Дрель ударная + кейс ""Профессионал""",8009.3,₽/шт,,,Компания ЗУБР
Дрель реверсивная серия «ПРОФЕССИОНАЛ»,4625.8,₽/шт,,,Компания ЗУБР
Дрель ударная серия «МАСТЕР»,4009.7,₽/шт,,,Компания ЗУБР
"УШМ (Болгарка), 230 мм, компакт серия «ПРОФЕССИОНАЛ»",15240.9,₽/шт,,,Компания ЗУБР
"УШМ (Болгарка), 230 мм серия «ПРОФЕССИОНАЛ»",12776.5,₽/шт,,,Компания ЗУБР
УШМ (Болгарка) 230 мм 2400Вт компакт серия «МАСТЕР»,11211,₽/шт,,,Компания ЗУБР
УШМ (Болгарка) 230 мм компакт серия «МАСТЕР»,9675.8,₽/шт,,,Компания ЗУБР
УШМ (Болгарка) 180 мм серия «ПРОФЕССИОНАЛ»,10019.2,₽/шт,,,Компания ЗУБР
УШМ (Болгарка)180 мм компакт серия «МАСТЕР»,8867.8,₽/шт,,,Компания ЗУБР
УШМ (Болгарка) 180 мм серия «МАСТЕР»,7665.9,₽/шт,,,Компания ЗУБР
"УШМ (Болгарка), 150 мм, серия «МАСТЕР»",7625.5,₽/шт,,,Компания ЗУБР
"УШМ (Болгарка), 150 мм компакт, серия «МАСТЕР»",5948.9,₽/шт,,,Компания ЗУБР
"УШМ (Болгарка), 125 мм серия «МАСТЕР»",4221.8,₽/шт,,,Компания ЗУБР
ЗУБР Компакт d115 мм УШМ,3848.1,₽/шт,,,Компания ЗУБР
Перфоратор SDS-plus с металлическим редуктором серия «МАСТЕР»,10221.2,₽/шт,,,Компания ЗУБР
Перфоратор SDS-plus серия «МАСТЕР» 28мм,8766.8,₽/шт,,,Компания ЗУБР
Перфоратор SDS-plus серия «МАСТЕР»,7080.1,₽/шт,,,Компания ЗУБР
"Выключатель автоматический однополюсный RX3 4,5 кА C 10 А",382.79,₽/шт,,,
Выключатель автоматический дифференциальный АВДТ 1п+N 25А 30мА C AC EASY 9 (EZ9D34625),2005.86,₽/шт,,,
"Заземлитель стержневой, 6м HZ EKF PROxima (gc-21600) ",10371.69,₽/шт,,,
Патрон Е27 керамический (LH01),36.36,₽/шт,,,
ЛОН 60вт Б-230-60-4 Е27 (колба А50),20.2,₽/шт,,,
Шина комплектная 2ф 12 модулей 63А PS2/12 (PS2/12),721.14,₽/шт,,,
Шина комплектная 3ф 12 модулей 63А PS3/12 (PS3/12),962.53,₽/шт,,,
Провод ПВС 5х10 барабан,968.59,₽/м,,,
Кабель силовой ВВГнг(А)-FRLSLTx 4х2.5(N) - 0.66 ТРТС,166.65,₽/кг,,,
"Кабель силовой ВВГ-нг (А) -LS 2х1,5пл-0,66 без заполнения ТРТС (Ореол)",64.64,₽/м,,,
Коробка распределительная 85х85х40 IP44 КМ41235,56.56,₽/кг,,,
Кабель силовой ВВГнг(А)-LS 3х1.5пл-0.66 ТРТС Ореол,89.89,₽/м,,,
Провод монтажный МКШнг(А)-LS 2х0.75 ТРТС АЛЬФАКАБЕЛЬ,42.02,₽/м,,,
Кабель силовой АВВГп 3х2.5 ТРТС Ореол,28.28,₽/м,,,
Кабель силовой АВВГп 2х2.5 ТРТС Ореол,21.05,₽/м,,,
Кабель силовой ЭЛЕКОНД(R)-АсВВГ-Пнг(А)-LS 3х4.0 ок-0.66 Ч. бар АЛЮР,210.08,₽/м,,,
Кабель силовой ЭЛЕКОНД(R)-АсВВГ-Пнг(А)-LS 3х2.5 ок(N.PE)-0.66 Ч. бух АЛЮР,34.34,₽/м,,,
Коробка распределительная 100х100х50мм для сплошных стен IMT35122 Systeme Electric,114.43,₽/шт,,,
Монтажная коробка для твердых стен 60mm H46mm 7 вводов без галогена (25шт/уп) UG 46 OBO Bettermann,12.22,₽/шт,,,
Коробка монтажная огнестойкая КМ-О(2к) - IP41-m КМ-О (2к)-IP41-m Гефест,207.05,₽/шт,,,
Коробка распределительная огнестойкая 150x116x67 T 100 E 4-5 OBO Bettermann,4650.04,₽/шт,,,
"Клемма СМК 222-413 с рычагом 3 отверстия 0,08-2,5(4.0)мм2 (100шт.) plc-smk-413 EKF",2272.5,₽/шт,,,
Клемма строительно-монтажная СМК 2273-242 PROxima с пастой 2 отверстия 0.5-2.5мм.кв. (100шт) plc-smk-2273-242 EKF,858.5,₽/шт,,,
Клеммник 2П 110 градусов 450V 32A 4мм.кв полимид 6.6 43302NY DKC,45.35,₽/шт,,,
Клеммник 2П 110 градусов 450V 24A 2 5мм.кв полиамид 6.6 43102NY DKC,35.37,₽/шт,,,
Клеммник 2П 85 градусов 450V 24A 2 5мм.кв полипропилен белый 43102PL/B DKC,34.44,₽/шт,,,
"Сжим ответвительный У-733 м16-35/о1.5-10 У-733МУ3 Режевское предприятие ""Элтиз""",39.19,₽/шт,,,
"Сжим У739М (4-10/1,5-2,5) 61643 КВТ",50.18,₽/шт,,,
Сжим У734М (16-35/16-25) 61642 КВТ,52.12,₽/шт,,,
Кабельный коннектор I-образный (клеммник 3PIN) IP68 FreeTools plc-uac-cb3 EKF,484.8,₽/шт,,,
Колодка клеммная соединительная 4.5мм B40 DKC,320.68,₽/шт,,,
Колодка клеммная безвинтовая 3 отверстия 1.5-2.5мм.кв. B273/3 DKC,42.17,₽/шт,,,
Индикатор неполярный диодный для держателя предохранителя на 115-230V(AC/DC) ZHF510 DKC,574.69,₽/шт,,,
Торцевая и промежуточная пластина 3мм серая(1уп=25шт) 870-518 WAGO,36.26,₽/шт,,,
Провод ВПП 1х2.5-380 ТРТС Цветлит КЗ,44.74,₽/м,,,
Провод ВПП 1х6-380 ТРТС Цветлит КЗ,101.91,₽/гр,,,
Провод ПРКС 3х2.5-380 белый ТРТС Липаркабель (НМКЗ),338.35,₽/м,,,
Провод ПРКС 3х0.75-380 белый ТРТС Липаркабель (НМКЗ),141.4,₽/м,,,
Шнур ШВВП 2х0.75 черный ТРТС Ореол,31.83,₽/м,,,
Шнур ШВВП 2х0.5 белый ТРТС Ореол,9.09,₽/м,,,
Провод ТРП 2x0.4 розовый ТРТС 65 Спецресурс,8.18,₽/м,,,
Кабель телефонный плоский 4 провода многожильный белый 100м 20353 Hyperline,13.03,₽/м,,,
Эмальпровод ПЭТВ-2 0.56 ТРТС TRTS,1282.7,₽/кг,,,
Провод ПЭТ-155 0.475 Камкабель,2165.44,₽/кг,,,
"Провод силовой ПуГВнг(А)-LS 1х0,5желто-зеленый ТРТС Ореол",10.61,₽/м,,,
Провод силовой ПуГВ 1х0.5 желто-зеленый многопроволочный РЭК/Prysmian,7.88,₽/м,,,
Кабель силовой АВВГп 2х4 ТРТС Ореол,30.3,₽/м,,,
Провод ПНСВ 1х1.4пэ неоцинкованный,3.01,₽/гр,,,
Провод ПНСВ 1.2 ТР ТС ТИТАН КЗ,2.22,₽/м,,,
Розетка стационарная ССИ-145 MAGNUM 125А 3Р+РЕ+N 380В IP67,15958,₽/шт,,,
Вилка прямая каучуковая 230В 2P+PE 16A IP44 PROxima,135.34,₽/шт,,,
"Розетка каб 16A/250V/2P+E/IP54 с черным крышкой и корпусом, маркер черный",1008.89,₽/шт,,,
Розетка панельная РП12-3 2Р+РЕ 16А з/к с крышкой IP54 синяя MAGNUM,454.5,₽/шт,,,
"Механизм розетки DS6 90A, 440V, 3PH+N+E, IP66/67, металл",121200,₽/шт,,,
"Механизм розетки DS6, 90A, 440V, 3PH+E, IP66/67, металл",109097.74,₽/шт,,,
Розетка разборная для плиты с з/к о/у белая 32А Рпл10-К IEK,277.75,₽/шт,,,
Розетка наружная разборная для плиты с заземлением 32А белая РПпл10-01-Ст,68.29,₽/шт,,,
Щиток без отверстий 370х230х181 на 9 модулей DIN,8433.5,₽/шт,,,
Щиток без отверстий 230х120х120,3462.28,₽/шт,,,
Основа для лицевых панелей 220х125мм,15554,₽/шт,,,
Рамка 66х26 (Х-26),13.53,₽/шт,,,
Изолента Safeline 19/25 белый,171.7,₽/шт,,,
Изолента ПВХ 15мм 5м синий серии SafeFlex Auto,30.3,₽/шт,,,
Самоспекающаяся изол. лента СИЛ-20 (3м),404,₽/шт,,,
"Двухсторонний скотч, серый, на HBA акриловой основе, 6 мм, ролик 5 м",149.48,₽/шт,,,
Лента спиральная монтажная SWB-19 D=19мм/d=15мм (10м),1035.25,₽/шт,,,
Лента спиральная монтажная SWB-06 D=6мм/d=4мм (10м),222.2,₽/шт,,,
Трубка ТТК-(4:1)-52/13,823.15,₽/шт,,,
Трубка термоусаживаемая ТТУ 1.5/0.75 черная (1м),13.39,₽/шт,,,
"Трубка холодной усадки ТХУ 58/26 силиконовая 0,5м",1908.9,₽/шт,,,
"Трубка холодной усадки ТХУ 19/7 силиконовая 0,4м",17.34,₽/шт,,,
Трубка ПВХ ТВ40 диаметр 10мм кембрик,16.67,₽/м,,,
"Трубка кембрик ТВ-40 ПВХ, d= 1,5 мм, REXANT",5.05,₽/м,,,
Хомут 400х7.6мм черный нейлон (100шт),11.11,₽/шт,,,
"Хомут P6.6 стандартный, белый 2,5x100",1.01,₽/шт,,,
"Монтажная лента перфорированная 17x0,8 мм",3839.01,₽/шт,,,
"Стяжки кабельные стальные СКС (304) 4,6*150 FORTISFLEX",19.74,₽/шт,,,
Скоба 20мм круглая пластиковая (100шт),369.1,₽/шт,,,
Скоба пластиковая с гвоздем для круглых кабелей и проводов СПК 4 (50шт.) (Fortisflex),0.61,₽/шт,,,
Держатель кабеля 10 кВ диаметр кабеля 65-90 мм,2398.75,₽/шт,,,
Скоба металлическая СМО 8-9 (Fortisflex),2.32,₽/шт,,,
Маркер МКН комплект цифр 0-9 2.5мм (100шт),444.4,₽/шт,,,
Маркировочное кольцо 0.5-1.5мм (1) белое/коричневое CAB3 (1200шт/уп),1.41,₽/шт,,,
Шина соединительная типа PIN (штырь) 3-фазная 100А1м NBB-L-PIN-100-3,2892.64,₽/шт,,,
Спираль монтажная СМ-08-06 (10м),241.39,₽/ упаковка,,,
Лоток глухой ЛМГ 50х25х2000 У3 окрашенный S1.0 Завод ЭМИ Курган,882.74,₽/м,,,
"Лоток перф. 50х400х1,2 L3000 мм Стандарт ПЛЮС INOX304 КМ-Профиль",7929.51,₽/м,,,
"Лоток перф. 50х50х0,7 L2000 мм Стандарт ПЛЮС INOX304 КМ-Профиль",1806.89,₽/м,,,
Лоток перфорированный 300х100х3000мм 1.5 мм горячеоцинкованный DKC 3м,5429.76,₽/м,,,
Лоток перфорированный 50х50х3000 горячеоцинкованный DKC,1150.39,₽/м,,,
"Кабельный листовой лоток OBO RKS-Magic, перфорированный 60x400x3050 RKSM 640 FS OBO Bettermann 3м",4017.78,₽/м,,,
Лоток перфорированный 50х50х3000 0.6мм S3,292.9,₽/м,,,
Лоток перфорированный 100х24х2000гр НЛ10П,822.14,₽/шт,,,
Лоток перфорированный 050х24х2000мм грунтованный НЛ5П,534.29,₽/шт,,,
Лоток проволочный 50х600 L3000 горячеоцинкованный,3299.67,₽/м,,,
"Лоток проволочный 50х50х3000-3,8мм",333.3,₽/м,,,
"Лоток лестничный 100х500х3000-1,2 мм HDZ",3110.8,₽/м,,,
Лоток лестничный 200х50х3000мм Стандарт,1018.08,₽/м,,,
DLP Кабель-канал 150x50,3640.04,₽/м,,,
Кабель-канал 15x10мм,40.48,₽/м,,,
Труба гофрированная DN23мм ПВ-2 Dвн=22.6 мм Dнар= 28.5 мм полиа,331.43,₽/м,,,
Труба гофрированная ПНД Строительная безгалогенная (HF) с/з д16 (100м),1212,₽/шт,,,
Короб перфорированный RL12 100x80 синий QUADRO,1080.7,₽/м,,,
Короб перфорированный RL75 15x18 серый QUADRO,212.1,₽/м,,,
Крышка для напольной коробки латунь 12/18М,44753.1,₽/шт,,,
Люк ревизионный пластик 200х200 Basic,441.37,₽/шт,,,
Колонна алюминиевая 1.5-3м черная,53589.59,₽/шт,,,
Суппорт Lexic серый,422.18,₽/шт,,,
Лоток глухой 100x400 ПВХ-М1 серый RAL7030,5663.07,₽/шт,,,
Лоток серый RAL7030 60x75 ПВХ-М1,1123.12,₽/шт,,,
Трансформаторный модуль вертикальный тип,2969456.56,₽/шт,,,
Шина нулевая с заземлением 63.10 латунь,83.63,₽/шт,,,
"Короб монтажный прямой У1105 400х100х1,5х3000 УХЛ1, горячее цинкование(толщина покрытия 40 -120мкм), S1,5",23568.35,₽/шт,,,
"Короб горизонтальный для поворота трассы на 90 У1109 50х50-90х1,0 УТ1,5, оцинкованный лист(толщина покрытия(10...18мкм), S1,0",1673.57,₽/шт,,,
Короб для светильников HST MEK 70 L=6000,9422.29,₽/м,,,
MEK 70K шина для подвески светильника,1257.45,₽/м,,,
Консоль с опорой ML 100 мм облегченная,693.87,₽/шт,,,
Профиль П-образный PSM 2.5 мм L=3000мм,910.01,₽/шт,,,
"Скоба металлическая однолапковая СМО 16-17 (100 шт/уп, 4000 шт/кор)",2.93,₽/шт,,,
Крепёж-клипса для труб Полистирол черная д16 (100шт/2000шт уп/кор),2.93,₽/шт,,,
Гайка шестигранная М6,1.72,₽/шт,,,
"Каркас К33Б.01.00 У1 4х полочный, окрашенный",6357.95,₽/шт,,,
"Опора К948 УТ1,5",6818.51,₽/шт,,,
КС-20 с пластмассовыми сальниками (7шт. сальников MG) ЗЭТА коробка клеммная,4899.51,₽/шт,,,
"Изолятор для наружного монтажа, пластик, цвет коричневый (10 шт/уп)",122.73,₽/шт,,,
Гильза ГМЛ 25 -8 луженая,60.78,₽/шт,,,
Наконечник ТМЛ 120- 12-17 луженый,349.46,₽/шт,,,
Гильза ГМЛ 4 -3 луженая,22.83,₽/шт,,,
Наконечник НШВИ 0.5- 8,1.01,₽/шт,,,
Муфта кабельная 3ПСТ -10- 150/240 -Б-,23749.14,₽/шт,,,
"Муфта кабельная мини5ПКТп - 2,5/10",7367.95,₽/шт,,,
Скрепа СГ-20 (100шт),2978.49,₽/шт,,,
Лента бандажная ЛМ-50 (50м),4918.7,₽/шт,,,
Хомут стяжной E 778 8х204 мм,9.49,₽/шт,,,
Придверная решетка - текстиль 390х590мм,6400.1,₽/шт,,,
Придверная решетка - резина 390х590мм,6400.1,₽/шт,,,
Решетка Delmax 490х990мм - стальная ячеистая оцинкованная,7730,₽/шт,,,
Решетка Delmax 390х590мм - стальная ячеистая оцинкованная,4490.5,₽/шт,,,
Поддон Delmax придверный пластиковый 400х600,1550,₽/шт,,,
Крепящий якорь Delmax для бордюра ,50.35,₽/шт,,,
"Решетка водоприемная Delmax - ячеистая стальная оцинкованная для дождеприемника 300х300, кл. В125",1950.5,₽/шт,,,
" Решетка водоприемная Delmax - штампованная оцинкованная для дождеприемника 300х300, кл. А15",1020.9,₽/шт,,,
"Решетка водоприемная Delmax - пластиковая черная для дождеприемника 300х300, кл. А15",410,₽/шт,,,
Cифон -перегородка для дождеприемника Delmax 300х300 - пластиковая,150.4,₽/шт,,,
Корзина для дождеприемника Delmax 300х300 - пластиковая,200.9,₽/шт,,,
Дождеприемник Delmax 300х300 - пластиковый универсальный,910.8,₽/шт,,,
Надставка для дождеприемника Delmax 300х300 - пластикового,570.5,₽/шт,,,
Бокс водосточный Delmax c вертикальным водоотводом,730,₽/шт,,,
"Решетка водоприемная Delmax - щелевая чугунная ВЧ DN200, кл. С250",3040.5,₽/шт,,,
"Решетка водоприемная Delmax - ячеистая стальная оцинкованная DN200, кл. В125",5310.5,₽/шт,,,
" Решетка водоприемная Delmax - штампованная стальная оцинкованная DN200, кл. А15",2525,₽/шт,,,
" Решетка водоприемная Delmax - щелевая чугунная ВЧ DN150, кл. С250",2630.5,₽/шт,,,
"Решетка водоприемная Delmax - ячеистая стальная оцинкованная DN150, кл. В125",4070.5,₽/шт,,,
"Решетка водоприемная Delmax - щелевая чугунная ВЧ DN100, кл. С250",1330.9,₽/шт,,,
"Решетка водоприемная Delmax - ячеистая стальная оцинкованная DN100, кл. В125",2540.4,₽/шт,,,
"Решетка водоприемная Delmax - штампованная стальная оцинкованная с отверстиями для крепления DN100, кл. А15",858.5,₽/шт,,,
"Решетка водоприемная Delmax - штампованная стальная оцинкованная DN100, кл. А15",850.5,₽/шт,,,
Лоток водоотводный Delmax Н125 DN100 - бетонный,1340,₽/шт,,,
Лоток водоотводный Delmax Н120 DN100 - пластиковый,747.4,₽/шт,,,
Бордюр KANTA SP Б-1000.10.02-ПП - пластиковый ,1029.9,₽/шт,,,
Бордюр ландшафтный SP Б-100.05.08-ПП пластиковый черный L1000 арт. 82468 – высота 45 мм,252.5,₽/шт,,,
"Решетка газонная РГ-58.51.03-ПП 8102-Ч ""HEXARM"" (ГЕКСАРМ)",181.8,₽/шт,,,
"Решетка газонная пластиковая ""Гексарм"" лайт",212.1,₽/шт,,,
Крепеж ЛВ-ПП-20.21.03-ОС к лотку водоотводному пластиковому,151.5,₽/шт,,,
Лоток водоотводный PolyMax Basic ЛВ-20.26.20-ПП пластиковый 8540-М,1247.35,₽/шт,,,
Крепеж КЛВ-15.18.02-ОС к лотку водоотводному пластиковому,131.3,₽/шт,,,
Лоток водоотводный PolyMax Basic ЛВ-15.21.20-ПП пластиковый,999.9,₽/шт,,,
Крепеж ЛВ-10-ПП 6800 пластиковый для пластикового и полимербетонного лотка,95.95,₽/шт,,,
Лоток PolyMax Basic ЛВ-10.15.08-ПП 8010-М,515.1,₽/шт,,,
Лоток PolyMax Basic ЛВ-10.16.06-ПП 8050-М,454.5,₽/шт,,,
Торцевая заглушка S’Park 2 ЗЛВ-10.14.07-ПП на торец с пазами ,252.5,₽/шт,,,
Торцевая заглушка S’Park 2 ЗЛВ-10.14.07-ПП на торец с замками ,252.5,₽/шт,,,
"Лоток водоотводный S'park 2 ЛВ- 10.14.07-ПП пластиковый с решеткой щелевой чугунной кл. А,В (комплект)",2373.5,₽/шт,,,
Лоток водоотводный S'park ЛВ-10.14.07-ПП пластиковый с решеткой стальной оцинкованной (комплект),696.9,₽/шт,,,
Лоток водоотводный Spark 2 ЛВ- 10.14.07-ПП пластиковый с решеткой пластиковой кл.А (комплект),898.9,₽/шт,,,
"Геомембрана ПНД (HDPE) 1мм, 5х50",459.55,₽/кв.м,,,
ГЕОКОМ ОР 210*210 100 (1.35),308.25,₽/кв.м,,,
Геоком Д-100,4295.04,₽/рулон,,,
Геоком Д-150,8409.15,₽/рулон,,,
Геоком Д-200,10031.09,₽/рулон,,,
Геоком Д-250,11503.31,₽/рулон,,,
Геоком Д-300 2м,7545,₽/рулон,,,
Геоком Д-350,7835.23,₽/рулон,,,
Геоком Д-400,8858.3,₽/рулон,,,
Геоком Д-450,9918.8,₽/рулон,,,
Геоком Д-500,10954.35,₽/рулон,,,
Геоком Д-600,13037.92,₽/рулон,,,
Георешетка СД-20,18140.63,₽/рулон,,,
Георешетка СД-30,25905.68,₽/рулон,,,
Георешетка СД-40,36359.22,₽/рулон,,,
ГСП 1500х1250х10,0,₽/кв.м,Под заказ,,
ГСП 1500х1250х12,0,₽/кв.м,Под заказ,,
ГСП 2500х1250х10,0,₽/кв.м,Под заказ,,
ГСП 2500х1250х12,0,₽/кв.м,Под заказ,,
ГСП 3000х1250х10,0,₽/кв.м,Под заказ,,
Минеральный пигмент для колеровки масел и воска 100гр,418.14,₽/гр,,,
Масло для дерева. Льняное 20л,15057.89,₽/л,,,
Масло для дерева. Льняное 5л,3643.27,₽/л,,,
"Масло для дерева. Льняное 0,9л",739.32,₽/л,,,
"Лазурь по дереву ""Аква"" 10л",5032.22,₽/л,,,
"Лазурь по дереву ""Аква"" 5л",2781.54,₽/л,,,
Лазурь по дереву. Аква 1л,673.87,₽/л,,,
"Лак для бань и саун ""Аква Цветной"" 5л",4055.35,₽/л,,,
"Лак для бань и саун ""Аква Цветной"" 2,5л",2490.66,₽/л,,,
Лак для бань и саун. Аква Цветной (пол и стены) 1л,906.58,₽/л,,,
Масло для пола в банях и саунах 20л,21268.18,₽/л,,,
Масло для пола в банях и саунах 5л,5487.94,₽/л,,,
"Масло для пола в банях и саунах 2,5л",3000.91,₽/л,,,
"Масло для пола в банях и саунах 0,9л                         ",1133.22,₽/л,,,
"Масло для пола в банях и саунах 0,45л",778.1,₽/л,,,
Масло для бань и саун. Бесцветное. 20л,17902.45,₽/л,,,
Масло для бань и саун. Бесцветное. 5л,4810.43,₽/л,,,
"Масло для бань и саун. Бесцветное. 2,5л",2598.53,₽/л,,,
Масло для бань и саун. Бесцветное 1л,1052.02,₽/л,,,
"Масло для бань и саун. Бесцветное 0,45л",735.68,₽/л,,,
Масло для бань и саун 20л,17503.7,₽/л,,,
Масло для бань и саун 5л,4601.96,₽/л,,,
"Масло для бань и саун 2,5л",2502.78,₽/л,,,
"Масло для бань и саун 0,9л",981.72,₽/л,,,
"Масло для бань и саун 0,45л",696.9,₽/л,,,
Воск с маслом 20л,25243.54,₽/л,,,
Воск с маслом 5л,6547.22,₽/л,,,
"Воск с маслом 2,5л",3530.56,₽/л,,,
"Воск с маслом 0,9л",1298.05,₽/л,,,
"Воск с маслом 0,45",854.46,₽/л,,,
Твердое масло 20л,22069.31,₽/л,,,
Твердое масло 5л,5700.04,₽/л,,,
"Твердое масло 2,5л",3105.14,₽/л,,,
"Твердое масло 0,9л",1172,₽/л,,,
"Твердое масло 0,45л",797.5,₽/л,,,
Масло для внутренних работ 20л,17452.8,₽/л,,,
Масло для внутренних работ 5л,4475.92,₽/л,,,
"Масло для внутренних работ 2,5л",2495.51,₽/л,,,
"Масло для внутренних работ 0,9л",951.42,₽/л,,,
"Масло для внутренних работ 0,45л",716.29,₽/л,,,
Масло для террас 20л,21860.84,₽/л,,,
Масло для террас 5л,5644.28,₽/л,,,
"Масло для террас 2,5л",3079.69,₽/л,,,
"Масло для террас 0,9л",1158.67,₽/л,,,
"Масло для террас 0,45л",778.1,₽/л,,,
Лазурь по дереву 20л,20737.32,₽/л,,,
Лазурь по дереву 5л,5344.92,₽/л,,,
"Лазурь по дереву 2,5л",2931.83,₽/л,,,
"Лазурь по дереву 0,9л",1106.56,₽/л,,,
"Лазурь по дереву 0,45л",758.71,₽/л,,,
Краска В/Д фасадная 14 кг,1650,₽/шт,,,
Краска В/Д интерьерная 14 кг,1150,₽/шт,,,
"Краска В/Э F301 фасад. ""Оптимист"" 3,0 кг.",570.06,₽/шт,,,
"Краска В/Э F301 фасад. ""Оптимист"" 7 кг",1100.36,₽/кг,,,
"Краска В/Э F301 фасад. ""Оптимист"" 14 кг.",2140.53,₽/кг,,,
"Краска В/Э F311 фасад. ""Оптимист"" 14 кг.",1956.98,₽/шт,,,
"Краска В/Э W202 мат/белая ""Оптимист"" 3 кг.",274.34,₽/шт,,,
"Краска В/Э W202 мат/белая ""Оптимист"" 7 кг.",600.65,₽/шт,,,
"Краска В/Э W202 мат/белая ""Оптимист"" 14 кг.",1151.35,₽/шт,,,
"Эмаль ПФ-115 ""Ростов"" белая 1,9 кг. (ТУ)",362.09,₽/шт,,,
"Эмаль ПФ-115 ""Ростов"" белая 2,7 кг. (ТУ)",516.62,₽/шт,,,
"Эмаль ПФ-115 ""Ростов"" белая 25 кг. (ТУ)",4431.38,₽/шт,,,
"Эмаль ПФ-115 ""Ростов"" белая 0,9 кг. (ТУ)",168.17,₽/шт,,,
"Эмаль ПФ-115 ""Ростов"" голубая 0,9 кг. (ТУ)",143.93,₽/шт,,,
"Эмаль ПФ-115 ""Ростов"" голубая 1,9 кг. (ТУ)",306.03,₽/шт,,,
"Эмаль ПФ-115 ""Ростов"" голубая 2,7 кг. (ТУ)",431.78,₽/шт,,,
"Эмаль ПФ-115 ""Ростов"" голубая 25 кг. (ТУ)",3636,₽/шт,,,
"Эмаль ПФ-115 ""Ростов"" желтая 0,9 кг. (ТУ)",139.38,₽/шт,,,
"Эмаль ПФ-115 ""Ростов"" желтая 1,9 кг. (ТУ)",299.97,₽/шт,,,
"Эмаль ПФ-115 ""Ростов"" желтая 2,7 кг. (ТУ)",421.17,₽/шт,,,
"Эмаль ПФ-115 ""Ростов"" желтая 25 кг. (ТУ)",140.9,₽/шт,,,
"Эмаль ПФ-115 ""Ростов"" зеленая 1,9 кг. (ТУ)",299.97,₽/шт,,,
"Эмаль ПФ-115 ""Ростов"" зеленая 0,9 кг. (ТУ)",139.38,₽/шт,,,
"Эмаль ПФ-115 ""Ростов"" зеленая 25 кг. (ТУ)",3522.38,₽/шт,,,
"Эмаль ПФ-115 ""Ростов"" зеленая 2,7 кг. (ТУ)",421.17,₽/шт,,,
"Эмаль ПФ-115 ""Ростов"" красно-коричневая 0,9 кг. (ТУ)",136.35,₽/шт,,,
"Эмаль ПФ-115 ""Ростов"" красно-коричневая 1,9 кг. (ТУ)",290.88,₽/шт,,,
"Эмаль ПФ-115 ""Ростов"" красно-коричневая 2,7 кг. (ТУ)",409.05,₽/шт,,,
"Эмаль ПФ-115 ""Ростов"" красно-коричневая 25 кг. (ТУ)",3408.75,₽/шт,,,
"Эмаль ПФ-115 ""Ростов"" красная 0,9 кг. (ТУ)",139.38,₽/шт,,,
"Эмаль ПФ-115 ""Ростов"" красная 1,9 кг. (ТУ)",299.97,₽/шт,,,
"Эмаль ПФ-115 ""Ростов"" красная 2,7 кг. (ТУ)",421.17,₽/шт,,,
"Эмаль ПФ-115 ""Ростов"" красная 25 кг. (ТУ)",3522.38,₽/шт,,,
"Эмаль ПФ-115 ""Ростов"" серый 0.9 кг. (ТУ)",143.93,₽/шт,,,
"Эмаль ПФ-115 ""Ростов"" серый 1.9 кг. (ТУ)",306.03,₽/шт,,,
"Эмаль ПФ-115 ""Ростов"" серый 2.7 кг. (ТУ)",431.78,₽/шт,,,
"Эмаль ПФ-115 ""Ростов"" серый 25 кг. (ТУ)",3636,₽/шт,,,
"Эмаль ПФ-115 ""Ростов"" синий 0.9 кг. (ТУ)",139.38,₽/шт,,,
"Эмаль ПФ-115 ""Ростов"" синий 2.7 кг. (ТУ)",421.17,₽/шт,,,
"Эмаль ПФ-115 ""Ростов"" синий 1.9 кг. (ТУ)",299.97,₽/шт,,,
"Эмаль ПФ-115 ""Ростов"" синий 25 кг. (ТУ)",3522.38,₽/шт,,,
"Эмаль ПФ-115 ""Ростов"" шоколадная 1.9 кг. (ТУ)",290.88,₽/шт,,,
"Эмаль ПФ-115 ""Ростов"" шоколадная 2.7 кг. (ТУ)",409.05,₽/шт,,,
"Эмаль ПФ-115 ""Ростов"" шоколадная 25 кг. (ТУ)",3408.75,₽/шт,,,
"Эмаль ПФ-115 ""Ростов"" шоколадная 0.9 кг. (ТУ)",136.35,₽/шт,,,
"Эмаль ПФ-115 ""Ростов"" черный 0.9 кг. (ТУ)",136.35,₽/шт,,,
"Эмаль ПФ-115 ""Ростов"" черный 1.9 кг. (ТУ)",290.88,₽/шт,,,
"Эмаль ПФ-115 ""Ростов"" черный 2.7 кг. (ТУ)",409.05,₽/шт,,,
"Эмаль ПФ-115 ""Ростов"" черный 25 кг. (ТУ)",3408.75,₽/шт,,,
"Грунт ГФ-021 ""Ростов"" красно-коричневая 0,9 кг. (ГОСТ 25129-83)",126.32,₽/шт,,,
"Грунт ГФ-021 ""Ростов"" красно-коричневая 1,9 кг. (ГОСТ 25129-83)",256.98,₽/шт,,,
"Грунт ГФ-021 ""Ростов"" красно-коричневая 2,7 кг. (ГОСТ 25129-83)",345.55,₽/шт,,,
"Грунт ГФ-021 ""Ростов"" красно-коричневая 25 кг. (ГОСТ 25129-83)",2649.67,₽/шт,,,
"Грунт ГФ-021 ""Ростов"" серый 0,9 кг. (ГОСТ 25129-83)",129.22,₽/шт,,,
"Грунт ГФ-021 ""Ростов"" серый 1,9 кг. (ГОСТ 25129-83)",264.25,₽/шт,,,
"Грунт ГФ-021 ""Ростов"" серый 2,7 кг. (ГОСТ 25129-83)",357.17,₽/шт,,,
"Грунт ГФ-021 ""Ростов"" серый 25 кг. (ГОСТ 25129-83)",4225,₽/шт,,,
"Гр-эмаль по рж ""Ростов"" белый 0,9 кг.",202,₽/шт,,,
"Гр-эмаль по рж ""Ростов"" белый 1,9 кг.",418.21,₽/шт,,,
"Гр-эмаль по рж ""Ростов"" белый 2,7 кг.",571.29,₽/шт,,,
"Гр-эмаль по рж ""Ростов"" желтый 20 кг.",3250.94,₽/шт,,,
"Гр-эмаль по рж ""Ростов"" красный 0.9 кг.",172.02,₽/шт,,,
"Гр-эмаль по рж ""Ростов"" красный 1.9 кг.",355.09,₽/шт,,,
"Гр-эмаль по рж ""Ростов"" серый 0.9 кг.",176.75,₽/шт,,,
"Гр-эмаль по рж ""Ростов"" серый 1.9 кг.",362.97,₽/шт,,,
"Гр-эмаль по рж ""Ростов"" серый 2.7 кг.",495.54,₽/шт,,,
"Гр-эмаль по рж ""Ростов"" шоколад 0.9 кг.",160.97,₽/шт,,,
"Гр-эмаль по рж ""Ростов"" шоколад 1.9 кг.",329.84,₽/шт,,,
"Гр-эмаль по рж ""Ростов"" шоколад 2.7 кг.",448.19,₽/шт,,,
Грунтовка Aura beton contakt 14кг,2636.1,₽/шт,,,Литокс
Грунтовка для газоблока 10 л.,3600,₽/шт,,,
Грунтовка 10 л.,1250,₽/шт,,,
"Грунтовка ЕС 10 ""Универсальный"" 5 л.",289.87,₽/шт,,,Екатеринодарские сухие смеси
"Грунтовка ЕС 10 ""Универсальный"" 10 л.",508.03,₽/шт,,,Екатеринодарские сухие смеси
"Грунтовка ЕС 20 ""Универсальный"" 5 л.",494.9,₽/шт,,,Екатеринодарские сухие смеси
"Грунтовка ЕС 20 ""Универсальный"" 10 л.",891.83,₽/шт,,,Екатеринодарские сухие смеси
"Грунт-концентрат ""ЕС 100"" 1 л.",311.08,₽/шт,,,Екатеринодарские сухие смеси
"Грунт-концентрат ""ЕС 100"" 5 л.",1519.04,₽/шт,,,Екатеринодарские сухие смеси
"Грунт-концентрат ""ЕС 100"" 10 л.",3000.71,₽/шт,,,Екатеринодарские сухие смеси
"Грунтовка Knauf ""Тифенгрунд"" 5 кг.",690.69,₽/шт,,,Knauf
"Грунтовка Knauf ""Мультигрунд"" 5 кг.",727.2,₽/шт,,,Knauf
"Грунтовка Knauf ""Тифенгрунд"" 10 кг.",1445.45,₽/шт,,,Knauf
"Грунтовка Knauf ""Мультигрунд"" 10 кг.",1383.9,₽/шт,,,Knauf
"Грунтовка Knauf ""Декоргрунд"" 10 кг.",1343.54,₽/шт,,,Knauf
"Грунтовка Knauf ""Миттельгрунд"" 10 кг.",4201.6,₽/шт,,,Knauf
"Грунт концентрат Аквастоп ""Оптимист"" G106 10 л.",3685.22,₽/шт,,,Оптимист
"Грунт глубокого проникновения ""Оптимист"" G103 1 л.",172.71,₽/шт,,,Оптимист
"Грунт глубокого проникновения ""Оптимист"" G103 5 л.",581.76,₽/шт,,,Оптимист
"Грунт глубого проникновения ""Оптимист"" G103 10 л.",1089.79,₽/шт,,,Оптимист
"Грунт глубокого проникновения ""Оптимист"" G101 1 л.",153.52,₽/шт,,,Оптимист
"Грунт глубокого проникновения синяя ""Оптимист"" G101 5 л.",471.67,₽/шт,,,Оптимист
"Грунт глубокого проникновения синяя ""Оптимист"" G101 10 л.",1001.92,₽/шт,,,Оптимист
"Грунтовка проникающая ""Оптимист"" G102 1 л.",114.33,₽/шт,,,Оптимист
"Грунтовка проникающая ""Оптимист"" G102 5 л.",454.7,₽/шт,,,Оптимист
"Грунтовка проникающая ""Оптимист"" G102 10 л.",879.37,₽/шт,,,Оптимист
Грунтовка концентрат 10 л.,3100,₽/ упаковка,,,
"Грунтовка Toiler ""TR-10"" 5 л.",342.64,₽/шт,,,Toiler
"Грунтовка Toiler ""TR-20"" 5 л.",578.43,₽/шт,,,Toiler
"Грунтовка Toiler ""TR-10"" 10 л.",590.04,₽/шт,,,Toiler
"Грунтовка Toiler ""TR-20"" 10 л.",1026.16,₽/шт,,,Toiler
"Грунт-концентрат Toiler ""TR-900"" 1 л.",368.2,₽/шт,,,Toiler
"Гидроизоляция ""TR-500"" 3 кг.",1016.06,₽/шт,,,Toiler
"Грунт-концентрат Toiler ""TR-900"" 5 л.",1736.44,₽/шт,,,Toiler
"Грунт-концентрат Toiler ""TR-900"" 10 л.",3417.13,₽/шт,,,Toiler
Грунтовка бетоноконтакт Литокс 15кг,1812.95,₽/шт,,,Литокс
Бетоноконтакт Оптимист G109 12 кг.,2158.78,₽/шт,,,
"Knauf ""Бетоноконтакт"" 20 кг.",3860.34,₽/шт,,,
"Бетоноконтакт Toiler ""TR-703"" 5 кг.",730.58,₽/шт,,,Toiler
"Бетоноконтакт Toiler ""TR-703"" 10 кг.",1407.74,₽/шт,,,Toiler
ЕС Контакт-бетон 5 кг.,786.91,₽/шт,,,
ЕС Контакт-бетон 10 кг.,1335.42,₽/шт,,,
"Клей ""Oscar"" для стеклообоев",2267.45,₽/ ведро,,,
Супер-клей Axton гель 3 г.,66.54,₽/шт,,,
"Клей ПВА стандарт К501 ""Оптимист"" 1 кг.",221.49,₽/шт,,,
"Клей ПВА стандарт К501 ""Оптимист"" 2,3 кг.",514.21,₽/шт,,,
"Клей ПВА стандарт К501 ""Оптимист"" 5 кг.",1070.14,₽/шт,,,
"Клей ПВА стандарт К501 ""Оптимист"" 10 кг.",1726.35,₽/шт,,,
"Клей КС строительный влаго-термостойкий К503 ""Оптимист"" 1,5 кг.",182.29,₽/шт,,,
"Клей КС строительный влаго-термостойкий К503 ""Оптимист"" 5 кг.",424.2,₽/шт,,,
"Клей КС строительный влаго-термостойкий К503 ""Оптимист"" 9 кг.",732.25,₽/шт,,,
"Клей КС строительный влаго-термостойкий К503 ""Оптимист"" 18 кг.",969.34,₽/шт,,,
Растворитель 646 0.5 л.,171.7,₽/шт,,,
Растворитель 646 1 л.,276.74,₽/шт,,,
Растворитель 646 5 л.,1253.41,₽/шт,,,
Растворитель 646 10 л.,2440.16,₽/шт,,,
Уайт-спирит 0.5 л.,118.63,₽/шт,,,
Уайт-спирит 1 л.,225.23,₽/шт,,,
Уайт-спирит 10 л.,1253.41,₽/шт,,,
Уайт-спирит 20 л.,2444.2,₽/шт,,,
"Антиплесень C412 ""Оптимист"" 1 л.",150.93,₽/шт,,,
"Антиплесень C412 ""Оптимист"" 5 л.",704.09,₽/шт,,,
"Антиплесень C412 ""Оптимист"" 10 л.",1483.33,₽/шт,,,
"Жидкое стекло К507 ""Отпимист"" натриевое 3 кг.",301.9,₽/шт,,,
"Жидкое стекло К507 ""Отпимист"" натриевое 6 кг.",587.82,₽/шт,,,
"Лак акриловый L208 ""Оптимист"" бесц. п/глян. 1 кг.",681.75,₽/шт,,,
"Лак акриловый L210 ""Оптимист"" бесц. глян. 1 кг.",308.17,₽/шт,,,
"Отбеливатель древесный ""Оптимист"" С411 1 л.",158.66,₽/шт,,,
"Отбеливатель древесный ""Оптимист"" С411 5 л.",642.29,₽/шт,,,
"Отбеливатель древесный ""Оптимист"" С411 10 л.",1244.57,₽/шт,,,
"Пластификатор ""Оптипласт"" С409 5 л.",368.77,₽/шт,,,
"Пластификатор ""Оптипласт"" С409 10 л.",702.57,₽/шт,,,
"Покрытие Гидростоп""Оптимист"" С407 7 кг.",2596.44,₽/шт,,,
"Пропитка Гидро-Биощит ""Оптимист"" С402 10 л.",1465.34,₽/шт,,,
"Пропитка Биощит ""Оптимист"" С401 5 л.",331.28,₽/шт,,,
"Пропитка Биощит ""Оптимист"" С401 10 л.",645.28,₽/шт,,,
"Пропитка Естественный камень ""Оптимист"" С405 10 л.",2149.98,₽/шт,,,
"Пропитка Мокрый камень ""Оптимист"" С404 5 л.",1889.71,₽/шт,,,
"Пропитка Мокрый камень ""Оптимист"" С404 10 л.",3472.38,₽/шт,,,
"Пропитка ""Антижук"" С415 ""Оптимист"" 5 л.",379.65,₽/шт,,,
"Пропитка ""Антижук"" С415 ""Оптимист"" 10 л.",631.92,₽/шт,,,
"Пропитка Огне-Биощит-1гр. С413 ""Оптимист"" 5 л.",702.46,₽/шт,,,
"Пропитка Огне-Биощит-1гр. С413 ""Оптимист"" 10 л.",1227.99,₽/шт,,,
"Пропитка Огне-Биощит С403 ""Оптимист"" 5 л.",552.68,₽/шт,,,
"Пропитка Огне-Биощит С403 ""Оптимист"" 10 л.",1021.11,₽/шт,,,
"Противоморозная добавка модификатор С406 ""Оптимист"" 10 л.",767.54,₽/л,,,
Лестница №1 (Лиственница),0,₽/шт,Договорная,,
Лестница №2 (Дуб),0,₽/шт,Договорная,,
"Лестница №3 (Дуб, бук)",0,₽/шт,Договорная,,
"Лестница №4 (Обшивка бетонного марша, дуб)",0,₽/шт,Договорная,,
"Лестница №5 (Металлокаркас, Дуб)",0,₽/шт,Договорная,,
"Лестница №6 (Металлокаркас, Дуб)",0,₽/шт,Договорная,,
"Лестница №7 (Обшивка бетонного марша, дуб)",0,₽/шт,Договорная,,
"Лестница №8 (Обшивка бетонного каркаса, дуб)",0,₽/шт,Договорная,,
СМЛ-ДОН ЛЮКС 2440х1220х12,3315,₽/шт,,,
СМЛ-ДОН ЛЮКС 2440х1220х10,2860,₽/шт,,,
СМЛ-ДОН ЛЮКС 2440х1220х8,2574,₽/шт,,,
Плиты ПВТН 1200х600х30,2187.05,₽/шт,,,
Плиты ПВТН 600х600х20,1373.6,₽/шт,,,
Уголок декоративный,323.2,₽/шт,,,
Доска террасная Arte шлифовка+тиснение (Шоколад),555.5,₽/пог. м,Бронзовый.,,
Доска террасная Arte шлифовка+тиснение (Белый),656.5,₽/пог. м,Белый,,
Доска террасная Arte шлифовка+тиснение (Бронза),555.5,₽/пог. м,Бронзовый.,,
Доска террасная Arte шлифовка+тиснение (Песочный),555.5,₽/пог. м,Песочный,,
Доска террасная Arte вельвет (Какао),534.29,₽/пог. м,Какао.,,
Доска террасная Arte вельвет (Белый),636.3,₽/пог. м,Белый,,
Доска террасная Arte вельвет (Серый),535.3,₽/пог. м,Серый,,
Доска террасная Arte вельвет (Бежевый),635.29,₽/пог. м,Бежевый.,,
Доска террасная Arte вельвет (Шоколад),534.29,₽/пог. м,Шоколад.,,
Фасадная панель Campione шлифовка+тиснение (Шоколад),537.32,₽/пог. м,Шоколад.,,
Доска террасная Arte шлифовка+тиснение (Бежевый),555.5,₽/пог. м,Бежевый.,,
Доска террасная Arte шлифовка+тиснение (Какао),555.5,₽/пог. м,Какао.,,
Доска террасная Forte 3D (Бронза),1039.29,₽/пог. м,Бронзовый.,,
Доска террасная Strada 3D (Бронза),636.3,₽/пог. м,Бронзовый.,,
Доска террасная Arte Вельвет (Песочный),636.3,₽/пог. м,Песочный,,
Доска заборная Campione Шлифовка+тиснение (Шоколад),474.7,₽/пог. м,Шоколад.,,
Фасадная панель Campione шлифовка+тиснение (Бежевый),617.11,₽/пог. м,Бежевый.,,
Фасадная панель Campione тиснение (Бежевый),516.11,₽/пог. м,Бежевый.,,
Фасадная панель Campione тиснение (Шоколад),516.11,₽/пог. м,Шоколад.,,
Фасадная панель Campione шлифовка+тиснение (Шоколад),537.32,₽/пог. м,Шоколад.,,
Фасадная панель Campione шлифовка+тиснение (Бежевый),617.11,₽/пог. м,Бежевый.,,
Фасадная панель Campione тиснение (Бежевый),516.11,₽/пог. м,Бежевый.,,
Доска террасная Arte шлифовка+тиснение (Шоколад),555.5,₽/пог. м,Бронзовый.,,
Доска террасная Arte шлифовка+тиснение (Белый),656.5,₽/пог. м,Белый,,
Доска террасная Arte шлифовка+тиснение (Бронза),555.5,₽/пог. м,Бронзовый.,,
Доска террасная Arte шлифовка+тиснение (Песочный),555.5,₽/пог. м,Песочный,,
Доска террасная Arte вельвет (Какао),534.29,₽/пог. м,Какао.,,
Доска террасная Arte вельвет (Белый),636.3,₽/пог. м,Белый,,
Доска террасная Arte вельвет (Серый),535.3,₽/пог. м,Серый,,
Доска террасная Arte вельвет (Бежевый),635.29,₽/пог. м,Бежевый.,,
Доска террасная Arte вельвет (Шоколад),534.29,₽/пог. м,Шоколад.,,
Доска террасная Arte шлифовка+тиснение (Бежевый),555.5,₽/пог. м,Бежевый.,,
Доска террасная Arte шлифовка+тиснение (Какао),555.5,₽/пог. м,Какао.,,
Доска террасная Forte 3D (Бронза),1039.29,₽/пог. м,Бронзовый.,,
Доска террасная Strada 3D (Бронза),636.3,₽/пог. м,Бронзовый.,,
Доска террасная Arte Вельвет (Песочный),636.3,₽/пог. м,Песочный,,
Доска террасная Arte вельвет (Бронза),635.29,₽/пог. м,Бежевый.,,
Доска заборная Campione Шлифовка+тиснение (Шоколад),474.7,₽/пог. м,Шоколад.,,
Доска заборная Ottimo 3D (Бежевый),615.09,₽/пог. м,Бежевый.,,
Ондулин SMART зеленый 1950х960 мм,1050.4,₽/шт,,,
Ондулин SMART коричневый 1950х960 мм.,1050.4,₽/шт,,,
Ондулин SMART красный 1950х960 мм.,1050.4,₽/шт,,,
Ондувилла зеленая 1060х400 мм.,230.76,₽/шт,,,
Ондувилла коричневая 1060х400 мм.,220.46,₽/шт,,,
Ондувилла красная 1060х400 мм.,220.46,₽/шт,,,
Ондувилла фиорентино 1060х400 мм.,286.4,₽/шт,,,
Черепица Однулин зеленая 1950х960 мм.,1000.44,₽/шт,,,
Черепица Однулин коричневая 1950х960 мм.,1050.4,₽/шт,,,
Черепица Однулин красная 1950х960 мм.,1050.4,₽/шт,,,
Вентиляционная труба Ондулин черная 860х480 мм.,4245.17,₽/шт,,,
Ендова для Ондулина зеленая 1000х360 мм.,481.02,₽/шт,,,
Ендова для Ондулина коричневая 1000х360 мм.,523.14,₽/шт,,,
Ендова для Ондулина красная 1000х360 мм.,523.14,₽/шт,,,
Конек для Ондулина зеленый 1000х360 мм.,541.14,₽/шт,,,
Конек для Ондулина коричневый 1000х360 мм.,482.95,₽/шт,,,
Конек для Ондулина красный 1000х360 мм.,436.96,₽/шт,,,
Ондуфлеш Супер черный 2500х300 мм.,2626.53,₽/рулон,,,
Заполнитель карнизов универсальный Ондулин,74.39,₽/шт,,,
Покрывающий фартук для Ондулина ,680.33,₽/шт,,,
Щипцовый элемент для Ондулина коричневый 1000х200 мм.,523.14,₽/шт,,,
Щипцовый элемент для Ондулина красный 1000х200 мм.,523.14,₽/шт,,,
Гвозди для Ондулина зеленые,4.16,₽/шт,,,
Гвозди для Ондулина коричневые,4.16,₽/шт,,,
Гвозди для Ондулина красные,4.16,₽/шт,,,
Гвозди для Ондулина черные,4.16,₽/шт,,,
Вентиляционная труба Ондувилла черная 400х480 мм.,5315.05,₽/шт,,,
Конек для Ондувиллы зеленый 1060х180 мм.,595.71,₽/шт,,,
Конек для Ондувиллы коричневый 1060х180 мм.,556.31,₽/шт,,,
Конек для Ондувиллы красный 1060х180 мм.,556.31,₽/шт,,,
Конек для Ондувиллы фиорентино 1060х180 мм.,659.45,₽/шт,,,
Конек торцевой для Ондувиллы коричневый 1060х180 мм.,556.31,₽/шт,,,
Конек торцевой для Ондувиллы красный 1060х180 мм.,556.31,₽/шт,,,
Конек торцевой для Ондувиллы фиорентино 1060х180 мм.,659.45,₽/шт,,,
Покрывающий фартук для Ондувилла зеленый 1020х140 мм.,595.71,₽/шт,,,
Покрывающий фартук для Ондувилла коричневый 1020х140 мм.,556.31,₽/шт,,,
Покрывающий фартук для Ондувилла красный 1020х140 мм.,556.31,₽/шт,,,
Щипцовый элемент для Ондувиллы коричневый 1040х105 мм.,523.14,₽/шт,,,
Щипцовый элемент для Ондувиллы красный 1040х105 мм.,523.14,₽/шт,,,
Софит  Lбрус-15х240 NormanMP (ПЭ-01-1015-0.5),1025.15,₽/кв.м,,,
Софит Lбрус-15х240 NormanMP (ПЭ-01-9003-0.5),1025.15,₽/кв.м,,,
Софит Lбрус-15х240 NormanMP (ПЭ-01-9002-0.5),1025.15,₽/кв.м,,,
Софит перфор. Lбрус-XL-14х335 (PURMAN-20-9005-0.5),1454.85,₽/кв.м,,,
Софит перфор. Lбрус-XL-14х335 (PURMAN-20-8017-0.5),1358.45,₽/кв.м,,,
Софит перфор. Lбрус-XL-14х335 (PURMAN-20-7024-0.5),1358.45,₽/кв.м,,,
Софит перфор. Lбрус-XL-14х335 (PURMAN-20-6005-0.5),1529.85,₽/кв.м,,,
Софит перфор. Lбрус-XL-14х335 (PURMAN-20-5005-0.5),1529.85,₽/кв.м,,,
Софит перфор. Lбрус-XL-14х335 (PURMAN-20-3005-0.5),1449.35,₽/гр,,,
Софит Lбрус-15х240 (PURMAN-20-Tourmalin-0.5),1529.85,₽/кв.м,,,
Софит Lбрус-15х240 (PURMAN-20-RR32-0.5),1529.85,₽/кв.м,,,
Софит Lбрус-15х240 (PURMAN-20-9010-0.5),1449.35,₽/кв.м,,,
Софит Lбрус-15х240 (PURMAN-20-9005-0.5),1449.35,₽/кв.м,,,
Софит Lбрус-15х240 (PURMAN-20-8017-0.5),1454.85,₽/кв.м,,,
Софит Lбрус-15х240 (PURMAN-20-7024-0.5),1454.85,₽/кв.м,,,
Софит Lбрус-15х240 (PURMAN-20-6005-0.5),1449.35,₽/кв.м,,,
Софит Lбрус-15х240 (PURMAN-20-5005-0.5),1449.35,₽/кв.м,,,
Софит Lбрус-15х240 (PURMAN-20-3005-0.5),1449.35,₽/кв.м,,,
Софит перфор. Lбрус-XL-14х335 (ПЭ-01-RR32-0.45),899.91,₽/кв.м,,,
Софит перфор. Lбрус-XL-14х335 (ПЭ-01-9010-0.45),802.95,₽/кв.м,,,
Софит перфор. Lбрус-XL-14х335 (ПЭ-01-9003-0.45),802.95,₽/кв.м,,,
Софит перфор. Lбрус-XL-14х335 (ПЭ-01-9002-0.45),802.95,₽/кв.м,,,
Софит перфор. Lбрус-XL-14х335 (ПЭ-01-8017-0.45),767.6,₽/кв.м,,,
Софит перфор. Lбрус-XL-14х335 (ПЭ-01-8004-0.45),802.95,₽/кв.м,,,
Софит . Lбрус-XL-14х335 (ПЭ-01-7024-0.45),802.95,₽/кв.м,,,
Софит перфор. Lбрус-XL-14х335 (ПЭ-01-7005-0.45),802.95,₽/кв.м,,,
Софит перфор. Lбрус-XL-14х335 (ПЭ-01-7004-0.45),802.95,₽/кв.м,,,
Софит перфор. Lбрус-XL-14х335 (ПЭ-01-6019-0.45),802.95,₽/кв.м,,,
Софит перфор. Lбрус-XL-14х335 (ПЭ-01-6005-0.45),767.6,₽/кв.м,,,
Софит перфор. Lбрус-XL-14х335 (ПЭ-01-6002-0.45),787.8,₽/кв.м,,,
Софит перфор. Lбрус-XL-14х335 (ПЭ-01-5021-0.45),802.95,₽/кв.м,,,
Софит перфор. Lбрус-XL-14х335 (ПЭ-01-5005-0.45),802.95,₽/кв.м,,,
Софит перфор. Lбрус-XL-14х335 (ПЭ-01-5002-0.45),802.95,₽/кв.м,,,
Софит перфор. Lбрус-XL-14х335 (ПЭ-01-3011-0.45),903.95,₽/кв.м,,,
Софит перфор. Lбрус-XL-14х335 (ПЭ-01-3005-0.45),802.95,₽/кв.м,,,
Софит перфор. Lбрус-XL-14х335 (ПЭ-01-2004-0.45),802.95,₽/кв.м,,,
Софит перфор. Lбрус-XL-14х335 (ПЭ-01-1035-0.45),797.9,₽/кв.м,,,
Софит перфор. Lбрус-XL-14х335 (ПЭ-01-1018-0.45),965.56,₽/кв.м,,,
Софит перфор. Lбрус-XL-14х335 (ПЭ-01-1015-0.45),883.75,₽/кв.м,,,
Софит перфор. Lбрус-XL-14х335 (ПЭ-01-1014-0.45),898.9,₽/кв.м,,,
Софит Lбрус-15х240 (ПЭ-01-NL805-0.45),944.91,₽/кв.м,,,
Софит ЭЛЬБРУС-15х240 (ПЭ-01-7024-0.45),863.55,₽/кв.м,,,
Софит перфор. Lбрус-XL-14х335 (ПЭ-01-3003-0.45),979.9,₽/кв.м,,,
Софит Lбрус-15х240 (ПЭ-01-RR32-0.45),863.55,₽/кв.м,,,
Софит Lбрус-15х240 (ПЭ-01-9010-0.45),863.55,₽/кв.м,,,
Софит Lбрус-15х240 (ПЭ-01-9006-0.45),883.75,₽/кв.м,,,
Софит Lбрус-15х240 (ПЭ-01-9003-0.45),935.26,₽/кв.м,,,
Софит Lбрус-15х240 (ПЭ-01-9002-0.45),863.55,₽/кв.м,,,
Софит Lбрус-15х240 (ПЭ-01-8004-0.45),964.9,₽/кв.м,,,
Софит Lбрус-15х240 (ПЭ-01-7005-0.45),964.9,₽/кв.м,,,
Софит Lбрус-15х240 (ПЭ-01-6002-0.45),919.91,₽/кв.м,,,
Софит Lбрус-15х240 (ПЭ-01-5021-0.45),883.75,₽/кв.м,,,
Софит Lбрус-15х240 (ПЭ-01-5005-0.45),863.55,₽/кв.м,,,
Софит Lбрус-15х240 (ПЭ-01-5002-0.45),883.75,₽/кв.м,,,
Софит  Lбрус-15х240 (ПЭ-01-3020-0.45),934.91,₽/кв.м,,,
Софит Lбрус-15х240 (ПЭ-01-3011-0.45),883.75,₽/кв.м,,,
Софит Lбрус-15х240 (ПЭ-01-3009-0.45),979.9,₽/кв.м,,,
Софит Lбрус-15х240 (ПЭ-01-3005-0.45),863.55,₽/кв.м,,,
Софит Lбрус-15х240 (ПЭ-01-3003-0.45),898.9,₽/кв.м,,,
Софит Lбрус-15х240 (ПЭ-01-2004-0.45),898.9,₽/кв.м,,,
Софит Lбрус-15х240 (ПЭ-01-1035-0.45),979.9,₽/кв.м,,,
Софит Lбрус-15х240 (ПЭ-01-1018-0.45),898.9,₽/кв.м,,,
Софит Lбрус-15х240 (ПЭ-01-1015-0.45),863.55,₽/кв.м,,,
Софит ELBRUS-15х240 (ПЭ-01-7004-0.45),944.91,₽/кв.м,,,
Софит  Lбрус-15х240 (ПЭ-01-1014-0.45),863.55,₽/кв.м,,,
Софит Lбрус-15х240 (ПЭ-01-6005-0.45),944.91,₽/кв.м,,,
Софит Lбрус-15х240 (ПЭ-01-8017-0.45),934.25,₽/кв.м,,,
Базальтовый утеплитель Изовол Л-35 50 мм,1591.61,₽/ упаковка,,,
Утеплитель ODE 24м2,2657.56,₽/шт,,,
Утеплитель ODE 20м2,2215.69,₽/шт,,,
Минплита ISOROC ПП-60 50х1000х500,1186.75,₽/ упаковка,,,
ППС 12 1000х2000х1000 Блок,11892.75,₽/шт,,,
"Гранулы пенополистирола М-15у (0,4м3)",1886.68,₽/шт,,,
Техноакустик 1200х600х50 (0.288 м3/уп),1783.66,₽/ упаковка,,,
Техноакустик 1200х600х50 (0.432 м3/уп),2546.54,₽/ упаковка,,,
Технолайт Оптима 1200х600х50,2230.82,₽/ упаковка,,,
Технолайт Оптима 1200х600х100,2230.82,₽/ упаковка,,,
Техноблок Стандарт 1200х600х50 (0.288 м3/уп),1521.42,₽/ упаковка,,,
Техноблок Стандарт 1200х600х50 (0.432 м3/уп),2282.14,₽/ упаковка,,,
Техноблок Стандарт 1200х600х80,1825.71,₽/ упаковка,,,
Техноблок Стандарт 1200х600х100 (0.432 м3/уп),2310.42,₽/ упаковка,,,
ТЕХНОВЕНТ Стандарт 1200х600х50,2252.38,₽/ упаковка,,,
ТЕХНОВЕНТ Стандарт 1200х600х100,3003.16,₽/ упаковка,,,
ТЕХНОФАС Оптима 1200х600х50,1209.01,₽/ упаковка,,,
ТЕХНОФАС Оптима 1200х600х100,1231.04,₽/ упаковка,,,
URSA Terra 34 PN 1250х610х100,3940.77,₽/шт,,,
URSA Terra 34 PN PRO 1250х610х50,1320.07,₽/шт,,,
URSA GEO М-11-2 10000х1200х50,3750.67,₽/рулон,,,
URSA GEO Скатная крыша 3900х1200х150,2945.67,₽/рулон,,,
"ТЕХНОНИКОЛЬ carbon ECO 1180x580x50 -L (0,274 м/куб)",2525,₽/ упаковка,,,
Технониколь XPS CARBON ECO 1180х580х30 ,2585,₽/упаковка,,,
Пеноплекс Основа 1185х585х20,171.7,₽/шт,,,
Пеноплэкс Основа 1185х585х30,3148,₽/упаковка,,,
Пеноплекс Основа 1185х585х40,327.24,₽/шт,,,
Пеноплекс Основа 1185х585х50,424.2,₽/шт,,,
ТЕХНОПЛЕКС 1180х580х20,2774.82,₽/ упаковка,,,
ТЕХНОПЛЕКС 1180х580х30-L,2497.47,₽/ упаковка,,,
ТЕХНОПЛЕКС 1180х580х50-L,2439.07,₽/ упаковка,,,
Звукоизоляция пола ТехноНИКОЛЬ 7 м2,3647.52,₽/рулон,,,
Мембрана Звукоизол ВЭМ-2,4185,₽/рулон,,,
Мембрана Звукоизол ВЭМ-2 (смк),4364.21,₽/рулон,,,
Мембрана Звукоизол ВЭМ-4,5228.77,₽/рулон,,,
Мембрана Звукоизол ВЭМ-4 (смк),6431.68,₽/рулон,,,
Мембрана Тексаунд (Tecsound) 70,18542.59,₽/рулон,,,
Мембрана Тексаунд (Tecsound) SY 70,39660,₽/рулон,,,
Панель Соноплат (Sonoplat) Стандарт,1125,₽/шт,,,
Панель Соноплат (Sonoplat) Стандарт Плюс,1445,₽/ упаковка,,,
Панель Соноплат (Sonoplat) Комби,2790,₽/ упаковка,,,
"Гипсокартон звукоизоляционный AcousticGyps 2000x1200x12,5",1300,₽/шт,,,AcousticGyps
"Гипсокартон звукоизоляционный AcousticGyps 2500x1200x12,5",1650,₽/шт,,,AcousticGyps
Плита звукопоглощающая СтопЗвук БП Стандарт,1749.83,₽/ упаковка,,,
Плита звукопоглощающая СтопЗвук БП Премиум,4595.5,₽/ упаковка,,,
Плита звукопоглощающая СтопЗвук БП Прайм,5300,₽/ упаковка,,,
Плита звукопоглощающая СтопЗвук БП Флор,4357.14,₽/ упаковка,,,
Мат для звукоизоляции ТермоЗвукоИзол (Стандарт),9332.4,₽/ упаковка,,,
Полотно Виброфлор,4605,₽/рулон,,,
Полотно для гидро-звукоизоляции Звукоизол,6100,₽/рулон,,,
Герметик Сонетик (Sonetic) виброакустический 310 мл,661.65,₽/шт,,,
Герметик Сонетик (Sonetic) акриловый 310 мл,405,₽/шт,,,
Клей Баутгер (Bautger) 10 л,7860,₽/шт,,,
Виброподвес Сонокреп ЕП 30,530,₽/шт,,,
Виброподвес Сонокреп ЕП 20,530,₽/шт,,,
Виброподвес Сонокреп Протектор,150,₽/шт,,,
Виброподвес Сонокреп М6,505,₽/шт,,,
Комплект крепежа для виброподвеса Сонокреп М6,466.62,₽/шт,,,
Дюбель-гвоздь тарельчатый,715,₽/ упаковка,,,
Дюбель полимерный звукоизоляционный,1920.9,₽/ упаковка,,,
Лента Соноплат (Sonoplat),485,₽/шт,,,
Лента Уплотнительная СтопЗвук DB,585,₽/шт,,,
Лента Вибродемпфирующая V100,2760.17,₽/шт,,,
Виброшайба с металлической шайбой (М6),470.41,₽/ упаковка,,,
Секция металлического ограждения с 4-мя литыми полимерными вставками,8280.38,₽/шт,Цены и наличие уточняйте,,
КП Егоза D600-950 L10 - 20 (42-100 вит.),0,₽/шт,Цена договорная,,
"Электроды ESAB OK 53.70 3.2 мм 1,8кг ",926.4,₽/шт,,,
Электроды LB-52U 3.2мм 5 кг ,1411.2,₽/шт,,,
"Электроды Стандарт 2.0 мм АНО-21 2,5 кг",0.12,₽/ упаковка,Цены и наличие уточняйте,,
"Электроды Стандарт 2.5 мм АНО-21 2,5 кг",0.12,₽/ упаковка,Цены и наличие уточняйте,,
"Электроды Стандарт 3.0 мм 2,5 кг АНО-21",654.48,₽/ упаковка,Цены и наличие уточняйте,,
Электроды УОНИИ 13/45 А (4.0-5.0 мм),259.37,₽/кг,,,
Электроды УОНИИ 13/45 А (3.0 мм),263,₽/кг,,,
Электроды УОНИИ 13/45 (4.0-5.0 мм),257.18,₽/кг,,,
Электроды УОНИИ 13/45 (3.0 мм),261.06,₽/кг,,,
Электроды УОНИИ 13/45 (2.5 мм),474.5,₽/кг,,,
Электроды УОНИИ 13/45 (2.0 мм),510.86,₽/кг,,,
Электроды УОНИИ 13/55 У (4.0-5.0мм),253.31,₽/кг,,,
Электроды УОНИИ 13/55 У (3.0мм),259.13,₽/кг,,,
Электроды УОНИИ 13/55 К (4.0-5.0мм),259.12,₽/кг,,,
Электроды УОНИИ 13/55 К (3.0мм),259.13,₽/кг,,,
Электроды УОНИИ 13/55 (6.0 мм),261.79,₽/кг,,,
Электроды УОНИИ 13/55 (4.0-5.0 мм),255.73,₽/кг,,,
Электроды УОНИИ 13/55 (3.0 мм),258.16,₽/кг,,,
Электроды УОНИИ 13/55 (2.5 мм),475.1,₽/кг,,,
Электроды УОНИИ 13/55 (2.0 мм),511.46,₽/кг,,,
Электроды АНО-24 (4.0-5.0 мм),290.88,₽/кг,,,
Электроды АНО-24 (3.0 мм),294.52,₽/кг,,,
Электроды АНО-21 (4.0 мм) Spectrum,359.96,₽/кг,,,
Электроды АНО-21 (3.0 мм) Spectrum,363.6,₽/кг,,,
Электроды АНО-21 (6.0 мм),328.45,₽/кг,,,
Электроды АНО-21 (4.0-5.0 мм),330.88,₽/кг,,,
Электроды АНО-21 (3.0 мм),341.78,₽/кг,,,
Электроды АНО-21 (2.5 мм),541.76,₽/кг,,,
Электроды АНО-21 (2.0 мм),561.16,₽/кг,,,
Электроды ОЗС-12 (6.0 мм),332.09,₽/кг,,,
Электроды ОЗС-12 (4.0-5.0 мм),334.51,₽/кг,,,
Электроды ОЗС-12 (3.0 мм),352.69,₽/кг,,,
Электроды ОЗС-12 (2.5 мм),546.61,₽/кг,,,
Электроды ОЗС-12 (2.0 мм),564.79,₽/кг,,,
Электроды ОК-46 (4.0-5.0 мм),345.42,₽/кг,,,
Электроды ОК-46 (3.0 мм),362.39,₽/кг,,,
Электроды ОК-46 (2.5 мм),564.79,₽/кг,,,
Электроды ОК-46 (2.0 мм),582.97,₽/кг,,,
Электроды АНО-6 (6.0 мм),254.52,₽/кг,,,
Электроды АНО-6 (4.0-5.0 мм),253.31,₽/кг,,,
Электроды АНО-6 (3.0 мм),255.73,₽/кг,,,
Электроды МР-3 К красные (4.0-5.0 мм),351.48,₽/кг,,,
Электроды МР-3 К красные (3.0 мм),358.75,₽/кг,,,
Электроды МР-3 К красные (2.5 мм),492.07,₽/кг,,,
Электроды МР-3 К красные (2.0 мм),528.43,₽/кг,,,
"Электроды МР-3, АНО-4, ОЗС-4 (6.0 мм)",254.52,₽/кг,,,
"Электроды МР-3, АНО-4, ОЗС-4 (4.0-5.0 мм)",250.88,₽/кг,,,
"Электроды МР-3, АНО-4, ОЗС-4 (3.0 мм)",255.73,₽/кг,,,
"Электроды МР-3, АНО-4, ОЗС-4 (2.5 мм)",473.89,₽/кг,,,
"Электроды МР-3, АНО-4, ОЗС-4 (2.0 мм)",510.25,₽/кг,,,
Электроды ОЗР-1 4-5 мм,238.76,₽/кг,,,
"Электроды ОЗР-1 3,0 мм",249.67,₽/кг,,,
"Электроды для сварки высоколегированных сталей ЗА-898/21, 4-5 мм",2670.04,₽/кг,,,
"Электроды для сварки высоколегированных сталей ЗА-898/21, 3 мм",2720.94,₽/кг,,,
"Электроды для сварки высоколегированных сталей ЦЛ-25/2, 4-5 мм",2701.55,₽/кг,,,
"Электроды для сварки высоколегированных сталей ЦЛ-25/2, 3 мм",2757.3,₽/кг,,,
"Электроды для сварки высоколегированных сталей ЦЛ-25/1, 4-5 мм",2701.55,₽/кг,,,
"Электроды для сварки высоколегированных сталей ЦЛ-25/1, 3 мм",2757.3,₽/кг,,,
"Электроды для сварки высоколегированных сталей ЗИО-8, 4-5 мм",2591.26,₽/кг,,,
"Электроды для сварки высоколегированных сталей ЗИО-8, 3 мм",2607.01,₽/кг,,,
"Электроды для сварки высоколегированных сталей ЗА-400/10У НАКС, 4-5 мм",2323.4,₽/кг,,,
"Электроды для сварки высоколегированных сталей ЗА-400/10У НАКС, 3 мм",2399.76,₽/кг,,,
"Электроды для сварки высоколегированных сталей ЗА-400/10У НАКС, 2 мм",3728.11,₽/кг,,,
"Электроды для сварки высоколегированных сталей ЗА-400/10Т НАКС, 4-5 мм",1232.6,₽/кг,,,
"Электроды для сварки высоколегированных сталей ЗА-400/10Т НАКС, 3 мм",2398.55,₽/кг,,,
"Электроды для сварки высоколегированных сталей ЗА-400/10Т НАКС, 2 мм",3726.9,₽/кг,,,
"Электроды для сварки высоколегированных сталей ЗА-395/9 НАКС, 4-5 мм",4005.66,₽/кг,,,
"Электроды для сварки высоколегированных сталей ЗА-395/9 НАКС, 3 мм",4061.41,₽/кг,,,
"Электроды для сварки высоколегированных сталей ЗА-395/9 НАКС, 2 мм",4225.03,₽/кг,,,
"Электроды для сварки высоколегированных сталей ЗА-981/15, 4-5 мм",3726.9,₽/кг,,,
"Электроды для сварки высоколегированных сталей ЗА-981/15, 3 мм",3743.87,₽/кг,,,
"Электроды для сварки высоколегированных сталей ОЗЛ-25Б, 4-5 мм",10305.64,₽/кг,,,
"Электроды для сварки высоколегированных сталей ОЗЛ-25Б, 3 мм",10305.64,₽/кг,,,
"Электроды для сварки высоколегированных сталей НИАТ-5, 4-5 мм",4014.5,₽/кг,,,
"Электроды для сварки высоколегированных сталей НИАТ-5, 3 мм",4048.08,₽/кг,,,
"Электроды для сварки высоколегированных сталей НИАТ-5, 2 мм",4657.72,₽/кг,,,
"Электроды для сварки высоколегированных сталей НИАТ-1, 4-5 мм",2420.36,₽/кг,,,
"Электроды для сварки высоколегированных сталей НИАТ-1, 3 мм",2443.39,₽/кг,,,
"Электроды для сварки высоколегированных сталей АНЖР-2, 4 мм",13228.98,₽/кг,,,
"Электроды для сварки высоколегированных сталей АНЖР-2, 3 мм",13570.76,₽/кг,,,
"Электроды для сварки высоколегированных сталей АНЖР-1, 4 мм",12767.21,₽/кг,,,
"Электроды для сварки высоколегированных сталей АНЖР-1, 3 мм",12784.18,₽/кг,,,
"Электроды для сварки высоколегированных сталей ОЗЛ-17У НАКС, 4 мм",3877.19,₽/кг,,,
Электроды для сварки высоколегированных сталей ОЗЛ-17У НАКС 3 мм,3976.57,₽/кг,,,
Электроды для сварки высоколегированных сталей ОЗЛ-9А 4 мм,2570.65,₽/кг,,,
Электроды для сварки высоколегированных сталей ОЗЛ-9А 3 мм,2639.74,₽/кг,,,
Электроды для сварки высоколегированных сталей ЦТ-28 НАКС 4-5 мм,13610.76,₽/кг,,,
Электроды для сварки высоколегированных сталей ЦТ-28 НАКС 3 мм,13610.76,₽/кг,,,
Электроды для сварки высоколегированных сталей НИИ-48Г НАКС 4-5 мм,2242.2,₽/кг,,,
Электроды для сварки высоколегированных сталей НИИ-48Г НАКС 3 мм,2353.7,₽/кг,,,
Электроды для сварки высоколегированных сталей НЖ-13 НАКС 4-5 мм,1980.41,₽/кг,,,
Электроды для сварки высоколегированных сталей НЖ-13 НАКС 3 мм,2001.01,₽/кг,,,
"Электроды для сварки высоколегированных сталей НЖ-13 НАКС 2,5 мм",2181.6,₽/кг,,,
Электроды для сварки высоколегированных сталей НЖ-13 НАКС 2 мм,2397.34,₽/кг,,,
Электроды для сварки высоколегированных сталей ЦЛ-11 (св.07X19H10Б) НАКС 4-5 мм,1628.93,₽/кг,,,
Электроды для сварки высоколегированных сталей ЦЛ-11 (св.07X19H10Б) НАКС 3 мм,1651.96,₽/кг,,,
"Электроды для сварки высоколегированных сталей ЦЛ-11 (св.07X19H10Б) НАКС 2,5 мм",1935.56,₽/кг,,,
Электроды для сварки высоколегированных сталей ЦЛ-11 (св.07X19H10Б) НАКС 2 мм,2421.58,₽/кг,,,
Электроды для сварки высоколегированных сталей ЦТ-15 НАКС 4-5 мм,1618.02,₽/кг,,,
Электроды для сварки высоколегированных сталей ЦТ-15 НАКС 3 мм,1648.32,₽/кг,,,
"Электроды для сварки высоколегированных сталей ЦТ-15 НАКС 2,5 мм",1986.47,₽/кг,,,
Электроды для сварки высоколегированных сталей ЦТ-15 НАКС 2 мм,2426.42,₽/кг,,,
Электроды для сварки высоколегированных сталей ОЗЛ-14 4-5 мм,2179.18,₽/кг,,,
Электроды для сварки высоколегированных сталей ОЗЛ-14 3 мм,2267.65,₽/кг,,,
Электроды для сварки высоколегированных сталей ОЗЛ-8 4-5 мм,1466.52,₽/кг,,,
Электроды для сварки высоколегированных сталей ОЗЛ-8 3 мм,1519.85,₽/кг,,,
"Электроды для сварки высоколегированных сталей ОЗЛ-8 2,5 мм",2239.78,₽/кг,,,
Электроды для сварки высоколегированных сталей ОЗЛ-8 2 мм,2567.02,₽/кг,,,
Электроды для сварки высоколегированных сталей ОЗЛ-6 4-5 мм,1804.67,₽/кг,,,
Электроды для сварки высоколегированных сталей ОЗЛ-6 3 мм,1820.42,₽/кг,,,
"Электроды для сварки высоколегированных сталей ОЗЛ-6 2,5 мм",2237.35,₽/кг,,,
"Электроды для сварки высоколегированных сталей ОЗЛ-6 2,0 мм",2906.38,₽/кг,,,
"Электроды для наплавки НР-70, 4 мм",303,₽/кг,,,
"Электроды для наплавки НР-70, 3 мм",315.12,₽/кг,,,
"Электроды для наплавки ЦНИИН-4, 4 мм",1584.08,₽/кг,,,
"Электроды для наплавки УОНИИ 13/НЖ (20Х13, 12Х13), 4-5 мм",1107.77,₽/кг,,,
"Электроды для наплавки УОНИИ 13/НЖ (20Х13, 12Х13), 3 мм",1172,₽/кг,,,
"Электроды для наплавки ОЗН-400М, 4-5 мм",301.79,₽/кг,,,
"Электроды для наплавки ОЗН-400М, 3 мм",304.21,₽/кг,,,
"Электроды для наплавки ОЗН-300М, 4-5 мм",301.79,₽/кг,,,
"Электроды для наплавки ОЗН-300М, 3 мм",352.69,₽/кг,,,
"Электроды для наплавки Т-620, 5 мм",481.16,₽/кг,,,
"Электроды для наплавки Т-620, 4 мм",481.16,₽/кг,,,
"Электроды для наплавки Т-620, 3 мм",499.34,₽/кг,,,
"Электроды для наплавки Т-590, 5 мм",481.16,₽/кг,,,
"Электроды для наплавки Т-590, 4 мм",481.16,₽/кг,,,
"Электроды для наплавки Т-590, 3 мм",499.34,₽/кг,,,
"Электроды для наплавки ЦН-12М, 4-5 мм",2483.39,₽/кг,,,
"Электроды для наплавки ЦН-12М, 3 мм",2497.93,₽/кг,,,
"Электроды для наплавки ЦН-6Л НАКС, 4-5 мм",1904.05,₽/кг,,,
"Электроды для наплавки ЦН-6Л НАКС, 3 мм",1921.02,₽/кг,,,
"Электроды для сварки и наплавки чугуна ЦЧ-4, 4-5 мм",950.21,₽/кг,,,
"Электроды для сварки и наплавки чугуна ЦЧ-4, 3 мм",979.3,₽/кг,,,
"Электроды для сварки и наплавки чугуна МНЧ-2, 4-5 мм",8561.57,₽/кг,,,
"Электроды для сварки и наплавки чугуна МНЧ-2, 3 мм",8561.57,₽/кг,,,
"Электроды для сварки и наплавки чугуна ОЗЧ-2, 4-5 мм",2815.48,₽/кг,,,
"Электроды для сварки и наплавки чугуна ОЗЧ-2, 3 мм",2888.2,₽/кг,,,
"Электроды для цветных металлов комсомолец 100, 4-5 мм",2496.72,₽/кг,,,
"Электроды для цветных металлов комсомолец 100, 3 мм",2529.44,₽/кг,,,
"Электроды для сварки легированных теплоустойчивых сталей ТМЛ-3У НАКС, 4-5 мм",412.08,₽/кг,,,
"Электроды для сварки легированных теплоустойчивых сталей ТМЛ-3У НАКС, 3 мм",432.68,₽/кг,,,
"Электроды для сварки легированных теплоустойчивых сталей ТМЛ-1У НАКС, 4-5 мм",370.87,₽/кг,,,
"Электроды для сварки легированных теплоустойчивых сталей ТМЛ-1У НАКС, 3 мм",380.57,₽/кг,,,
Ванна акрил. ИМПЕРИАЛ 150-150 с Г/М с карк б/п б/сиф,89483.98,₽/шт,,,
Ванна акрил. РИО 150-70 с ножк Стандарт б/пан б/сиф,11887.7,₽/шт,,,
"Панель для ванны ""ВАS"" КЭМЕРОН торцевая правая",3159.28,₽/шт,,,
"Панель для ванны ""ВАS"" МЕГА",12617.93,₽/шт,,,
Рама д/ванны VIRGO 180 K-RW-VIRGO*180n,5007.58,₽/шт,,,
"Ножки для ванны тип 01 ZP-SEPW1000001 ""Cersanit""",1263.51,₽/шт,,,
"Ванна сталь ""ВИЗ"" 140х70/40 Antika с нож.",10534.3,₽/шт,,,
"Ванна сталь ""ВИЗ"" 150х70/40 Antika с нож.",10354.52,₽/шт,,,
"Ванна чуг 200-85/46 MAXIMA с ручками с ножками ""GOLDMAN""",121705,₽/шт,,,
"Ванна чуг 120х70/40 CLASSIC с ножками TU/ZYA-8-2 ""GOLDMAN""",14695.5,₽/шт,,,
Сифон для ванны 63087 VIRGO Квик Клак,3322.9,₽/шт,,,
Сифон для ванны 63088 MITO с пробкой,999.9,₽/шт,,,
Рама для экрана 170 см розовая,1313,₽/шт,,,
Рама для экрана 150 см СТАЙЛ белая,636.3,₽/шт,,,
Шторка для ванны ЛАГУНА 170-110 4х створ. пласт. космос,24706.62,₽/шт,,,
"Шторка для ванны ""AOCLEAR"" ACB-54 85см 1-эл. хром-прозр",7828.51,₽/шт,,,
"Поддон стальной ""ВИЗ"" 90- 90/15",5050,₽/шт,,,
"Поддон стальной ""Corso"" 80-80/ 8 (0,8мм)",1767.5,₽/шт,,,
"Поддон чугунный 80-80/16,7 ПДЧм-800 КЛАССИК без сиф",15615.44,₽/шт,,,
"Поддон акриловый 120*90 (h3)""GROHE"" прямоуг",60739.38,₽/шт,,,
"Поддон акриловый 80-80 (h13.5) ""CORSO"" 1/4 круга. Н/П OSK-01/15",6363,₽/шт,,,
"Сифон для поддона ""ORIO"" пласт вып 1 1/2*40",156.55,₽/шт,,,
"Душ. кабина ""AOCLEAR"" 150/230 AKL-2300G графит/хр тонир",86479.23,₽/шт,,,
"Душ. кабина ""AOCLEAR"" 100/210 A-008 В/П Г/М мат/хр п/кр.",42563.42,₽/шт,,,
Душ. каб CORSO 80*80/195 D101 Н/П мат/ал п/кр б/кр,13085.56,₽/шт,,,
Душ. шторка ПАНДОРА 90 PNT трапец. стекло,34592.5,₽/шт,,,
"AREA Душ. дверь 120/200 лев прозр/нж 7MP05L2012M ""ROCA""",52509.9,₽/шт,,,
"Душ. дверь ""AOCLEAR"" А409-1 80 1-эл. с бел. полоск. распашн",11003.95,₽/шт,,,
EURO Унитаз в компл гор. ниж подв 3/6л сид м/лифт,79528.41,₽/шт,,,
Унитаз в компл. TRENTO гор вып ниж под 3/6л сидТЕРМ м/лиф,8385.02,₽/шт,,,
Cube CERAMIC Унитаз пристенный безободковый,87121.59,₽/шт,,,
BAU CERAMIC Унитаз горизонтальный бел без ободковый 39428000,14101.62,₽/шт,,,
Бачок ДЕТСКИЙ б/арм,2020,₽/шт,,,
Cube CERAMIC бачок 2-х кн. ниж подв,47532.62,₽/шт,,,
"Унитаз CITY Oval Clean On ""Cersanit"" подв с сид. DUROPL м/лифт",19448.56,₽/шт,,,
"Унитаз CARINA ""Cersanit"" подв",4607.62,₽/шт,,,
"Унитаз-моноблок TROY ""ORIENT"" гор 3/6 ниж подв с сид ПП м/лифт",13889.52,₽/шт,,,
"Унитаз-моноблок NICE ""ORIENT"" гор. ниж. подв. с сид. м/лифт",11968.5,₽/шт,,,
Унитаз напольный - Чаша ГЕНУЯ чугунная с рассекат.+ вып(ППМ),7625.5,₽/шт,,,
"Унитаз НАПОЛЬНЫЙ - Чаша ГЕНУЯ ""Medium Deep Pan"" ""ORIENT""",1020.1,₽/шт,,,
"Унитаз EUROPEAN гор вып без полки ""ORIENT""",2838.1,₽/шт,,,
EURO CERAMIC Унитаз пристенный бел без ободковый,43914.8,₽/шт,,,
"Арматура кноп. ""IDDIS"" тип В02 нижн подв с 2 пуском",2211.9,₽/шт,,,
Арматура СБкпм-Бпд-Б-Е кноп бок подв б/п клап.№3 ЕКБ,202,₽/шт,,,
"Клапан 3/8 бок. б/компенс. смещ. 37095000 ""GROHE""",5577.22,₽/шт,,,
Клапан боковой ИНКОЭР БпрН,198.97,₽/шт,,,
"Смывной клапан 38736000 ""GROHE""",5684.28,₽/шт,,,
Сливной механизм ИНКОЭР СБа-А одноуровневый метализр. покрыт,242.4,₽/шт,,,
Бачок пластмассовый среднерасположенный бел Инкоэр тип БС,1668.52,₽/шт,,,
Бачок пластмассовый Инкоэр бел тип БУ,1538.23,₽/шт,,,
Сиденье для унитаза ОРИО К-01 белое,503.99,₽/шт,,,
BAU CERAMIC Сиденье для унитаза DUR м/лифт,33419.89,₽/шт,,,
Манжет для унитаза ОРИО С-198 прямая рез белая,141.4,₽/шт,,,
Гофра фановая 90 с отводом арм. ОРИО,1205.94,₽/шт,,,
"Подводка нерж 30 см вн/вн резьба ""MONOFLEX"" ОПТИМА",90.9,₽/шт,,,
"Подводка нерж 60 см вн/нар 3/4 -D20 ГИГАНТ ""MONOFLEX""",154.53,₽/шт,,,
Крепление (фитинги) угловые 006 для унитаза комплект (2 шт),162.61,₽/шт,,,
Крепление (фитинги) для унитаза 03 комплект ИНКОЭР (2 шт),92.92,₽/шт,,,
"КАТУНЬ-НОСТАЛЬЖИ 50*41,5 умыв. в компл. с пост.(Новокузнецк)",3279.47,₽/шт,,,
"VU 9M 90,6 см умывальник в комплекте с постаментом ""MONACO""",5565.1,₽/шт,,,
"ЛАГО 36 умывальник с отв ""KЕРАМИН""",1397.84,₽/шт,,,
"Essence 60*40 чаша ""GROHE""",56769.07,₽/шт,,,
ОРХИДЕЯ постамент голубой дек.,505,₽/шт,,,
MERIDIAN-N полупостамент,19179.9,₽/шт,,,
Биде MONACO VB3 кремовое,2337.14,₽/шт,,,
CUBE Ceramic Биде,66418.61,₽/шт,,,
"Биде КОНСУЛ подвесное ""Santek""",2191.7,₽/шт,,,
CUBE Биде подвесное,63034.1,₽/шт,,,
"Крышка для биде КОНСУЛ м/лифт ""Santek""",3269.37,₽/шт,,,
CARMEN Крышка для биде SUPRALIT 7,10413.1,₽/шт,,,
"Писсуар ""ORIENT"" керамический настенный (мал отв)",1444.3,₽/шт,,,
BAU CERAMIC Писсуар настен внутр ввод,34185.47,₽/шт,,,
"Сифон д/писсуара ""GROHE"" с темп. датчиком",101001.01,₽/шт,,,
Сифон д/писсуара 1 1/4*40 с манж. d40/46 мм,205.03,₽/шт,,,
"Кран для писсуара ""GROHE"" сенсорный Tectron Rondo",67815.44,₽/шт,,,
Кран для писсуара,407.03,₽/шт,,,
"Монтажная система ""CERSANIT"" LEON_New для унитаза без кнопки",12602.78,₽/шт,,,
Монтажная сист в компл. с унит. SENSIA AR хром с сид.,368751,₽/шт,,,
RAPID SL Монтажная система д/раковины компл,23566.33,₽/шт,,,
RAPID SL Монтажная система д/раковины компл.,39650.58,₽/шт,,,
RAPID SL Монтажная система д/писсуара без кнопки,64920.78,₽/шт,,,
RAPID SL Монтажная система д/писсуара без кнопки,48635.54,₽/шт,,,
RAPID SL Монтажная система д/биде,34386.46,₽/шт,,,
RAPID SL Монтажная система д/биде,75158.14,₽/шт,,,
"GD 2 Бачок скрытого монтажа ""GROHE""",14091.52,₽/шт,,,
Монтаж. сист. с вазой напол. с клав.,22422,₽/шт,,,
"Клавиша ""KFA"" VICTORIA RING 2-х реж хром. круг.",1393.8,₽/шт,,,
"Tectron Skate Клавиша сенсор ""GROHE"" 230V",80419.23,₽/шт,,,
"Комплект звукоизоляционный ""GROHE""",1271.59,₽/шт,,,
Комплект для смывного бачка,35245.97,₽/шт,,,
"Смеситель для умывальника ""HAIBA"" бел/хром 1/2 силумин",2020,₽/шт,,,
"ATRIO Смеситель для умыв ""GROHE"" 3 отв дон кл",141638.36,₽/шт,,,
"Смеситель для мойки ""HAIBA"" 1/2",2768.41,₽/шт,,,
"RED II DUO Смеситель для мойки ""GROHE""+бойлер 7л.",282192.99,₽/шт,,,
"Смеситель для душа ""HAIBA""",8614.29,₽/шт,,,
"ALLURE BRILLIANT Смеситель для ванны ""GROHE"" напол",413200.09,₽/шт,,,
"Смеситель для душа ""HAIBA""",2038.18,₽/шт,,,
"GRANDERA Смеситель для ванны ""GROHE"" б/AKC",80309.14,₽/шт,,,
"Смеситель для биде HB5501 ""HAIBA"" настенный с гиг. душ.",2880.52,₽/шт,,,
"ATRIO Смеситель для биде ""GROHE"" дон кл 3/8",32328.08,₽/шт,,,
"BAU LOOP Комплект смесит с гиг.душ. ""GROHE""",13465.32,₽/шт,,,
"Essence Комплект для ванны:встраив ""GROHE""",72853.32,₽/шт,,,
"TEMPESTA 100 Лейка для душа ""GROHE"" верхн. душ с крон.",11402.9,₽/шт,,,
"RAINSHOWER Душ ПОТОЛ 1016*762 6 реж ""GROHE""",15150,₽/шт,,,
"Душ. система ""HAIBA"" д/настен монтажа",2842.14,₽/шт,,,
"EUPHORIA SmartCont 310 Душ. система ""GROHE"" термост",120159.7,₽/шт,,,
"RELEXA Шланг для душа ""GROHE"" 200см мет",3509.75,₽/шт,,,
"Шланг для душа ""HAIBA"" 150см мет",273.71,₽/шт,,,
"SENA Лейка для душа хром ""GROHE""",38178,₽/шт,,,
"Лейка для душа ""HAIBA"" хром d=70мм",181.8,₽/шт,,,
"GRANDERA STICK Штанга для душа ""GROHE"" хром/золото",48682,₽/шт,,,
"Штанга для душа ""СЛАВЕН"" Simp 550мм ",656.5,₽/шт,,,
SENA Душевой комплект,25248.99,₽/шт,,,
"Душевой комплект СЛ-ЗП-029 гигиенический ""СЛАВЕН""",656.5,₽/шт,,,
"ATRIO Смеситель для умыв ""GROHE"" КРАН",61616.06,₽/шт,,,
"КРАН водоразборный ""CRON"" моно силумин",707,₽/шт,,,
"LINEARE Излив L=170 1т ""GROHE""",30603,₽/шт,,,
"Излив ""KFA"" F-образ. 11,5 см. 22х1,5",313.1,₽/шт,,,
"Отражатель ""KFA"" 974-161-00-BL шарообраз/ (пара) в блистере",217.15,₽/шт,,,
"Отражатель ""VALTEC"" VT.514.C.04",28.28,₽/шт,,,
"Картридж для смесителя ""IDDIS"" термостат",2727,₽/шт,,,
"Кран-букса КЕР КВГ 16 ""РигельСИБ""",111.1,₽/шт,,,
"Подводка для смесителя нерж 40 см (пара) ""MONOFLEX"" ОПТИМА",268.66,₽/шт,,,
"Подводка для смесителя нерж 200 см (пара) ""MONOFLEX""",721.14,₽/шт,,,
"Аэратор для смесителя ""KFA""",87.87,₽/шт,,,
"Набор монтажа ""GROHE"" для отдел стоящего смесителя",129671.88,₽/шт,,,
"МИРА Н 45 Тумба без чаши ""AQUATON""",6696.3,₽/шт,,,
ШЕРИЛЛ 105 Тумба бел. подв с умыв ШЕРИЛ,49237.5,₽/шт,,,
"Тумба для мойки Т 50 Дуб беленый (разобр) ""MEBLION""",3454.2,₽/шт,,,
"Тумба для мойки Т 80 Дуб сонома ""MEBLION""",4324.82,₽/шт,,,
ФИДЖИ 60 Зеркало,4191.5,₽/шт,,,
БРУК 120 Шкаф-зеркало бел свет,24977.3,₽/шт,,,
"ФОРТУНА Пенал 30 ""MEBLION""",7575,₽/шт,,,
АРИЯ Н Пенал бел 1243-3,25118.7,₽/шт,,,
MATRIX Шкаф MXC-30с подвесной крема,1212,₽/шт,,,
"МИШЕЛЬ 43 Шкаф подв фьорд/дуб рустик ""AQUATON""",11180.7,₽/шт,,,
"КВАДРО 60*47 умывальник с отв ""AQUATON""",3444.1,₽/шт,,,
CUBE CERAMIC 100 умывальник мебельный,93077.56,₽/шт,,,
Зеркало №153 500х700 без полки,959.5,₽/шт,,,
"Зеркало ""ПАНОРАМА"" 800х1100 без полки с 2свет., ИК-выключ.",12736.1,₽/шт,,,
"ЛОФТ 65 Столешница дуб эндгр ""AQUATON""",1313,₽/шт,,,
"Felay 140 Столешница натур. дерево ""VELVEX""",45046,₽/шт,,,
"ПП Труба 20*2,3 хол EKOPLASTIK (серый)",118.17,₽/шт,,,
"ПП Труба 110*15,1 Stabi Plus армированная EKOPLASTIK (серый)",5959,₽/шт,,,
"ПП Переход D32*20 ""Blue Ocean""",14.75,₽/шт,,,
ПП Муфта D75*2 1/2 нар рез EKOPLASTIK (серый),6104.44,₽/шт,,,
"МП Коллектор ВН 3/4""-4-1/2"" нар. рез. лат ""TIEMME""",372.69,₽/шт,,,
Пресс-клещи д/ гильз 16-32мм.,32320,₽/шт,,,
"Труба полиэтиленовая 16*2 ""КОНТУР"" PE-RT",41.41,₽/шт,,,
"Труба полиэтиленовая 32*4,4 ""КОНТУР"" PEXa-EVOH (50м)",303,₽/шт,,,
"Гильза надвиж. D16 ""КОНТУР"" (2.2)",59.59,₽/шт,,,
"Узел ниж. подкл. радиатора H-образ. прямой ""КОНТУР""",1277.65,₽/шт,,,
"Ниппель 1/2 нар/нар латунь ""Галлоп""",30.3,₽/шт,,,
"Американка 2 ""AQUALINK"" Ник",1275.63,₽/шт,,,
Фильтр 1/2 гг DN15 лат Галлоп,305.02,₽/шт,,,
"Фильтр 2 гг VT400(192) ""VALTEC""",3465.31,₽/шт,,,
"Рулон 2 ""АДГИЛИН"" М Лавсан (Ширина 1,2м)",50.5,₽/шт,,,
"Изоляция 89*13 ""PENOLIN"" (2 метра)",257.55,₽/шт,,,
"ПП Кан. Отвод D100 A67 ""Синикон""",77.77,₽/шт,,,
"ПП Кан. Отвод D100 A15 ""Синикон""",136.35,₽/шт,,,
"ПП Кан. Труба D100 L1000 ""Синикон""",404,₽/шт,,,
"ПП Кан. Крест D100/100 A45 6016 ""Синикон""",477.73,₽/шт,,,
"ПП Кан. Тройник D100/100 A67 ""Синикон""",542.37,₽/шт,,,
"ПП Кан. Труба D100 L2000 ""Синикон""",688.82,₽/шт,,,
"ПП Кан. Клапан вакуумный D100 ""Синикон"" серый (Аэратор)",867.59,₽/шт,,,
"ПП Кан. Крест D100/100/100 A87 ""Синикон"" 2-х сторон",934.25,₽/шт,,,
"ПП Кан. Труба D100 L3000 ""Синикон""",1072.62,₽/шт,,,
"ПП Кан. Отвод D100 A45 ""Синикон"" КОМФОРТ",181.8,₽/шт,,,
"ПП Кан. Тройник D50/50 A45 ""Синикон"" КОМФОРТ",121.2,₽/шт,,,
"ПП Кан. Отвод D100 A87 ""Синикон"" КОМФОРТ",181.8,₽/шт,,,
"ПП Кан. Тройник D100/100 A87 ""Синикон"" КОМФОРТ",434.3,₽/шт,,,
ПП Кан. Труба D100 L2000 Синикон КОМФОРТ,1130.19,₽/шт,,,
ПП Кан. Труба D100 L1000 Синикон КОМФОРТ,705.99,₽/шт,,,
"ПП Кан. Крест D100/100/50 A87 ""Синикон""",531.26,₽/шт,,,
"ПП Кан. Крест D100/100 A87 ""Синикон""КОМФОРТ",707,₽/шт,,,
ПП Кан. Труба D100 L3000 Синикон КОМФОРТ,1865.47,₽/шт,,,
ПВХ Кан Труба D100 L1000 СИНИКОН,577.72,₽/шт,,,
ПП Кан Тройник D100/100 A87 СИНИКОН,268.66,₽/шт,,,
ПП Кан. Муфта D100 соединит. 2-х растубная СИНИКОН,151.5,₽/шт,,,
ПП Кан Отвод D100 A45 СИНИКОН,151.5,₽/шт,,,
ПП Кан Заглушка D100 СИНИКОН,61.61,₽/шт,,,
"ПП Ревизия (водосток) D100 ""Синикон"" Rain Flow",383.8,₽/шт,,,
"ПП Тройник (водосток) D100 A87 ""Синикон"" Rain Flow",338.35,₽/шт,,,
"ПП Тройник (водосток) D100 A45 ""Синикон"" Rain Flow",338.35,₽/шт,,,
ПП Муфта ремонтная 100 Rain Flow,202,₽/шт,,,
"ПП Отвод (водосток) D100 A87 ""Синикон"" Rain Flow",171.7,₽/шт,,,
"ПП Отвод (водосток) D100 A45 ""Синикон"" Rain Flow",171.7,₽/шт,,,
"ПП Заглушка D100 ""Синикон"" Rain Flow",69.69,₽/шт,,,
"Радиатор Алюмин. 500/80 6 сек. CO-500A4 ""SUNNY HEATER""",4040,₽/шт,,,
"Радиатор Алюмин. ""GRAND"" 500/100 (94) 12 сек. ""АТМ""",9140.5,₽/шт,,,
"Радиатор Биметал. 500/80 6 сек. B- 500A4 ""SUNNY HEATER""",4040,₽/шт,,,
"Радиатор Биметал. ""METALLO"" 500/80 14 сек. ""АТМ""",13635,₽/шт,,,
Радиатор МС-140 300,1212,₽/шт,,,
Радиатор 500 МОДЕРН 12 сек белый,14407.65,₽/шт,,,
"Радиатор панельный 10 тип 500*500*48,5 431 Вт бок. ""CORSO""",3359.26,₽/шт,,,
"Радиатор панельный гигиен. 30 тип 500*2400*157 4898 Вт бок. ""CORSO""",26622.59,₽/шт,,,
"Полот.сушитель нерж 3/4"" 500*400-25 М шов (Б/к)",1818,₽/шт,,,
"Полот.сушитель нерж 1"" 600*700-32 М с полками",5236.85,₽/шт,,,
"Полот.сушитель нерж 1"" 320*500-32 П (Б/к)",1664.48,₽/шт,,,
"MyFrea Полот.сушитель нж 1""200*500 П 20/50",3035.05,₽/шт,,,
"Полот.сушитель нерж 1""500*400-32/20 ФОКСТРОТ",4236.95,₽/шт,,,
"Полот.сушитель нерж 1"" 500*1000-32/18П16 АРТ квадр.труба",50324.26,₽/шт,,,
Кронштейн для полот.сушителя 25,121.2,₽/шт,,,
Комплект вентелей угловой 1-1/2 гш 5101SCH1004,2493.69,₽/шт,,,
"Экран для радиатора 3-х секц. ДМЭР ""ЛАГУНА""",323.2,₽/шт,,,
"Экран для радиатора 7-х секц. ДМЭР ""ЛАГУНА""",646.4,₽/шт,,,
"Комплект 1/2 универсальный с прокл без кронш. ""SANTERA""",163.62,₽/шт,,,
"Комплект 3/4 универсальный с прокл с 2 кронш ""SANTERA""",202,₽/шт,,,
"Пробка 1/2 проходная левая ""IDEAL COMFORT""",19.19,₽/шт,,,
"Пробка 1/2 прох левая ""CORSO""",35.35,₽/шт,,,
Кронштейн универс с дюбелем белый 240мм D10 (круглый),31.31,₽/шт,,,
Кронштейн напольный регулир. с хомутом 130-210мм белый,350.47,₽/шт,,,
"Вентиль 1/2 шш обр. прямой DD131 ""LUXOR""",241.39,₽/шт,,,
"Вентиль 3/4 гш прямой AQUALINK ""AQUALINK""",727.2,₽/шт,,,
"Воздухоотводчик автомат 1/2 ""AQUALINK""",411.07,₽/шт,,,
"Воздухоотводчик (Кран Маевского) 1/2 ST2560 (431) ""SANTERA""",32.32,₽/шт,,,
Кран Маевского 1/2 CORSO,39.39,₽/шт,,,
"Ниппель радиаторный 1 ""CORSO""",28.28,₽/шт,,,
Прокладка для радиатора резиновая плоская,5.56,₽/шт,,,
Прокладка для пробки силиконовая CORSO,4.04,₽/шт,,,
"Термоголовка диап. регулировки 6,5-27,5C ""VALTEC""",767.6,₽/шт,,,
"Термоголовка М3*1,5 AQUALINK 50/1 ""AQUALINK"" бел",398.95,₽/шт,,,
"Водонагрев Ti Tronic 500 STI EU2 ""ARISTON""",247963.08,₽/шт,,,
"Водонагреватель SUPERLUX 10 O ""ARISTON""",8486.02,₽/шт,,,
"Водонагреватель AURES M 12 TR проточный ""ARISTON""",10156.56,₽/шт,,,
"Водонагреватель TAP 3 KW проточ. верт. ""Atmor""",2323,₽/шт,,,
Водонагреватель NEXT EVO SFT 11 NG EXP,34943.98,₽/шт,,,
Водонагреватель SUPERLUX 10L CF NG,8711.25,₽/шт,,,
"Удлинение60/100 G-0,5 метра i7S ""ARISTON""",909,₽/шт,,,
"Удлинение60/100 G-1 метр i7S ""ARISTON""",1782.65,₽/шт,,,
"Комплект коакс 60/100 Gi7S ""ARISTON""",3413.8,₽/шт,,,
"Мойка нж ""KROMRUS"" 500*500 0,4",1070.6,₽/шт,,,
"Мойка нж K500 80 -S 116/50 2.0 1160*500 ""Grohe""",62382.65,₽/шт,,,
Мойка эмал 500х500 Екатеринбург,2020,₽/шт,,,
"Мойка ""GROHE"" 1000*500 K400 60-C 100/50 1.5",3398.65,₽/шт,,,
"Мойка 505 кругл. песочный ""GRANRUS""",3514.8,₽/шт,,,
"Кер. гранит ФЬЮЖН 3 6,2*6,2*13 Декор",12.63,₽/шт,,,
"Кер. гранит МОНОКОЛОР-Р 1 60*60 серый 1м=2,77",645.39,₽/шт,,,
"Кер. гранит 30*30 0641 соль перец темн 1м=11,11",49.49,₽/шт,,,
"Кер. гранит МОНОКОЛОР 60*60х1,0 0025 желт 1м=2,77шт",282.3,₽/шт,,,
"Кер. гранит МОНОКОЛОР-Р 7 60*60 белый полированный 1м=2,77",389.99,₽/шт,,,
"Кер. гранит 30*30 0637 сер-беж СТУПЕНИ 1м=11,11",47.72,₽/шт,,,
КАЛАКАТТА св.сер П 60*15 КГ подступенок,147.46,₽/шт,,,
МАЙКЛ ДЖЕКСОН Декор панно 1600*500 (компл),3288.56,₽/шт,,,
"НЬЮ-ЙОРК Декор 1 60*30,029 панно",691.85,₽/шт,,,
"Насос ""Grundfos"" UPS 20-40 130 циркулярный",9427.34,₽/шт,,,
"Насос Grundfos"" SCALA2 3-45",75790.4,₽/шт,,,
"Канализац. установка ""SFA"" SANICONDENS PRO",7928.5,₽/шт,,,
"Канализац. установка"" Grundfos"" SOLOLIFT2 WC-3",65730.8,₽/шт,,,
"Сифон для ванны ""WIRQUIN"" 30718058 (SW1200)",252.5,₽/шт,,,
Talentofill Сифон для ванны п/авт б/верх. монт. час,23833.98,₽/шт,,,
"Сифон для умыв ""WIRQUIN"" 40 (SM2000) б/выпуска",65.65,₽/шт,,,
"Сифон для умыв ""GROHE"" 1 1/4*32 без выпуска",43459.29,₽/шт,,,
"Сифон для мойки ""WIRQUIN"" 40 30718024 (SM1100)",171.7,₽/шт,,,
"Сифон для мойки ""ORIO"" 3 1/2 двойной",1717,₽/шт,,,
"Сифон для поддона ""ORIO"" пласт вып 1 1/2*40 А-7258",156.55,₽/шт,,,
"Сифон для поддона ""ORIO"" 1 1/2*40 с гофрой 40*40-50",1247.35,₽/шт,,,
"Сифон для стир. маш. МИНИ ""ORIO"" бел",291.89,₽/шт,,,
"ГОФРА ""ORIO"" 1 1/2 на 32 АС-10172",70.7,₽/шт,,,
"ГИБКАЯ ТРУБА ""ORIO"" 40 на 40-50 L 370",62.62,₽/шт,,,
"Перелив ""WIRQUIN"" d70 30718007 (PS7000)",97.97,₽/шт,,,
"Сливной вентиль ""GROHE"" 1 1/4 Квик-клак 65807AL0 тем. графит",11276.65,₽/шт,,,
"Трап пласт 50 верт решетка нерж. 10*10 ""Татполимер"" ТП-100.50-100VSHs",431.27,₽/шт,,,
Трап чугунный 100 гор (кругл.) ПрофПолимерМетал,4040,₽/шт,,,
"Трап-канал ""HAIBA"" HB94400 400 нерж. сатин",4252.1,₽/шт,,,
"Трап-канал ""WIRQUIN"" 900 Венеция",13877.4,₽/шт,,,
Кран шаровый 1/2 гг бантик никелиров. LD Pride,313.1,₽/шт,,,
Кран шаровый 2 гш ручка никелиров. LD Pride,352.49,₽/шт,,,
"Вентиль 1 15Б1п ""AQUALINK""",699.93,₽/шт,,,
Вентиль 1 1/4 чуг фланцевый,242.4,₽/шт,,,
"Счетчик 15 ""НОРМА"" СВКМ-15 (СВК) универсальный",722.15,₽/шт,,,
"Счетчик 50 ""НОРМА"" универсальный многоструйный",11104.95,₽/шт,,,
"Люк чугунный ЛУ (А30) ""Универсал""",7221.5,₽/шт,,,
Люк Дождеприемник чугун магистрал. ГОСТ 3634-2019,13130,₽/шт,,,
"Люк ""Л"" легкий D460 (А15) коричневый полимерно-композитный",616.1,₽/шт,,,
"Люк ""Т"" тяжелый черный полимерно-композитный D800",3888.5,₽/шт,,,
Емкость для воды 100л для душа SHOWER100 чер СТЕРХ,3348.15,₽/шт,,,
Емкость для воды 15000л кругл. верт. син.,208039.8,₽/шт,,,
"Ниппель для ёмкости 3/4"" с резьбой",52.52,₽/шт,,,
"Клапан поплавковый 1"" АНИОН",4773.26,₽/шт,,,
"Сушилка для рук Puff-8814 бел 0,8 кВт",2004.85,₽/шт,,,
"Сушилка для рук Puff-8899 хром мат нерж. 1,65 кВт",50056.61,₽/шт,,,
"Мыло-пена 0,800л 50.09.02 S3 ""Tork""",1007.98,₽/шт,,,
"Диспенсер д/т бум Мini ""Tork"" T2",6060,₽/шт,,,
"Крючок двойной ""CORSO""",171.7,₽/шт,,,
"АЛЛЮР Полотенцедержатель ""GROHE""",41196.89,₽/шт,,,
Мыльница белая - 1,36.36,₽/шт,,,
"ALLURE BRILLIANT Дозатор мыла с держат. ""GROHE""",139380,₽/шт,,,
"Стакан ""HAIBA""",121.2,₽/шт,,,
"ALLURE BRILLIANT стакан с держат. ""GROHE""",49490,₽/шт,,,
"Бумагодержатель хром ""HAIBA""",609.03,₽/шт,,,
"ALLURE BRILLIANT держатель бумаги ""GROHE""",38927.42,₽/шт,,,
"Ёрш туалетный чаша без креп. ""HAIBA""",282.8,₽/шт,,,
АЛЛЮР Ёрш туалетный подвесной ГРОЕ,40665.63,₽/шт,,,
"Насадка для ерша (запасная) ""HAIBA""",111.1,₽/шт,,,
GROHE ALLURE BRILLIANT Полочка с мыльницей,58818.36,₽/шт,,,
Силикон RX Formula 280мл санитарный б/цв,393.9,₽/шт,,,
Силикон RX Formula 280мл санитарный серый,388.85,₽/шт,,,
"Лента ФУМ 19мм*15м*0,2мм AQUALINK",62.62,₽/шт,,,
Комплект паста 270гр. (РУС) 04042 AQUAFLAX NANO,505,₽/шт,,,
"Хомут 50 пластик с защелкой ""КОНТУР""",14.24,₽/шт,,,
Хомут 150 металлический с резиной,496.92,₽/шт,,,
ПП Опора для труб 63 пласт. FUSITEK,25.25,₽/шт,,,
ПП Опора для труб 110 пласт. с лентой TUBEX,91.2,₽/шт,,,
"Соединитель д/слив. шланг. ""ОРИО""",14.14,₽/шт,,,
"Шланг для стир. машины 400 сливной ""ORIO"" в инд. упак.",262.6,₽/шт,,,
"Шланг для стир. машины 100 заливной ""MONOFLEX""",133.32,₽/шт,,,
"Шланг для стир. машины 500 заливной ""MONOFLEX""",292.9,₽/шт,,,
Подводка ПВХ 80 ELITELINE 1/2гг жёлтая газовая,177.76,₽/шт,,,
"Подводка ПВХ 200 ""MONOFLEX"" 1/2 вн/вн в инд. упак. газовая",486.82,₽/шт,,,
"Алюминиевый лист 1,5*1500*3000",0,₽/шт,По запросу,,Донской аллюминий 
"Алюминиевый лист 1,5*1200*3000",0,₽/шт,По запросу,,Донской аллюминий 
Лист КВИНТЕТ=4*1200*3000 риф.,0,₽/шт,По запросу,,Донской аллюминий 
Лист КВИНТЕТ=3*1500*3000 риф.,0,₽/шт,По запросу,,Донской аллюминий 
Лист КВИНТЕТ=3*1200*3000 риф.,0,₽/шт,По запросу,,Донской аллюминий 
Лист КВИНТЕТ =2*1500*3000 риф.,0,₽/шт,По запросу,,Донской аллюминий 
"Лист КВИНТЕТ =1,5*1500*3000 риф.",0,₽/шт,По запросу,,Донской аллюминий 
"Лист КВИНТЕТ =1,5*1200*3000 риф.",0,₽/шт,По запросу,,Донской аллюминий 
"Лист КВИНТЕТ 1,2*1500*3000 риф.",0,₽/шт,По запросу,,Донской аллюминий 
"Лист КВИНТЕТ 1,2*1200*3000 риф.",0,₽/шт,По запросу,,Донской аллюминий 
Алюминиевый лист 2*1200*3000 ,0,₽/шт,По запросу,,Донской аллюминий 
Лист АМЦМ 10*1500*930,0,₽/шт,По запросу,,Донской аллюминий 
Алюминиевый лист 10*1500*930,0,₽/шт,По запросу,,Донской аллюминий 
"Алюминиевый лист 1,5*1200*3000",0,₽/шт,По запросу,,Донской аллюминий 
Алюминиевый лист 10*1500*4000,0,₽/шт,По запросу,,Донской аллюминий 
Алюминиевый лист 10*1360*430,0,₽/шт,По запросу,,Донской аллюминий 
Алюминиевый лист 4*1200*3000,0,₽/шт,По запросу,,Донской аллюминий 
Алюминиевый лист 3*1500*4000,0,₽/шт,По запросу,,Донской аллюминий 
Алюминиевый лист 3*1500*3000,0,₽/шт,По запросу,,Донской аллюминий 
Алюминиевый лист 3*1200*3000,0,₽/шт,По запросу,,Донской аллюминий 
Алюминиевый лист 2*1500*4000,0,₽/шт,По запросу,,Донской аллюминий 
Алюминиевый лист 2*1500*3000,0,₽/шт,По запросу,,Донской аллюминий 
Алюминиевый лист 2*1200*3000,0,₽/шт,По запросу,,Донской аллюминий 
"Алюминиевый лист 1,5*1200*3000",0,₽/шт,По запросу,,Донской аллюминий 
Алюминиевый лист 1*1200*3000,0,₽/шт,По запросу,,
Алюминиевый лист 1*1200*3000,0,₽/шт,По запросу,,Донской аллюминий 
Алюминиевый лист 2*1200*3000,0,₽/шт,По запросу,,Донской аллюминий 
Алюминиевый лист 1*1200*3000,0,₽/шт,По запросу,,Донской аллюминий 
"Алюминиевый лист 0,5*1200*3000",0,₽/шт,По запросу,,Донской аллюминий 
Уголок алюминиевый  160*40*3*6000,715.5,₽/кг,,,Донской аллюминий 
Уголок алюминиевый 150*40*3*6000,715.5,₽/кг,,,Донской аллюминий 
Уголок алюминиевый 120*40*3*6000,715.5,₽/кг,,,Донской аллюминий 
Уголок алюминиевый 100*100*6*6000,715.5,₽/кг,,,Донской аллюминий 
Уголок алюминиевый  100*100*3*6000,715.5,₽/кг,,,Донской аллюминий 
Уголок алюминиевый 100*50*5*6000,715.5,₽/кг,,,Донской аллюминий 
Уголок алюминиевый 100*40*3*6000,715.5,₽/кг,,,Донской аллюминий 
"Уголок алюминиевый  80*30*1,5*6000",715.5,₽/кг,,,Донской аллюминий 
Уголок алюминиевый 80*40*3*6000,715.5,₽/кг,,,Донской аллюминий 
"Уголок алюминиевый 70*70*2,5*6000",715.5,₽/кг,,,Донской аллюминий 
Уголок алюминиевый  60*60*3*6000,715.5,₽/кг,,,Донской аллюминий 
Уголок алюминиевый  60*40*4*6000,715.5,₽/кг,,,Донской аллюминий 
"Уголок алюминиевый 60*40*1,4*6000",715.5,₽/кг,,,Донской аллюминий 
"Уголок алюминиевый  60*40*1,8*6000",715.5,₽/кг,,,Донской аллюминий 
Уголок алюминиевый  50*50*4*6000,715.5,₽/кг,,,Донской аллюминий 
Уголок алюминиевый  50*50*3*6000,715.5,₽/кг,,,Донской аллюминий 
Уголок алюминиевый 50*50*2*6000,715.5,₽/кг,,,Донской аллюминий 
"Уголок алюминиевый  50*50*1,5*6000",715.5,₽/кг,,,Донской аллюминий 
Уголок алюминиевый 50*30*3*6000,715.5,₽/кг,,,Донской аллюминий 
Уголок алюминиевый  50*30*2*6000,715.5,₽/кг,,,Донской аллюминий 
Уголок алюминиевый  50*20*2*6000,715.5,₽/кг,,,Донской аллюминий 
"Уголок алюминиевый 45*45*1,8*6000",715.5,₽/кг,,,Донской аллюминий 
Уголок алюминиевый  40*40*2*6000,715.5,₽/кг,,,Донской аллюминий 
"Уголок алюминиевый 40*40*1,8*6000",715.5,₽/кг,,,Донской аллюминий 
"Уголок алюминиевый 40*40*1,5*6000",715.5,₽/кг,,,Донской аллюминий 
"Уголок алюминиевый 40*40*1,4*6000",715.5,₽/кг,,,Донской аллюминий 
Уголок алюминиевый 40*20*2*6000,715.5,₽/кг,,,Донской аллюминий 
"Уголок алюминиевый 40*20*1,5*6000",715.5,₽/кг,,,Донской аллюминий 
"Уголок алюминиевый 40*20*1,4*6000",715.5,₽/кг,,,Донской аллюминий 
Уголок алюминиевый  60*60*2*6000,715.5,₽/кг,,,Донской аллюминий 
"Уголок алюминиевый 40*15*1,2*6000 ",656.5,₽/кг,,,Донской аллюминий 
"Уголок алюминиевый 40*15*1,2*6000",715.5,₽/кг,,,Донской аллюминий 
Уголок алюминиевый  35*35*3*6000,715.5,₽/кг,,,Донской аллюминий 
Уголок алюминиевый  30*30*3*6000,715.5,₽/кг,,,Донской аллюминий 
Уголок алюминиевый  35*35*2*6000,715.5,₽/кг,,,Донской аллюминий 
"Уголок алюминиевый  35*35*1,5*6000",715.5,₽/кг,,,Донской аллюминий 
Уголок алюминиевый  30*30*2*6000 ,656.5,₽/кг,,,Донской аллюминий 
Уголок алюминиевый  30*30*2*6000,715.5,₽/кг,,,Донской аллюминий 
"Уголок алюминиевый 30*30*1,5*6000",715.5,₽/кг,,,Донской аллюминий 
"Уголок алюминиевый  30*30*1,2*6000",715.5,₽/кг,,,Донской аллюминий 
Уголок алюминиевый  30*20*2*6000,715.5,₽/кг,,,Донской аллюминий 
"Уголок алюминиевый  30*20*1,5*6000",715.5,₽/кг,,,Донской аллюминий 
"Уголок алюминиевый 30*15*1,5*6000",715.5,₽/кг,,,Донской аллюминий 
Уголок алюминиевый  25*25*2*6000,715.5,₽/кг,,,Донской аллюминий 
"Уголок алюминиевый  25*25*1,5*6000",715.5,₽/кг,,,Донской аллюминий 
"Уголок алюминиевый 25*25*1,2*6000",715.5,₽/кг,,,Донской аллюминий 
Уголок алюминиевый 20*20*2*6000,715.5,₽/кг,,,Донской аллюминий 
"Уголок алюминиевый 20*20*1,5*6000",715.5,₽/кг,,,Донской аллюминий 
"Уголок алюминиевый 20*20*1,2*6000",715.5,₽/кг,,,Донской аллюминий 
Уголок алюминиевый  20*20*1*6000,715.5,₽/кг,,,Донской аллюминий 
"Уголок алюминиевый  20*10*1,2*6000",715.5,₽/кг,,,Донской аллюминий 
Уголок алюминиевый 10*15*2*6000,715.5,₽/кг,,,Донской аллюминий 
"Уголок алюминиевый 15*15*1,5*6000",715.5,₽/кг,,,Донской аллюминий 
"Уголок алюминиевый 15*15*1,2*6000",715.5,₽/кг,,,Донской аллюминий 
"Уголок алюминиевый 10*10*1,2*6000",715.5,₽/кг,,,Донской аллюминий 
"Бокс алюминиевый 150*40*2,5*6000",715.5,₽/кг,,,Донской аллюминий 
Бокс алюминиевый 120*60*4*6000,715.5,₽/кг,,,Донской аллюминий 
Бокс алюминиевый 120*50*2*6000,715.5,₽/кг,,,Донской аллюминий 
Бокс алюминиевый 120*20*2*6000,715.5,₽/кг,,,Донской аллюминий 
Бокс алюминиевый 100*40*4*6000,2050,₽/пог. м,,,Донской аллюминий 
Бокс алюминиевый 100*100*3*6000,715.5,₽/кг,,,Донской аллюминий 
Бокс алюминиевый 100*100*2*6000,715.5,₽/кг,,,Донской аллюминий 
Бокс алюминиевый 100*50*4*6000,715.5,₽/кг,,,Донской аллюминий 
Бокс алюминиевый 100*50*2*6000,715.5,₽/кг,,,Донской аллюминий 
Бокс алюминиевый 100*20*2*6000,715.5,₽/кг,,,Донской аллюминий 
Бокс алюминиевый 100*30*2*6000,715.5,₽/кг,,,Донской аллюминий 
Бокс алюминиевый 100*25*3*6000,715.5,₽/кг,,,Донской аллюминий 
Бокс алюминиевый 80*50*4*6000,715.5,₽/кг,,,Донской аллюминий 
Бокс алюминиевый 80*40*4*6000,715.5,₽/кг,,,Донской аллюминий 
Бокс алюминиевый 80*40*3*6000,715.5,₽/кг,,,Донской аллюминий 
Бокс алюминиевый 80*40*2*6000,715.5,₽/кг,,,Донской аллюминий 
Бокс алюминиевый 80*30*2*6000,715.5,₽/кг,,,Донской аллюминий 
Бокс алюминиевый 80*20*2*6000 ,656.5,₽/кг,,,Донской аллюминий 
Бокс алюминиевый 80*20*2*6000,715.5,₽/кг,,,Донской аллюминий 
Бокс алюминиевый 60*60*4*6000,715.5,₽/кг,,,Донской аллюминий 
Бокс алюминиевый 60*60*3*6000,715.5,₽/кг,,,Донской аллюминий 
Бокс алюминиевый 60*60*2*6000,715.5,₽/кг,,,Донской аллюминий 
"Бокс алюминиевый 60*60*1,2*6000",715.5,₽/кг,,,Донской аллюминий 
Бокс алюминиевый 60*40*3*6000,715.5,₽/кг,,,Донской аллюминий 
Бокс алюминиевый 60*40*2*6000,715.5,₽/кг,,,Донской аллюминий 
Бокс алюминиевый 60*30*2*6000,715.5,₽/кг,,,Донской аллюминий 
Бокс алюминиевый 60*25*2*6000,715.5,₽/кг,,,Донской аллюминий 
Бокс алюминиевый 60*20*2*6000,715.5,₽/кг,,,Донской аллюминий 
Бокс алюминиевый 50*50*3*6000,715.5,₽/кг,,,Донской аллюминий 
Бокс алюминиевый 50*50*2*6000,715.5,₽/кг,,,Донской аллюминий 
"Бокс алюминиевый 50*50*1,5*6000",715.5,₽/кг,,,Донской аллюминий 
Бокс алюминиевый 50*40*2*6000,715.5,₽/кг,,,Донской аллюминий 
Бокс алюминиевый 50*30*2*6000,715.5,₽/кг,,,Донской аллюминий 
Бокс алюминиевый 40*40*3*6000,715.5,₽/кг,,,Донской аллюминий 
Бокс алюминиевый 40*40*2*6000,715.5,₽/кг,,,Донской аллюминий 
Бокс алюминиевый 40*30*2*6000,715.5,₽/кг,,,Донской аллюминий 
Бокс алюминиевый 40*25*2*6000,715.5,₽/кг,,,Донской аллюминий 
"Бокс алюминиевый 40*25*1,5*6000",715.5,₽/кг,,,Донской аллюминий 
"Бокс алюминиевый 40*40*1,5*6000",715.5,₽/кг,,,Донской аллюминий 
Бокс алюминиевый 40*20*3*6000,715.5,₽/кг,,,Донской аллюминий 
Бокс алюминиевый 40*20*2*6000,715.5,₽/кг,,,Донской аллюминий 
"Бокс алюминиевый 40*20*1,5*6000",715.5,₽/кг,,,Донской аллюминий 
Бокс алюминиевый 35*35*2*6000,715.5,₽/кг,,,Донской аллюминий 
Бокс алюминиевый 30*30*3*6000,715.5,₽/кг,,,Донской аллюминий 
Бокс алюминиевый 30*30*2*6000,715.5,₽/кг,,,Донской аллюминий 
"Бокс алюминиевый 30*30*1,5*6000",715.5,₽/кг,,,Донской аллюминий 
Бокс алюминиевый 30*20*2*6000,715.5,₽/кг,,,Донской аллюминий 
Бокс алюминиевый 25*25*2*6000,715.5,₽/кг,,,Донской аллюминий 
"Бокс алюминиевый 25*25*1,5*6000",715.5,₽/кг,,,Донской аллюминий 
Бокс алюминиевый 20*20*2*6000,715.5,₽/кг,,,Донской аллюминий 
"Бокс алюминиевый 20*20*1,5*6000",715.5,₽/кг,,,Донской аллюминий 
"Бокс алюминиевый 20*10*1,5*6000",715.5,₽/кг,,,Донской аллюминий 
"Бокс алюминиевый 15*30*1,5*6000",715.5,₽/кг,,,Донской аллюминий 
Бокс алюминиевый 15*15*2*6000,715.5,₽/кг,,,Донской аллюминий 
"Бокс алюминиевый 15*15*1,5*6000",715.5,₽/кг,,,Донской аллюминий 
"Бокс алюминиевый 12*12*1,2*6000",715.5,₽/кг,,,Донской аллюминий 
Бокс алюминиевый 10*10*1*6000,715.5,₽/кг,,,Донской аллюминий 
"Тавр 100*54*1,8*6000",715.5,₽/кг,,,Донской аллюминий 
"Тавр 50*70*1,7*6000  ",656.5,₽/кг,,,Донской аллюминий 
"Тавр 50*70*1,7*6000",715.5,₽/кг,,,Донской аллюминий 
"Тавр 50*70*1,5*6000",715.5,₽/кг,,,Донской аллюминий 
Тавр 50*70*2*6000,715.5,₽/кг,,,Донской аллюминий 
"Тавр 50*60*1,7*6000",715.5,₽/кг,,,Донской аллюминий 
"Тавр 60*35*1,5*6000",715.5,₽/кг,,,Донской аллюминий 
Тавр 60*60*3*6000,715.5,₽/кг,,,Донской аллюминий 
Тавр 15*20*2*6000,715.5,₽/кг,,,Донской аллюминий 
Тавр 50*25*2*6000,715.5,₽/кг,,,Донской аллюминий 
Тавр 30*30*2*6000,715.5,₽/кг,,,Донской аллюминий 
"Тавр 30*20*1,5*6000",715.5,₽/кг,,,Донской аллюминий 
Тавр 15*15*2*6000,715.5,₽/кг,,,Донской аллюминий 
"Двутавр 20*30*30*1,5*6000",715.5,₽/кг,,,Донской аллюминий 
"Двутавр 8*25*25*1,5*6000",715.5,₽/кг,,,Донской аллюминий 
"Двутавр 13*18*18*1,5*6000",715.5,₽/кг,,,Донской аллюминий 
Швеллер алюминиевый 60*130*60*5*6000,715.5,₽/кг,,,Донской аллюминий 
Швеллер алюминиевый 50*100*50*5*6000  ,656.5,₽/кг,,,Донской аллюминий 
Швеллер алюминиевый 50*100*50*5*6000,715.5,₽/кг,,,Донской аллюминий 
Швеллер алюминиевый 40*80*40*4*6000,715.5,₽/кг,,,Донской аллюминий 
Швеллер алюминиевый 40*60*40*5*6000,715.5,₽/кг,,,Донской аллюминий 
Швеллер алюминиевый 12*15*15*2*6000,715.5,₽/кг,,,Донской аллюминий 
"Швеллер алюминиевый 13*13*13*1,5*6000",715.5,₽/кг,,,Донской аллюминий 
"Швеллер алюминиевый 15*15*15*1,5*6000",715.5,₽/кг,,,Донской аллюминий 
"Швеллер алюминиевый 15*20*15*1,5*6000",715.5,₽/кг,,,Донской аллюминий 
Швеллер алюминиевый 20*20*20*2*6000,715.5,₽/кг,,,Донской аллюминий 
"Швеллер алюминиевый 20*20*20*1,5*6000",715.5,₽/кг,,,Донской аллюминий 
Швеллер алюминиевый 20*25*20*2*6000,715.5,₽/кг,,,Донской аллюминий 
Швеллер алюминиевый 20*36*20*2*6000,715.5,₽/кг,,,Донской аллюминий 
Швеллер алюминиевый 25*25*25*2*6000,715.5,₽/кг,,,Донской аллюминий 
"Швеллер алюминиевый 25*40*25*1,5*6000",715.5,₽/кг,,,Донской аллюминий 
Швеллер алюминиевый 25*50*25*2*6000,715.5,₽/кг,,,Донской аллюминий 
Швеллер алюминиевый 25*60*25*4*6000,715.5,₽/кг,,,Донской аллюминий 
"Швеллер алюминиевый 30*30*30*1,5*6000",715.5,₽/кг,,,Донской аллюминий 
Швеллер алюминиевый 30*30*30*3*6000,715.5,₽/кг,,,Донской аллюминий 
Швеллер алюминиевый 30*50*30*2*6000,715.5,₽/кг,,,Донской аллюминий 
Швеллер алюминиевый 40*40*40*3*3000,715.5,₽/кг,,,Донской аллюминий 
Швеллер алюминиевый 40*60*40*3*3000,715.5,₽/кг,,,Донской аллюминий 
"Швеллер алюминиевый 15*10*10*1,2*6000",715.5,₽/кг,,,Донской аллюминий 
"Швеллер алюминиевый 10*10*10*1,5*6000",715.5,₽/кг,,,Донской аллюминий 
Швеллер алюминиевый 8*8*8*1*6000,715.5,₽/кг,,,Донской аллюминий 
Швеллер алюминиевый 6*6*6*1*6000,715.5,₽/кг,,,Донской аллюминий 
Труба алюминиевая  ф80*3*3000,715.5,₽/кг,,,Донской аллюминий 
Труба алюминиевая  ф60*3*6000,715.5,₽/кг,,,Донской аллюминий 
Труба алюминиевая  ф50*3*6000,715.5,₽/кг,,,Донской аллюминий 
"Труба алюминиевая ф50*1,5*6000",715.5,₽/кг,,,Донской аллюминий 
"Труба алюминиевая ф45*2,5*6000",715.5,₽/кг,,,Донской аллюминий 
Труба алюминиевая  ф45*2*6000,715.5,₽/кг,,,Донской аллюминий 
Труба алюминиевая  ф40*2*6000,715.5,₽/кг,,,Донской аллюминий 
Труба алюминиевая  ф32*2*6000,715.5,₽/кг,,,Донской аллюминий 
"Труба алюминиевая  ф32*1,5*6000",715.5,₽/кг,,,Донской аллюминий 
Труба алюминиевая  ф32*1*6000,715.5,₽/кг,,,Донской аллюминий 
"Труба алюминиевая  ф30*2,5*6000",715.5,₽/кг,,,Донской аллюминий 
Труба алюминиевая  ф30*2*6000,715.5,₽/кг,,,Донской аллюминий 
Труба алюминиевая  ф28*1*6000,715.5,₽/кг,,,Донской аллюминий 
Труба алюминиевая  ф25*2*6000,715.5,₽/кг,,,Донской аллюминий 
"Труба алюминиевая  ф25*1,5*6000",715.5,₽/кг,,,Донской аллюминий 
Труба алюминиевая  ф25*1*6000,715.5,₽/кг,,,Донской аллюминий 
"Труба алюминиевая  ф22*1,5*6000",715.5,₽/кг,,,Донской аллюминий 
"Труба алюминиевая  ф22*1,2*6000",715.5,₽/кг,,,Донской аллюминий 
Труба алюминиевая  ф22*1*6000,715.5,₽/кг,,,Донской аллюминий 
Труба алюминиевая  ф20*4*6000,715.5,₽/кг,,,Донской аллюминий 
Труба алюминиевая  ф20*2*6000,715.5,₽/кг,,,Донской аллюминий 
"Труба алюминиевая  ф20*1,5*6000",715.5,₽/кг,,,Донской аллюминий 
Труба алюминиевая  ф20*1*6000,715.5,₽/кг,,,Донской аллюминий 
"Труба алюминиевая  ф18*1,5*6000",715.5,₽/кг,,,Донской аллюминий 
"Труба алюминиевая  ф18*1,2*6000",715.5,₽/кг,,,Донской аллюминий 
Труба алюминиевая  ф18*1*6000,715.5,₽/кг,,,Донской аллюминий 
"Труба алюминиевая  ф16*3,8*6000",715.5,₽/кг,,,Донской аллюминий 
"Труба алюминиевая  ф16*1,5*3000",715.5,₽/кг,,,Донской аллюминий 
"Труба алюминиевая  ф16*1,2*6000",715.5,₽/кг,,,Донской аллюминий 
Труба алюминиевая  ф16*1*6000,715.5,₽/кг,,,Донской аллюминий 
"Труба алюминиевая  ф14*1,2*6000",715.5,₽/кг,,,Донской аллюминий 
Труба алюминиевая  ф14*1*6000,715.5,₽/кг,,,Донской аллюминий 
Труба алюминиевая  ф12*1*6000,715.5,₽/кг,,,Донской аллюминий 
Труба алюминиевая  ф10*2*6000,715.5,₽/кг,,,Донской аллюминий 
Труба алюминиевая  ф10*1*6000,715.5,₽/кг,,,Донской аллюминий 
Труба алюминиевая ф8*1*6000,715.5,₽/кг,,,Донской аллюминий 
Шина алюминиевая 12*100*4000,715.5,₽/кг,,,Донской аллюминий 
Шина алюминиевая 10*80*4000 ,656.5,₽/кг,,,Донской аллюминий 
Шина алюминиевая 10*80*4000,715.5,₽/кг,,,Донской аллюминий 
Шина алюминиевая 10*60*4000,715.5,₽/кг,,,Донской аллюминий 
Шина алюминиевая 10*50*4000,715.5,₽/кг,,,Донской аллюминий 
Шина алюминиевая 8*50*4000,715.5,₽/кг,,,Донской аллюминий 
Шина алюминиевая 10*40*4000,715.5,₽/кг,,,Донской аллюминий 
Шина алюминиевая 8*60*4000,715.5,₽/кг,,,Донской аллюминий 
Шина алюминиевая 8*80*4000,715.5,₽/кг,,,Донской аллюминий 
Шина алюминиевая 10*100*4000,715.5,₽/кг,,,Донской аллюминий 
Шина алюминиевая 10*120*4000,715.5,₽/кг,,,Донской аллюминий 
Шина алюминиевая 10*30*4000,715.5,₽/кг,,,Донской аллюминий 
Шина алюминиевая 8*40*4000,656.5,₽/кг,,,Донской аллюминий 
Шина алюминиевая 8*40*4000,715.5,₽/кг,,,Донской аллюминий 
Шина алюминиевая 8*100*4000,715.5,₽/кг,,,Донской аллюминий 
Шина алюминиевая 6*80*4000,715.5,₽/кг,,,Донской аллюминий 
Шина алюминиевая 6*60*4000,715.5,₽/кг,,,Донской аллюминий 
Шина алюминиевая 6*50*4000,715.5,₽/кг,,,Донской аллюминий 
Шина алюминиевая 6*40*4000,715.5,₽/кг,,,Донской аллюминий 
Шина алюминиевая 6*30*4000,715.5,₽/кг,,,Донской аллюминий 
Шина алюминиевая 6*20*4000,715.5,₽/кг,,,Донской аллюминий 
Шина алюминиевая 6*100*4000,715.5,₽/кг,,,Донской аллюминий 
Шина алюминиевая 5*80*4000,715.5,₽/кг,,,Донской аллюминий 
Шина алюминиевая 5*60*4000,715.5,₽/кг,,,Донской аллюминий 
Шина алюминиевая 5*50*4000,715.5,₽/кг,,,Донской аллюминий 
Шина алюминиевая 5*40*4000,715.5,₽/кг,,,Донской аллюминий 
Шина алюминиевая 5*100*6000,715.5,₽/кг,,,Донской аллюминий 
Шина алюминиевая 4*60*4000 ,656.5,₽/кг,,,Донской аллюминий 
Шина алюминиевая 4*60*4000,715.5,₽/кг,,,Донской аллюминий 
Шина алюминиевая 4*50*4000,715.5,₽/кг,,,Донской аллюминий 
Шина алюминиевая 4*40*4000,715.5,₽/кг,,,Донской аллюминий 
Шина алюминиевая 4*30*6000,715.5,₽/кг,,,Донской аллюминий 
Шина алюминиевая 4*25*4000,715.5,₽/кг,,,Донской аллюминий 
Шина алюминиевая 4*20*4000,715.5,₽/кг,,,Донской аллюминий 
Шина алюминиевая 3*50*4000,715.5,₽/кг,,,Донской аллюминий 
Шина алюминиевая 3*40*4000,715.5,₽/кг,,,Донской аллюминий 
Шина алюминиевая 3*30*6000,715.5,₽/кг,,,Донской аллюминий 
Шина алюминиевая 3*25*6000,715.5,₽/кг,,,Донской аллюминий 
Шина алюминиевая 3*20*6000,715.5,₽/кг,,,Донской аллюминий 
Шина алюминиевая 3*15*6000,715.5,₽/кг,,,Донской аллюминий 
Шина алюминиевая 2*50*6000,715.5,₽/кг,,,Донской аллюминий 
Шина алюминиевая 2*40*6000,715.5,₽/кг,,,Донской аллюминий 
Шина алюминиевая 2*30*6000,715.5,₽/кг,,,Донской аллюминий 
Шина алюминиевая 2*25*6000,715.5,₽/кг,,,Донской аллюминий 
Шина алюминиевая 2*20*6000,715.5,₽/кг,,,Донской аллюминий 
Шина алюминиевая 2*15*6000,715.5,₽/кг,,,Донской аллюминий 
Шина алюминиевая 2*12*6000,715.5,₽/кг,,,Донской аллюминий 
Салазка под Тавр (500 в мешке),0,₽/шт,По запросу,,Донской аллюминий 
Кляммер Вертикальный,0,₽/шт,По запросу,,Донской аллюминий 
Икля РЮМКА (2000 в меш),0,₽/шт,По запросу,,Донской аллюминий 
Икля ТАВР (2000 в меш),0,₽/шт,По запросу,,
Прокладка паронитовая 140*40*4 (500 шт),0,₽/шт,По запросу,,Донской аллюминий 
Прокладка паронитовая 70*40*4 (1000 шт),0,₽/шт,По запросу,,Донской аллюминий 
Удлинитель на Кронштейн 70*110 (250 шт),0,₽/шт,По запросу,,Донской аллюминий 
Удлинитель на Кронштейн 140*110 (150 шт),0,₽/шт,По запросу,,Донской аллюминий 
Шайба 25*30*2 VIO.910,0,₽/шт,По запросу,,Донской аллюминий 
Угловой усилитель на кассету (2000 в меш),0,₽/шт,По запросу,,Донской аллюминий 
Кронштейн 205*140*40*3  (100 в мешке),0,₽/шт,По запросу,,Донской аллюминий 
Кронштейн 205*70*40*3  (150 в мешке),0,₽/шт,По запросу,,Донской аллюминий 
Кронштейн 180*70*40*3 (150 в мешке),0,₽/шт,По запросу,,Донской аллюминий 
Кронштейн 160*140*40*3,0,₽/шт,По запросу,,Донской аллюминий 
Кронштейн 150*70*40*3,0,₽/шт,По запросу,,Донской аллюминий 
Кронштейн 150*140*40*3,0,₽/шт,По запросу,,Донской аллюминий 
Кронштейн 120*140*40*3,0,₽/шт,По запросу,,Донской аллюминий 
Кронштейн 120*70*40*3,0,₽/шт,По запросу,,Донской аллюминий 
Кронштейн 100*140*40*3,0,₽/шт,По запросу,,Донской аллюминий 
Кронштейн 100*70*40*3,0,₽/шт,По запросу,,Донской аллюминий 
Кронштейн 80*140*40*3,0,₽/шт,По запросу,,Донской аллюминий 
Кронштейн 80*70*40*3,0,₽/шт,По запросу,,Донской аллюминий 
Кронштейн 60*140*40*3 без язычка,0,₽/шт,По запросу,,Донской аллюминий 
Кронштейн 60*70*40*3 без язычка,0,₽/шт,По запросу,,Донской аллюминий 
Панель композитная «Летиция» ,1181.7,₽/шт,,,Регул
Панель композитная «Берта»,1181.7,₽/шт,,,Регул
Панель композитная «Санта»,1181.7,₽/шт,,,Регул
Панель композитная «Петра»,1181.7,₽/шт,,,Регул
Панель композитная «Изабелла»,1181.7,₽/шт,,,Регул
Панель композитная «Моника» ,1181.7,₽/шт,,,Регул
Панель композитная «Агата»,1181.7,₽/шт,,,Регул
Панель Верде,161,₽/шт,,,Регул
Панель Шторм,161,₽/шт,,,Регул
Панель Бруно,161,₽/шт,,,Регул
Панель Альпи,161,₽/шт,,,Регул
Панель Крема,161,₽/шт,,,Регул
Камень Сумерки,235.08,₽/шт,,,Регул
Плитка Нова,235.08,₽/шт,,,Регул
Плитка Ваниль,235.08,₽/шт,,,Регул
Мозаика Геометриум,235.08,₽/шт,,,Регул
Дерево «Лабиринт»,235.08,₽/шт,,,Регул
Бруски Монтана,235.08,₽/шт,,,Регул
Штукатурка Морано,235.08,₽/шт,,,Регул
Мозаика Перламутр,235.08,₽/шт,,,Регул
Кирпич Флагман,235.08,₽/шт,,,Регул
Плитка «Каменная»,235.08,₽/шт,,,Регул
Рейка «Виво»,374.71,₽/шт,,,Регул
Мозаика «Золотая клетка»,374.71,₽/шт,,,Регул
Кирпич «Серая скала»,374.71,₽/шт,,,Регул
«Чешуя бирюза в золоте»,374.71,₽/шт,,,Регул
«Фрегат» шоколад,374.71,₽/шт,,,Регул
«Лагуна»,374.71,₽/шт,,,Регул
«Деревянная мозаика»,374.71,₽/шт,,,Регул
Плитка «Фоновая Гавайи»,190.89,₽/шт,,,Регул
Мозайка «Кристал Хром»,190.89,₽/шт,,,Регул
Мозаика «Малахитовый листок»,190.89,₽/шт,,,Регул
Кирпич «Ретро»,190.89,₽/шт,,,Регул
«Косичка Дуэт»,190.89,₽/шт,,,Регул
«Голубая роза»,190.89,₽/шт,,,Регул
«Амбарная доска»,190.89,₽/шт,,,Регул
Камень «Пиленый желтый»,170.69,₽/шт,,,Регул
Камень «Пластушка белая»,170.69,₽/шт,,,Регул
«Восточный орнамент бежевый»,170.69,₽/шт,,,Регул
«Бамбук Золотой»,170.69,₽/шт,,,Регул
Строительство домов под ключ в Ростове-на-Дону,50000,₽/кв.м,,,
Устройство сейсмопояса ,1515,₽/пог. м,,,
Монтаж стропильной системы ,505,₽/кв.м,,,
Монтаж контр-обрешётки ,202,₽/кв.м,,,
Выполнение ветро-гидро защиты ,101,₽/кв.м,,,
Оборудование паробарьера,101,₽/кв.м,,,
Утепление кровли ,303,₽/кв.м,,,
Основание под гибкую черепицу ,808,₽/кв.м,,,
Монтаж кровельного материала ,353.5,₽/кв.м,Металлочерепица,,
Монтаж кровельного материала ,353.5,₽/кв.м,Шифер,,
Монтаж кровельного материала ,505,₽/кв.м,Гибкая кровля 1 слой ,,
Монтаж кровельного материала ,808,₽/кв.м,Гибкая кровля 2 слоя,,
Оборудование водосточной системы ,1010,₽/пог. м,,,
Подшивка коробов и фронтонов ,1010,₽/кв.м,,,
Разработка грунта под фундамент ,808,₽/кв.м,,,
Устройство армированного каркаса ,808,₽/пог. м,,,
Монтаж опалубки ,1010,₽/кв.м,,,
Гидроизоляция основания фундамента ,151.5,₽/кв.м,,,
Литьё бетона,2525,₽/м.куб,,,
Демонтаж опалубки ,202,₽/кв.м,,,
"Кладка заборов , колонн , парапетов облицовочным кирпичом",90.9,₽/шт,Забор,,
"Кладка заборов , колонн , парапетов облицовочным кирпичом",121.2,₽/шт,Колонна,,
"Кладка заборов , колонн , парапетов облицовочным кирпичом",90.9,₽/шт,Парапет,,
Кладка стен из облицовочного кирпича ручной формовки ,151.5,₽/шт,Ручной (облицовочный),,
Кладка стен из облицовочного кирпича полношовная,60.6,₽/шт,Полношовная кладка(керамический),,
Кладка стен из облицовочного кирпича,45.45,₽/шт,Под шаблон (керамический),,
Кладка стен из облицовочного кирпича,60.6,₽/шт,Полношовная кладка(керамический),,
Кладка стен из облицовочного кирпича,151.5,₽/шт,Ручной (облицовочный),,
Кладка стен из отсевоблока (керамзитоблока),121.2,₽/шт,,,
Кладка стен из газоблока,121.2,₽/шт,Перегородки ,,
Кладка стен из газоблока,202,₽/шт,Несущие стены ,,
Кладка стен из забутовочного кирпича ,25.25,₽/шт,,,
Усиление проёмов ,1010,₽/пог. м,,,
Бетонирование столбов,1500,₽/шт,,,
Монтаж калитки и ворот (распашных),32500,₽/шт,,,
Обшивка проф. листом,1500,₽/пог. м,,,
Грунтовка и окрашивание каркаса забора ,350,₽/пог. м,,,
Монтаж горизонтальных поперечин,450,₽/пог. м,,,
Заливка ленты (с установкой стоевых),0,₽/м.куб,,,
Планировка грунта ,150,₽/кв.м,,,
Укладка геотекстиля ,100,₽/кв.м,,,
Создание дренажного слоя ,250,₽/кв.м,,,
Устройство бетонного основания ,650,₽/кв.м,,,
Монтаж поребриков  ,350,₽/пог. м,,,
Монтаж бордюров,550,₽/пог. м,,,
Монтаж бетонных водосточных лотков ,350,₽/пог. м,,,
Укладка тротуарной плитки ,800,₽/кв.м,,,
Подрезка плитки ,350,₽/пог. м,,,
"Газон ""Городской""",420.16,₽/кв.м,,,
"Газон ""Универсальный""",459.55,₽/кв.м,,,
"Газон ""Элитный""",525.2,₽/кв.м,,,
Кора лиственницы (6-10см),1150.01,₽/мешок,,,Белорусский лес
Кора лиственницы (2-6см),950.01,₽/мешок,,,Белорусский лес
Кора лиственницы (10-20см),1230.01,₽/мешок,,,Белорусский лес
Кора лиственницы (1-3см) ,570.01,₽/мешок,,,Белорусский лес
